role,leg,direction,grid_index,sequence_index,schedule_sequence_index,bias,t_start_unix,t_end_unix,t_mid_unix,dc_dmm,dc_board,I1,Q1,I2,Q2,rawadc_version,rawadc_scope,rawadc_expected,rawadc_used,rawadc_read_fail,rawadc_blocks,rawadc_complete,rawadc_timeout,rawadc_gain,rawadc_fs_uv,rawadc_guard,rawadc_crc,rawadc_ch0_min,rawadc_ch0_max,rawadc_ch0_rail_lo,rawadc_ch0_rail_hi,rawadc_ch0_guard_lo,rawadc_ch0_guard_hi,rawadc_windows
conditioning,-1,conditioning,-1,0,-1,-0.12962869048699482,1784223659.060124,1784223660.846282,1784223659.953203,1.3890456,1.2,0.409576,0.699271,-0.008195,0.012612,1,acq,7680,7680,0,6,True,False,1,1200000,8381618,False,-5646962,8388607,0,195,0,196,1
conditioning,-1,conditioning,-1,1,-1,-0.25925738097398965,1784223660.8471591,1784223662.637152,1784223661.7421556,1.35150836,1.2,0.44145,0.751776,-0.004982,0.006674,1,acq,7680,7680,0,6,True,False,1,1200000,8381618,False,-6121043,8388607,0,303,0,305,1
conditioning,-1,conditioning,-1,2,-1,-0.3888860714609845,1784223662.638262,1784223664.4320798,1784223663.535171,1.29520249,1.2,0.470051,0.798701,-0.000678,-0.001549,1,acq,7680,7680,0,6,True,False,1,1200000,8381618,False,-6496802,8388607,0,446,0,449,1
conditioning,-1,conditioning,-1,3,-1,-0.5185147619479793,1784223664.4363,1784223666.221898,1784223665.3290992,1.25096217,1.2,0.496003,0.841774,0.004179,-0.010572,1,acq,7680,7680,0,6,True,False,1,1200000,8381618,False,-7022796,8388607,0,570,0,575,1
conditioning,-1,conditioning,-1,4,-1,-0.6481434524349741,1784223666.224144,1784223668.014718,1784223667.119431,1.22549047,1.2,0.517251,0.877631,0.008193,-0.018469,1,acq,7680,7680,0,6,True,False,1,1200000,8381618,False,-7305144,8388607,0,741,0,747,1
conditioning,-1,conditioning,-1,5,-1,-0.777772142921969,1784223668.016594,1784223669.8021572,1784223668.9093757,1.16114091,1.159835,0.536027,0.909308,0.012672,-0.026232,1,acq,7680,7680,0,6,True,False,1,1200000,8381618,False,-7684967,8388607,0,930,0,933,1
conditioning,-1,conditioning,-1,6,-1,-0.9074008334089638,1784223669.803933,1784223671.5887911,1784223670.696362,1.1008132,1.107787,0.549902,0.931461,0.017139,-0.034854,1,acq,7680,7680,0,6,True,False,1,1200000,8381618,False,-7880511,8388607,0,1175,0,1178,1
conditioning,-1,conditioning,-1,7,-1,-1.0370295238959586,1784223671.5903392,1784223673.3815029,1784223672.485921,1.06327595,1.052743,0.559467,0.948253,0.022601,-0.045002,1,acq,7680,7680,0,6,True,False,1,1200000,8381618,False,-8139654,8388607,0,1417,0,1424,1
conditioning,-1,conditioning,-1,8,-1,-1.1666582143829534,1784223673.3834848,1784223675.1600928,1784223674.2717888,1.01233255,0.994922,0.565077,0.957117,0.029861,-0.058216,1,acq,7680,7680,0,6,True,False,1,1200000,8381618,False,-8386264,8388607,0,1562,1,1565,1
conditioning,-1,conditioning,-1,9,-1,-1.2962869048699481,1784223675.161543,1784223676.949843,1784223676.055693,0.957367299,0.936031,0.571915,0.967912,0.033264,-0.06528,1,acq,7680,7680,0,6,True,False,1,1200000,8381618,False,-8388608,8388607,13,1659,14,1662,1
conditioning,-1,conditioning,-1,10,-1,-1.4259155953569431,1784223676.950795,1784223678.738498,1784223677.8446465,0.886314658,0.876783,0.573805,0.970464,0.039146,-0.075374,1,acq,7680,7680,0,6,True,False,1,1200000,8381618,False,-8388608,8388607,48,1763,53,1768,1
conditioning,-1,conditioning,-1,11,-1,-1.555544285843938,1784223678.740352,1784223680.522856,1784223679.631604,0.804537091,0.816214,0.572937,0.969071,0.040588,-0.078562,1,acq,7680,7680,0,6,True,False,1,1200000,8381618,False,-8388608,8388607,66,1803,68,1805,1
conditioning,-1,conditioning,-1,12,-1,-1.6851729763309327,1784223680.525957,1784223682.309246,1784223681.4176016,0.738846914,0.755744,0.569725,0.96327,0.041666,-0.080438,1,acq,7680,7680,0,6,True,False,1,1200000,8381618,False,-8388608,8388607,30,1828,33,1830,1
conditioning,-1,conditioning,-1,13,-1,-1.8148016668179277,1784223682.311032,1784223684.094421,1784223683.2027264,0.708012749,0.695581,0.565538,0.956366,0.041887,-0.080768,1,acq,7680,7680,0,6,True,False,1,1200000,8381618,False,-8388608,8388607,7,1804,8,1807,1
conditioning,-1,conditioning,-1,14,-1,-1.9444303573049224,1784223684.098546,1784223685.890234,1784223684.99439,0.636960109,0.635475,0.559642,0.946243,0.041489,-0.080437,1,acq,7680,7680,0,6,True,False,1,1200000,8381618,False,-8312756,8388607,0,1783,0,1788,1
conditioning,-1,conditioning,-1,15,-1,-2.074059047791917,1784223685.8945558,1784223687.6860008,1784223686.7902784,0.586016706,0.576389,0.551701,0.932314,0.041991,-0.080389,1,acq,7680,7680,0,6,True,False,1,1200000,8381618,False,-8187672,8388607,0,1744,0,1749,1
conditioning,-1,conditioning,-1,16,-1,-2.203687738278912,1784223687.688172,1784223689.480027,1784223688.5840995,0.524348377,0.51817,0.542254,0.916593,0.038045,-0.073752,1,acq,7680,7680,0,6,True,False,1,1200000,8381618,False,-7902783,8388607,0,1637,0,1642,1
conditioning,-1,conditioning,-1,17,-1,-2.3333164287659067,1784223689.48143,1784223691.264935,1784223690.3731825,0.410396029,0.461952,0.528239,0.89313,0.034819,-0.06732,1,acq,7680,7680,0,6,True,False,1,1200000,8381618,False,-7537272,8388607,0,1521,0,1528,1
conditioning,-1,conditioning,-1,18,-1,-2.4629451192529017,1784223691.266495,1784223693.049674,1784223692.1580844,0.391627407,0.40716,0.514651,0.869956,0.028744,-0.056234,1,acq,7680,7680,0,6,True,False,1,1200000,8381618,False,-7162107,8388607,0,1240,0,1244,1
conditioning,-1,conditioning,-1,19,-1,-2.5925738097398963,1784223693.050665,1784223694.842117,1784223693.946391,0.335321541,0.354886,0.496557,0.839325,0.024593,-0.048426,1,acq,7680,7680,0,6,True,False,1,1200000,8381618,False,-6891530,8388607,0,1025,0,1031,1
conditioning,-1,conditioning,-1,20,-1,-2.7222025002268913,1784223694.842889,1784223696.631561,1784223695.737225,0.264268901,0.305253,0.475134,0.80286,0.021529,-0.042589,1,acq,7680,7680,0,6,True,False,1,1200000,8381618,False,-6480711,8388607,0,815,0,818,1
conditioning,-1,conditioning,-1,21,-1,-2.8518311907138862,1784223696.634593,1784223698.417137,1784223697.525865,0.24818151,0.258124,0.449212,0.759764,0.017128,-0.034467,1,acq,7680,7680,0,6,True,False,1,1200000,8381618,False,-6015268,8388607,0,614,0,618,1
conditioning,-1,conditioning,-1,22,-1,-2.981459881200881,1784223698.4187992,1784223700.2015822,1784223699.3101907,0.217347346,0.214181,0.420853,0.711818,0.013811,-0.02803,1,acq,7680,7680,0,6,True,False,1,1200000,8381618,False,-5600638,8388607,0,415,0,417,1
conditioning,-1,conditioning,-1,23,-1,-3.111088571687876,1784223700.2034922,1784223701.984063,1784223701.0937777,0.166403943,0.173691,0.386517,0.653997,0.010214,-0.021438,1,acq,7680,7680,0,6,True,False,1,1200000,8381618,False,-5056352,8388607,0,223,0,223,1
conditioning,-1,conditioning,-1,24,-1,-3.2407172621748708,1784223701.9868228,1784223703.767759,1784223702.877291,0.132888547,0.136754,0.346988,0.587358,0.008378,-0.017989,1,acq,7680,7680,0,6,True,False,1,1200000,8381618,False,-4522228,8388607,0,63,0,64,1
conditioning,-1,conditioning,-1,25,-1,-3.3703459526618653,1784223703.771795,1784223705.5584772,1784223704.665136,0.0725608332,0.103898,0.303387,0.513792,0.009316,-0.019199,1,acq,7680,7680,0,6,True,False,1,1200000,8381618,False,-3956346,7873651,0,0,0,0,1
conditioning,-1,conditioning,-1,26,-1,-3.4999746431488603,1784223705.5608718,1784223707.347042,1784223706.453957,0.0832857601,0.075282,0.258059,0.437449,0.009996,-0.020318,1,acq,7680,7680,0,6,True,False,1,1200000,8381618,False,-3428489,6731809,0,0,0,0,1
conditioning,-1,conditioning,-1,27,-1,-3.6296033336358553,1784223707.348661,1784223709.138777,1784223708.243719,0.0551328271,0.051042,0.211848,0.358979,0.01106,-0.021658,1,acq,7680,7680,0,6,True,False,1,1200000,8381618,False,-2823481,5483516,0,0,0,0,1
conditioning,-1,conditioning,-1,28,-1,-3.75923202412285,1784223709.143578,1784223710.9324841,1784223710.038031,0.0296611258,0.031255,0.163593,0.277537,0.011016,-0.02143,1,acq,7680,7680,0,6,True,False,1,1200000,8381618,False,-2236004,4304496,0,0,0,0,1
conditioning,-1,conditioning,-1,29,-1,-3.888860714609845,1784223710.9331431,1784223712.716921,1784223711.8250322,0.0323423575,0.016236,0.114198,0.193824,0.011152,-0.02139,1,acq,7680,7680,0,6,True,False,1,1200000,8381618,False,-1616176,3012419,0,0,0,0,1
conditioning,-1,conditioning,-1,30,-1,-4.018489405096839,1784223712.720157,1784223714.514538,1784223713.6173475,0.0229580465,0.005967,0.063793,0.108442,0.011411,-0.021491,1,acq,7680,7680,0,6,True,False,1,1200000,8381618,False,-1001938,1720681,0,0,0,0,1
conditioning,-1,conditioning,-1,31,-1,-4.148118095583834,1784223714.5162282,1784223716.306684,1784223715.411456,-0.032006113,0.000696,0.01357,0.02308,0.011753,-0.021595,1,acq,7680,7680,0,6,True,False,1,1200000,8381618,False,-380332,559615,0,0,0,0,1
conditioning,-1,conditioning,-1,32,-1,-4.277746786070829,1784223716.307381,1784223718.09344,1784223717.2004104,-0.0118975603,0.000332,-0.036689,-0.062547,0.011818,-0.021515,1,acq,7680,7680,0,6,True,False,1,1200000,8381618,False,-967470,460531,0,0,0,0,1
conditioning,-1,conditioning,-1,33,-1,-4.407375476557824,1784223718.094443,1784223719.883328,1784223718.9888854,0.0591546747,0.004932,-0.087312,-0.148368,0.011879,-0.021293,1,acq,7680,7680,0,6,True,False,1,1200000,8381618,False,-2306379,1051649,0,0,0,0,1
sentinel,0,up,0,34,0,-4.407375476557824,1784223719.885088,1784223727.0419059,1784223723.463497,0.0202768148,0.0081835,-0.09417125000000001,-0.16044750000000002,0.011820750000000001,-0.021205250000000002,1,acq,81920,81920,0,64,True,False,1,1200000,8381618,False,-1727032,1304188,0,0,0,0,4
formal,0,up,1,35,1,-4.276822000356725,1784223727.043883,1784223734.205476,1784223730.6246796,0.0417266685,0.00261475,-0.053787749999999995,-0.09179899999999999,0.011856,-0.02139375,1,acq,81920,81920,0,64,True,False,1,1200000,8381618,False,-1131848,1356694,0,0,0,0,4
formal,0,up,2,36,2,-4.1462685241556265,1784223734.207047,1784223741.3534331,1784223737.78024,0.0175955831,-0.00020999999999999998,-0.01139575,-0.0195565,0.01191675,-0.021619750000000004,1,acq,81920,81920,0,64,True,False,1,1200000,8381618,False,-585783,554195,0,0,0,0,4
formal,0,up,3,37,3,-4.0157150479545285,1784223741.3560529,1784223748.510408,1784223744.9332304,0.037704821,0.0005175000000000001,0.032269,0.054927250000000004,0.011745249999999999,-0.021572499999999998,1,acq,81920,81920,0,64,True,False,1,1200000,8381618,False,-880919,444355,0,0,0,0,4
formal,0,up,4,38,4,-3.8851615717534296,1784223748.51194,1784223755.647831,1784223752.0798855,0.0108927294,0.00505125,0.07680000000000001,0.13089150000000002,0.011515250000000001,-0.02144925,1,acq,81920,81920,0,64,True,False,1,1200000,8381618,False,-2010142,1013032,0,0,0,0,4
