role,grid_index,sequence_index,candidate_order_index,bias,pilot_V,bias_prepositioned,bias_settle_s,startup_discard_required,startup_discard_index,startup_discard_followed_without_reconfigure,t_bias_set_unix,t_start_unix,t_end_unix,t_mid_unix,dc_board,I1,Q1,I2,Q2,rawadc_version,rawadc_scope,rawadc_expected,rawadc_used,rawadc_read_fail,rawadc_blocks,rawadc_complete,rawadc_timeout,rawadc_gain,rawadc_fs_uv,rawadc_guard,rawadc_crc,rawadc_ch0_min,rawadc_ch0_max,rawadc_ch0_rail_lo,rawadc_ch0_rail_hi,rawadc_ch0_guard_lo,rawadc_ch0_guard_hi,rawadc_windows
conditioning,-1,0,-1,-0.12962869048699482,0.1,True,0.5,True,0,True,1784255080.1175628,1784255085.171656,1784255086.0495539,1784255085.6106048,1.2,0.141727,0.242352,-0.004675,0.008134,1,acq,7680,7680,0,6,True,False,1,1200000,8381618,False,-2023608,2209073,0,0,0,0,1
conditioning,-1,1,-1,-0.25925738097398965,0.1,True,0.5,True,1,True,1784255086.774473,1784255091.065803,1784255091.938486,1784255091.5021446,1.2,0.170935,0.291569,-0.004175,0.007207,1,acq,7680,7680,0,6,True,False,1,1200000,8381618,False,-2507851,2646230,0,0,0,0,1
conditioning,-1,2,-1,-0.3888860714609845,0.1,True,0.5,True,2,True,1784255092.673645,1784255096.958776,1784255097.830251,1784255097.3945136,1.2,0.199728,0.340232,-0.004894,0.008209,1,acq,7680,7680,0,6,True,False,1,1200000,8381618,False,-2889707,3030373,0,0,0,0,1
conditioning,-1,3,-1,-0.5185147619479793,0.1,True,0.5,True,3,True,1784255098.552448,1784255102.8150778,1784255103.697958,1784255103.256518,1.2,0.228268,0.388293,-0.005493,0.009145,1,acq,7680,7680,0,6,True,False,1,1200000,8381618,False,-3196022,3383520,0,0,0,0,1
conditioning,-1,4,-1,-0.6481434524349741,0.1,True,0.5,True,4,True,1784255104.4197838,1784255108.7100108,1784255109.584617,1784255109.1473138,1.2,0.254705,0.432928,-0.005556,0.008851,1,acq,7680,7680,0,6,True,False,1,1200000,8381618,False,-3582705,3780704,0,0,0,0,1
conditioning,-1,5,-1,-0.777772142921969,0.1,True,0.5,True,5,True,1784255110.321702,1784255114.593091,1784255115.474327,1784255115.033709,1.2,0.27989,0.475674,-0.004378,0.006666,1,acq,7680,7680,0,6,True,False,1,1200000,8381618,False,-3978788,4069573,0,0,0,0,1
conditioning,-1,6,-1,-0.9074008334089638,0.1,True,0.5,True,6,True,1784255116.198115,1784255120.477358,1784255121.353857,1784255120.9156075,1.2,0.302921,0.514397,-0.00297,0.004283,1,acq,7680,7680,0,6,True,False,1,1200000,8381618,False,-4300939,4354377,0,0,0,0,1
conditioning,-1,7,-1,-1.0370295238959586,0.1,True,0.5,True,7,True,1784255122.066622,1784255126.342367,1784255127.213577,1784255126.777972,1.2,0.323953,0.550167,-0.002829,0.004193,1,acq,7680,7680,0,6,True,False,1,1200000,8381618,False,-4523583,4785183,0,0,0,0,1
conditioning,-1,8,-1,-1.1666582143829534,0.1,True,0.5,True,8,True,1784255127.942152,1784255132.2111611,1784255133.093438,1784255132.6522994,1.2,0.34302,0.582026,-0.003532,0.005208,1,acq,7680,7680,0,6,True,False,1,1200000,8381618,False,-4888247,4939229,0,0,0,0,1
conditioning,-1,9,-1,-1.2962869048699481,0.1,True,0.5,True,9,True,1784255133.823694,1784255138.09411,1784255138.977311,1784255138.5357103,1.153234,0.361777,0.61344,-0.005207,0.007846,1,acq,7680,7680,0,6,True,False,1,1200000,8381618,False,-5098696,5273321,0,0,0,0,1
conditioning,-1,10,-1,-1.4259155953569431,0.1,True,0.5,True,10,True,1784255139.702282,1784255143.979464,1784255144.862336,1784255144.4208999,1.099156,0.377393,0.640071,-0.00364,0.004945,1,acq,7680,7680,0,6,True,False,1,1200000,8381618,False,-5369187,5423303,0,0,0,0,1
conditioning,-1,11,-1,-1.555544285843938,0.1,True,0.5,True,11,True,1784255145.598644,1784255149.894229,1784255150.769643,1784255150.331936,1.043154,0.389533,0.660284,-0.002456,0.002512,1,acq,7680,7680,0,6,True,False,1,1200000,8381618,False,-5499013,5512394,0,0,0,0,1
conditioning,-1,12,-1,-1.6851729763309327,0.1,True,0.5,True,12,True,1784255151.4859562,1784255155.772842,1784255156.6539981,1784255156.21342,0.986222,0.401008,0.679712,-0.000889,0.000154,1,acq,7680,7680,0,6,True,False,1,1200000,8381618,False,-5629009,5646116,0,0,0,0,1
conditioning,-1,13,-1,-1.8148016668179277,0.1,True,0.5,True,13,True,1784255157.3707972,1784255161.612898,1784255162.470943,1784255162.0419207,0.925966,0.407955,0.691398,-0.000579,-0.000442,1,acq,7680,7680,0,6,True,False,1,1200000,8381618,False,-5739780,5728432,0,0,0,0,1
conditioning,-1,14,-1,-1.9444303573049224,0.1,True,0.5,True,14,True,1784255163.194186,1784255167.4620879,1784255168.335593,1784255167.8988404,0.86482,0.413157,0.699785,-0.00206,0.002021,1,acq,7680,7680,0,6,True,False,1,1200000,8381618,False,-5813373,5844962,0,0,0,0,1
conditioning,-1,15,-1,-2.074059047791917,0.1,True,0.5,True,15,True,1784255169.063953,1784255173.3178911,1784255174.199809,1784255173.75885,0.804562,0.417619,0.707314,-0.002494,0.002743,1,acq,7680,7680,0,6,True,False,1,1200000,8381618,False,-5899839,5896367,0,0,0,0,1
conditioning,-1,16,-1,-2.203687738278912,0.1,True,0.5,True,16,True,1784255174.9265,1784255179.221121,1784255180.102201,1784255179.6616611,0.743969,0.417581,0.707097,-0.001929,0.001209,1,acq,7680,7680,0,6,True,False,1,1200000,8381618,False,-5837594,5957258,0,0,0,0,1
conditioning,-1,17,-1,-2.3333164287659067,0.1,True,0.5,True,17,True,1784255180.832405,1784255185.098746,1784255185.9705112,1784255185.5346286,0.681264,0.415343,0.703,0.000231,-0.002124,1,acq,7680,7680,0,6,True,False,1,1200000,8381618,False,-5874179,5796267,0,0,0,0,1
conditioning,-1,18,-1,-2.4629451192529017,0.1,True,0.5,True,18,True,1784255186.6940181,1784255190.988116,1784255191.856992,1784255191.422554,0.620997,0.410117,0.693821,0.001874,-0.005118,1,acq,7680,7680,0,6,True,False,1,1200000,8381618,False,-5824467,5673724,0,0,0,0,1
conditioning,-1,19,-1,-2.5925738097398963,0.1,True,0.5,True,19,True,1784255192.585286,1784255196.860684,1784255197.735303,1784255197.2979934,0.560989,0.402667,0.681595,0.001221,-0.003999,1,acq,7680,7680,0,6,True,False,1,1200000,8381618,False,-5648063,5584548,0,0,0,0,1
conditioning,-1,20,-1,-2.7222025002268913,0.1,True,0.5,True,20,True,1784255198.451873,1784255202.728401,1784255203.601592,1784255203.1649966,0.502301,0.391716,0.662582,0.000607,-0.002706,1,acq,7680,7680,0,6,True,False,1,1200000,8381618,False,-5491476,5428808,0,0,0,0,1
conditioning,-1,21,-1,-2.8518311907138862,0.1,True,0.5,True,21,True,1784255204.322927,1784255208.562828,1784255209.4352,1784255208.999014,0.445305,0.379049,0.641445,-0.000511,-0.001104,1,acq,7680,7680,0,6,True,False,1,1200000,8381618,False,-5321762,5316343,0,0,0,0,1
conditioning,-1,22,-1,-2.981459881200881,0.1,True,0.5,True,22,True,1784255210.162279,1784255214.454273,1784255215.332094,1784255214.8931835,0.389667,0.36385,0.615449,0.001076,-0.003759,1,acq,7680,7680,0,6,True,False,1,1200000,8381618,False,-5115633,5072951,0,0,0,0,1
conditioning,-1,23,-1,-3.111088571687876,0.1,True,0.5,True,23,True,1784255216.0600908,1784255220.363761,1784255221.2351081,1784255220.7994347,0.337521,0.346071,0.585136,0.002838,-0.00679,1,acq,7680,7680,0,6,True,False,1,1200000,8381618,False,-4964042,4817957,0,0,0,0,1
conditioning,-1,24,-1,-3.2407172621748708,0.1,True,0.5,True,24,True,1784255221.9634402,1784255226.230604,1784255227.104706,1784255226.667655,0.287749,0.326788,0.552848,0.00382,-0.008013,1,acq,7680,7680,0,6,True,False,1,1200000,8381618,False,-4680763,4528833,0,0,0,0,1
conditioning,-1,25,-1,-3.3703459526618653,0.1,True,0.5,True,25,True,1784255227.828768,1784255232.1017962,1784255232.980583,1784255232.5411897,0.240337,0.303133,0.513023,0.003466,-0.007506,1,acq,7680,7680,0,6,True,False,1,1200000,8381618,False,-4294334,4178312,0,0,0,0,1
conditioning,-1,26,-1,-3.4999746431488603,0.1,True,0.5,True,26,True,1784255233.706275,1784255237.998971,1784255238.8652768,1784255238.432124,0.196956,0.279297,0.472661,0.002231,-0.005558,1,acq,7680,7680,0,6,True,False,1,1200000,8381618,False,-3962782,3864206,0,0,0,0,1
conditioning,-1,27,-1,-3.6296033336358553,0.1,True,0.5,True,27,True,1784255239.5945659,1784255243.8936262,1784255244.7739048,1784255244.3337655,0.157158,0.253587,0.429312,0.002642,-0.006292,1,acq,7680,7680,0,6,True,False,1,1200000,8381618,False,-3645373,3525625,0,0,0,0,1
conditioning,-1,28,-1,-3.75923202412285,0.1,True,0.5,True,28,True,1784255245.501887,1784255249.726004,1784255250.592432,1784255250.1592178,0.121705,0.226244,0.382775,0.003333,-0.007446,1,acq,7680,7680,0,6,True,False,1,1200000,8381618,False,-3260299,3168413,0,0,0,0,1
conditioning,-1,29,-1,-3.888860714609845,0.1,True,0.5,True,29,True,1784255251.3082502,1784255255.533153,1784255256.4007401,1784255255.9669466,0.0902,0.197736,0.334936,0.004546,-0.009196,1,acq,7680,7680,0,6,True,False,1,1200000,8381618,False,-2960760,2737862,0,0,0,0,1
conditioning,-1,30,-1,-4.018489405096839,0.1,True,0.5,True,30,True,1784255257.117976,1784255261.334238,1784255262.197451,1784255261.7658446,0.063009,0.166909,0.282921,0.005064,-0.010045,1,acq,7680,7680,0,6,True,False,1,1200000,8381618,False,-2500737,2309259,0,0,0,0,1
conditioning,-1,31,-1,-4.148118095583834,0.1,True,0.5,True,31,True,1784255262.913964,1784255267.144911,1784255268.003606,1784255267.5742586,0.040348,0.134689,0.228467,0.004584,-0.009047,1,acq,7680,7680,0,6,True,False,1,1200000,8381618,False,-2025979,1867783,0,0,0,0,1
conditioning,-1,32,-1,-4.277746786070829,0.1,True,0.5,True,32,True,1784255268.7205892,1784255272.953699,1784255273.81678,1784255273.3852396,0.022673,0.102598,0.174127,0.004461,-0.008625,1,acq,7680,7680,0,6,True,False,1,1200000,8381618,False,-1579930,1430287,0,0,0,0,1
conditioning,-1,33,-1,-4.407375476557824,0.1,True,0.5,True,33,True,1784255274.5283132,1784255278.746481,1784255279.609065,1784255279.177773,0.009758,0.069313,0.117672,0.004604,-0.008866,1,acq,7680,7680,0,6,True,False,1,1200000,8381618,False,-1126598,971789,0,0,0,0,1
formal,0,34,0,-4.407375476557824,0.06,True,0.5,True,34,True,1784255280.319874,1784255285.266922,1784255286.1329541,1784255285.699938,0.008719,0.03988,0.06786,0.001354,-0.002759,1,acq,7680,7680,0,6,True,False,1,1200000,8381618,False,-663188,615932,0,0,0,0,1
formal,0,35,1,-4.407375476557824,0.08,False,0.5,False,-1,False,1784255280.319874,1784255288.988509,1784255289.8548281,1784255289.4216685,0.0085,0.052412,0.089064,0.002785,-0.0054,1,acq,7680,7680,0,6,True,False,1,1200000,8381618,False,-863050,775738,0,0,0,0,1
formal,0,36,2,-4.407375476557824,0.1,False,0.5,False,-1,False,1784255280.319874,1784255291.988401,1784255292.850556,1784255292.4194784,0.008287,0.064546,0.109734,0.004639,-0.008931,1,acq,7680,7680,0,6,True,False,1,1200000,8381618,False,-1077733,905648,0,0,0,0,1
formal,1,37,0,-4.276822000356725,0.08,True,0.5,True,35,True,1784255293.5690298,1784255297.802124,1784255298.664671,1784255298.2333975,0.018534,0.075011,0.127717,0.002631,-0.005146,1,acq,7680,7680,0,6,True,False,1,1200000,8381618,False,-1169111,1081544,0,0,0,0,1
formal,1,38,1,-4.276822000356725,0.1,False,0.5,False,-1,False,1784255293.5690298,1784255300.80721,1784255301.6710742,1784255301.239142,0.018333,0.092869,0.15791,0.004496,-0.008726,1,acq,7680,7680,0,6,True,False,1,1200000,8381618,False,-1462553,1293686,0,0,0,0,1
formal,1,39,2,-4.276822000356725,0.06,False,0.5,False,-1,False,1784255293.5690298,1784255303.8072379,1784255304.670503,1784255304.2388704,0.017813,0.055632,0.094826,0.001442,-0.002932,1,acq,7680,7680,0,6,True,False,1,1200000,8381618,False,-870672,836458,0,0,0,0,1
formal,2,40,0,-4.1462685241556265,0.1,True,0.5,True,36,True,1784255305.388567,1784255309.618942,1784255310.480772,1784255310.0498571,0.032252,0.121122,0.20575,0.004484,-0.008996,1,acq,7680,7680,0,6,True,False,1,1200000,8381618,False,-1858721,1678506,0,0,0,0,1
formal,2,41,1,-4.1462685241556265,0.06,False,0.5,False,-1,False,1784255305.388567,1784255312.6269078,1784255313.491575,1784255313.0592413,0.031689,0.073245,0.124726,0.001692,-0.003446,1,acq,7680,7680,0,6,True,False,1,1200000,8381618,False,-1127191,1077394,0,0,0,0,1
formal,2,42,2,-4.1462685241556265,0.08,False,0.5,False,-1,False,1784255305.388567,1784255315.6448388,1784255316.507554,1784255316.0761964,0.031487,0.096547,0.164328,0.003112,-0.006106,1,acq,7680,7680,0,6,True,False,1,1200000,8381618,False,-1465771,1360335,0,0,0,0,1
formal,3,43,0,-4.0157150479545285,0.06,True,0.5,True,37,True,1784255317.22705,1784255321.451017,1784255322.315815,1784255321.883416,0.049488,0.089524,0.152174,0.002302,-0.004511,1,acq,7680,7680,0,6,True,False,1,1200000,8381618,False,-1382523,1268111,0,0,0,0,1
formal,3,44,1,-4.0157150479545285,0.08,False,0.5,False,-1,False,1784255317.22705,1784255324.4481258,1784255325.309752,1784255324.878939,0.049423,0.119021,0.202171,0.0036,-0.007094,1,acq,7680,7680,0,6,True,False,1,1200000,8381618,False,-1812058,1674611,0,0,0,0,1
formal,3,45,2,-4.0157150479545285,0.1,False,0.5,False,-1,False,1784255317.22705,1784255327.463638,1784255328.328817,1784255327.8962274,0.049095,0.14812,0.251677,0.005112,-0.010059,1,acq,7680,7680,0,6,True,False,1,1200000,8381618,False,-2254381,2038598,0,0,0,0,1
formal,4,46,0,-3.8851615717534296,0.08,True,0.5,True,38,True,1784255329.043913,1784255333.263968,1784255334.122252,1784255333.69311,0.070812,0.140894,0.239308,0.003248,-0.006661,1,acq,7680,7680,0,6,True,False,1,1200000,8381618,False,-2123539,1973134,0,0,0,0,1
formal,4,47,1,-3.8851615717534296,0.1,False,0.5,False,-1,False,1784255329.043913,1784255336.263624,1784255337.1234088,1784255336.6935163,0.070555,0.17618,0.299137,0.004596,-0.009333,1,acq,7680,7680,0,6,True,False,1,1200000,8381618,False,-2647331,2438661,0,0,0,0,1
formal,4,48,2,-3.8851615717534296,0.06,False,0.5,False,-1,False,1784255329.043913,1784255339.2734349,1784255340.141522,1784255339.7074785,0.069985,0.104685,0.177957,0.002046,-0.004243,1,acq,7680,7680,0,6,True,False,1,1200000,8381618,False,-1576288,1501425,0,0,0,0,1
formal,5,49,0,-3.7546080955523307,0.1,True,0.5,True,39,True,1784255340.856962,1784255345.07711,1784255345.9439309,1784255345.5105205,0.095953,0.202868,0.343762,0.00364,-0.007922,1,acq,7680,7680,0,6,True,False,1,1200000,8381618,False,-2970160,2817384,0,0,0,0,1
formal,5,50,1,-3.7546080955523307,0.06,False,0.5,False,-1,False,1784255340.856962,1784255348.072938,1784255348.937251,1784255348.5050945,0.095434,0.120126,0.20407,0.000935,-0.00254,1,acq,7680,7680,0,6,True,False,1,1200000,8381618,False,-1765988,1743631,0,0,0,0,1
formal,5,51,2,-3.7546080955523307,0.08,False,0.5,False,-1,False,1784255340.856962,1784255351.080152,1784255351.9468741,1784255351.513513,0.095059,0.160878,0.273091,0.00215,-0.005101,1,acq,7680,7680,0,6,True,False,1,1200000,8381618,False,-2351094,2262935,0,0,0,0,1
formal,6,52,0,-3.624054619351232,0.06,True,0.5,True,40,True,1784255352.6635149,1784255356.89374,1784255357.7512162,1784255357.322478,0.124485,0.136559,0.231841,9.3e-05,-0.001157,1,acq,7680,7680,0,6,True,False,1,1200000,8381618,False,-1990749,1962294,0,0,0,0,1
formal,6,53,1,-3.624054619351232,0.08,False,0.5,False,-1,False,1784255352.6635149,1784255359.8898702,1784255360.752836,1784255360.321353,0.124417,0.182621,0.309818,0.001073,-0.003167,1,acq,7680,7680,0,6,True,False,1,1200000,8381618,False,-2625905,2579158,0,0,0,0,1
formal,6,54,2,-3.624054619351232,0.1,False,0.5,False,-1,False,1784255352.6635149,1784255362.902556,1784255363.763437,1784255363.3329964,0.12404,0.228436,0.38743,0.002971,-0.006908,1,acq,7680,7680,0,6,True,False,1,1200000,8381618,False,-3306877,3161469,0,0,0,0,1
formal,7,55,0,-3.4935011431501337,0.08,True,0.5,True,41,True,1784255364.481407,1784255368.694788,1784255369.563329,1784255369.1290584,0.156799,0.202954,0.344227,0.000517,-0.00236,1,acq,7680,7680,0,6,True,False,1,1200000,8381618,False,-2903765,2864724,0,0,0,0,1
formal,7,56,1,-3.4935011431501337,0.1,False,0.5,False,-1,False,1784255364.481407,1784255371.7063308,1784255372.5684428,1784255372.1373868,0.156708,0.253187,0.429231,0.002238,-0.005847,1,acq,7680,7680,0,6,True,False,1,1200000,8381618,False,-3629622,3494037,0,0,0,0,1
formal,7,57,2,-3.4935011431501337,0.06,False,0.5,False,-1,False,1784255364.481407,1784255374.716362,1784255375.585692,1784255375.151027,0.156124,0.152418,0.258928,0.000326,-0.001305,1,acq,7680,7680,0,6,True,False,1,1200000,8381618,False,-2182820,2181889,0,0,0,0,1
formal,8,58,0,-3.362947666949035,0.1,True,0.5,True,42,True,1784255376.296602,1784255380.526973,1784255381.391552,1784255380.9592624,0.192627,0.276372,0.468158,0.003269,-0.007431,1,acq,7680,7680,0,6,True,False,1,1200000,8381618,False,-3938138,3812801,0,0,0,0,1
formal,8,59,1,-3.362947666949035,0.06,False,0.5,False,-1,False,1784255376.296602,1784255383.5382311,1784255384.404926,1784255383.9715786,0.192448,0.168153,0.285514,0.001347,-0.003204,1,acq,7680,7680,0,6,True,False,1,1200000,8381618,False,-2450941,2362443,0,0,0,0,1
formal,8,60,2,-3.362947666949035,0.08,False,0.5,False,-1,False,1784255376.296602,1784255386.5436401,1784255387.406956,1784255386.975298,0.191988,0.222207,0.377012,0.002345,-0.005239,1,acq,7680,7680,0,6,True,False,1,1200000,8381618,False,-3191194,3061453,0,0,0,0,1
formal,9,61,0,-3.232394190747936,0.06,True,0.5,True,43,True,1784255388.127904,1784255392.348635,1784255393.2111602,1784255392.7798977,0.231768,0.180204,0.305268,0.002293,-0.004842,1,acq,7680,7680,0,6,True,False,1,1200000,8381618,False,-2611593,2516997,0,0,0,0,1
formal,9,62,1,-3.232394190747936,0.08,False,0.5,False,-1,False,1784255388.127904,1784255395.362201,1784255396.2242591,1784255395.79323,0.231824,0.239926,0.406837,0.003245,-0.007059,1,acq,7680,7680,0,6,True,False,1,1200000,8381618,False,-3457113,3319581,0,0,0,0,1
formal,9,63,2,-3.232394190747936,0.1,False,0.5,False,-1,False,1784255388.127904,1784255398.3608131,1784255399.220777,1784255398.790795,0.231308,0.299058,0.506886,0.003707,-0.008408,1,acq,7680,7680,0,6,True,False,1,1200000,8381618,False,-4280276,4136222,0,0,0,0,1
formal,10,64,0,-3.1018407145468374,0.08,True,0.5,True,44,True,1784255399.9360042,1784255404.1633139,1784255405.0261388,1784255404.5947263,0.273981,0.255369,0.432481,0.002664,-0.006271,1,acq,7680,7680,0,6,True,False,1,1200000,8381618,False,-3686955,3546035,0,0,0,0,1
formal,10,65,1,-3.1018407145468374,0.1,False,0.5,False,-1,False,1784255399.9360042,1784255407.168177,1784255408.031904,1784255407.6000404,0.273876,0.319924,0.541681,0.003122,-0.007614,1,acq,7680,7680,0,6,True,False,1,1200000,8381618,False,-4590232,4410779,0,0,0,0,1
formal,10,66,2,-3.1018407145468374,0.06,False,0.5,False,-1,False,1784255399.9360042,1784255410.1733508,1784255411.034726,1784255410.6040382,0.273462,0.190172,0.322452,0.001934,-0.004498,1,acq,7680,7680,0,6,True,False,1,1200000,8381618,False,-2768350,2706274,0,0,0,0,1
formal,11,67,0,-2.971287238345739,0.1,True,0.5,True,45,True,1784255411.750022,1784255415.979083,1784255416.8432891,1784255416.4111862,0.319278,0.339622,0.574943,0.001959,-0.005695,1,acq,7680,7680,0,6,True,False,1,1200000,8381618,False,-4842008,4714468,0,0,0,0,1
formal,11,68,1,-2.971287238345739,0.06,False,0.5,False,-1,False,1784255411.750022,1784255418.9826932,1784255419.8441112,1784255419.413402,0.319104,0.201808,0.342145,0.00017,-0.001654,1,acq,7680,7680,0,6,True,False,1,1200000,8381618,False,-2914520,2885896,0,0,0,0,1
formal,11,69,2,-2.971287238345739,0.08,False,0.5,False,-1,False,1784255411.750022,1784255421.986971,1784255422.850743,1784255422.418857,0.319,0.270531,0.458654,0.000889,-0.003173,1,acq,7680,7680,0,6,True,False,1,1200000,8381618,False,-3863613,3787903,0,0,0,0,1
formal,12,70,0,-2.84073376214464,0.06,True,0.5,True,46,True,1784255423.562939,1784255427.7992342,1784255428.666601,1784255428.2329175,0.367698,0.212294,0.359819,-0.001398,0.000853,1,acq,7680,7680,0,6,True,False,1,1200000,8381618,False,-3015722,3046972,0,0,0,0,1
formal,12,71,1,-2.84073376214464,0.08,False,0.5,False,-1,False,1784255423.562939,1784255430.8077152,1784255431.671223,1784255431.239469,0.367619,0.284114,0.481537,-0.001,-0.000139,1,acq,7680,7680,0,6,True,False,1,1200000,8381618,False,-4022910,4030109,0,0,0,0,1
formal,12,72,2,-2.84073376214464,0.1,False,0.5,False,-1,False,1784255423.562939,1784255433.82286,1784255434.6845639,1784255434.253712,0.367609,0.356342,0.603497,0.000448,-0.003112,1,acq,7680,7680,0,6,True,False,1,1200000,8381618,False,-5038822,4974883,0,0,0,0,1
formal,13,73,0,-2.710180285943541,0.08,True,0.5,True,47,True,1784255435.399807,1784255439.6212978,1784255440.4894872,1784255440.0553925,0.417662,0.297792,0.504537,-0.000912,-7.2e-05,1,acq,7680,7680,0,6,True,False,1,1200000,8381618,False,-4190507,4202278,0,0,0,0,1
formal,13,74,1,-2.710180285943541,0.1,False,0.5,False,-1,False,1784255435.399807,1784255442.64144,1784255443.504719,1784255443.0730796,0.417602,0.371852,0.629663,0.000159,-0.002514,1,acq,7680,7680,0,6,True,False,1,1200000,8381618,False,-5253928,5197103,0,0,0,0,1
formal,13,75,2,-2.710180285943541,0.06,False,0.5,False,-1,False,1784255435.399807,1784255445.646561,1784255446.513108,1784255446.0798345,0.417731,0.224187,0.380584,-0.001184,0.00083,1,acq,7680,7680,0,6,True,False,1,1200000,8381618,False,-3174934,3177644,0,0,0,0,1
formal,14,76,0,-2.5796268097424426,0.1,True,0.5,True,48,True,1784255447.2260401,1784255451.443821,1784255452.312594,1784255451.8782074,0.470603,0.38536,0.651964,0.000756,-0.003501,1,acq,7680,7680,0,6,True,False,1,1200000,8381618,False,-5385617,5346661,0,0,0,0,1
formal,14,77,1,-2.5796268097424426,0.06,False,0.5,False,-1,False,1784255447.2260401,1784255454.463032,1784255455.323807,1784255454.8934195,0.470224,0.23413,0.397148,-6.1e-05,-0.001002,1,acq,7680,7680,0,6,True,False,1,1200000,8381618,False,-3351169,3311027,0,0,0,0,1
formal,14,78,2,-2.5796268097424426,0.08,False,0.5,False,-1,False,1784255447.2260401,1784255457.465301,1784255458.3342369,1784255457.8997688,0.469904,0.3096,0.524929,0.000839,-0.002801,1,acq,7680,7680,0,6,True,False,1,1200000,8381618,False,-4420179,4313981,0,0,0,0,1
formal,15,79,0,-2.449073333541344,0.06,True,0.5,True,49,True,1784255459.054006,1784255463.281662,1784255464.14049,1784255463.711076,0.525317,0.238413,0.403954,0.001954,-0.004448,1,acq,7680,7680,0,6,True,False,1,1200000,8381618,False,-3438228,3336010,0,0,0,0,1
formal,15,80,1,-2.449073333541344,0.08,False,0.5,False,-1,False,1784255459.054006,1784255466.27553,1784255467.1421509,1784255466.7088404,0.52573,0.31738,0.537729,0.00254,-0.005806,1,acq,7680,7680,0,6,True,False,1,1200000,8381618,False,-4493265,4432544,0,0,0,0,1
formal,15,81,2,-2.449073333541344,0.1,False,0.5,False,-1,False,1784255459.054006,1784255469.274239,1784255470.141035,1784255469.707637,0.52492,0.39604,0.670778,0.002382,-0.006032,1,acq,7680,7680,0,6,True,False,1,1200000,8381618,False,-5660597,5468865,0,0,0,0,1
formal,16,82,0,-2.3185198573402452,0.08,True,0.5,True,50,True,1784255470.858314,1784255475.07099,1784255475.933603,1784255475.5022964,0.581121,0.323905,0.548416,0.001251,-0.004055,1,acq,7680,7680,0,6,True,False,1,1200000,8381618,False,-4617247,4504020,0,0,0,0,1
formal,16,83,1,-2.3185198573402452,0.1,False,0.5,False,-1,False,1784255470.858314,1784255478.082175,1784255478.9504158,1784255478.5162954,0.581063,0.405492,0.686583,0.001286,-0.004632,1,acq,7680,7680,0,6,True,False,1,1200000,8381618,False,-5757734,5611563,0,0,0,0,1
formal,16,84,2,-2.3185198573402452,0.06,False,0.5,False,-1,False,1784255470.858314,1784255481.0972219,1784255481.953872,1784255481.525547,0.581542,0.241715,0.410103,0.001509,-0.003684,1,acq,7680,7680,0,6,True,False,1,1200000,8381618,False,-3488193,3395969,0,0,0,0,1
formal,17,85,0,-2.1879663811391463,0.1,True,0.5,True,51,True,1784255482.667142,1784255486.905848,1784255487.772202,1784255487.339025,0.638868,0.411507,0.69641,-0.000439,-0.001711,1,acq,7680,7680,0,6,True,False,1,1200000,8381618,False,-5759512,5761799,0,0,0,0,1
formal,17,86,1,-2.1879663811391463,0.06,False,0.5,False,-1,False,1784255482.667142,1784255489.9240892,1784255490.7895381,1784255490.3568137,0.638544,0.244281,0.414168,-0.000452,-0.000588,1,acq,7680,7680,0,6,True,False,1,1200000,8381618,False,-3525287,3442462,0,0,0,0,1
formal,17,87,2,-2.1879663811391463,0.08,False,0.5,False,-1,False,1784255482.667142,1784255492.93072,1784255493.791439,1784255493.3610797,0.639293,0.327763,0.555345,-0.000589,-0.001112,1,acq,7680,7680,0,6,True,False,1,1200000,8381618,False,-4630628,4619195,0,0,0,0,1
formal,18,88,0,-2.057412904938048,0.06,True,0.5,True,52,True,1784255494.5006678,1784255498.7346492,1784255499.60194,1784255499.1682944,0.697686,0.248471,0.421463,-0.002346,0.002665,1,acq,7680,7680,0,6,True,False,1,1200000,8381618,False,-3511567,3531977,0,0,0,0,1
formal,18,89,1,-2.057412904938048,0.08,False,0.5,False,-1,False,1784255494.5006678,1784255501.742062,1784255502.6047301,1784255502.173396,0.697678,0.332221,0.563153,-0.002399,0.002063,1,acq,7680,7680,0,6,True,False,1,1200000,8381618,False,-4701257,4728018,0,0,0,0,1
formal,18,90,2,-2.057412904938048,0.1,False,0.5,False,-1,False,1784255494.5006678,1784255504.7474492,1784255505.610559,1784255505.1790042,0.69598,0.41526,0.703595,-0.001963,0.000992,1,acq,7680,7680,0,6,True,False,1,1200000,8381618,False,-5941336,5951329,0,0,0,0,1
formal,19,91,0,-1.9268594287369494,0.08,True,0.5,True,53,True,1784255506.322439,1784255510.5488691,1784255511.414827,1784255510.9818482,0.75617,0.334574,0.567038,-0.003431,0.003935,1,acq,7680,7680,0,6,True,False,1,1200000,8381618,False,-4675343,4730813,0,0,0,0,1
formal,19,92,1,-1.9268594287369494,0.1,False,0.5,False,-1,False,1784255506.322439,1784255513.556362,1784255514.42085,1784255513.988606,0.756453,0.417501,0.707363,-0.003028,0.002906,1,acq,7680,7680,0,6,True,False,1,1200000,8381618,False,-5834715,5861730,0,0,0,0,1
formal,19,93,2,-1.9268594287369494,0.06,False,0.5,False,-1,False,1784255506.322439,1784255516.565834,1784255517.430748,1784255516.998291,0.756825,0.251322,0.426506,-0.002583,0.003136,1,acq,7680,7680,0,6,True,False,1,1200000,8381618,False,-3524524,3617257,0,0,0,0,1
formal,20,94,0,-1.7963059525358505,0.1,True,0.5,True,54,True,1784255518.1423202,1784255522.367433,1784255523.233427,1784255522.80043,0.814454,0.415839,0.704223,-0.001191,0.000141,1,acq,7680,7680,0,6,True,False,1,1200000,8381618,False,-5816846,5780430,0,0,0,0,1
formal,20,95,1,-1.7963059525358505,0.06,False,0.5,False,-1,False,1784255518.1423202,1784255525.3876731,1784255526.253087,1784255525.8203802,0.815637,0.252759,0.428881,-0.000481,-0.000224,1,acq,7680,7680,0,6,True,False,1,1200000,8381618,False,-3585753,3560263,0,0,0,0,1
formal,20,96,2,-1.7963059525358505,0.08,False,0.5,False,-1,False,1784255518.1423202,1784255528.392372,1784255529.250647,1784255528.8215094,0.815557,0.334679,0.567727,-0.000805,-8.3e-05,1,acq,7680,7680,0,6,True,False,1,1200000,8381618,False,-4738774,4660607,0,0,0,0,1
formal,21,97,0,-1.6657524763347515,0.06,True,0.5,True,55,True,1784255529.967988,1784255534.19292,1784255535.058912,1784255534.625916,0.873677,0.24923,0.423085,0.000823,-0.002356,1,acq,7680,7680,0,6,True,False,1,1200000,8381618,False,-3588040,3449322,0,0,0,0,1
formal,21,98,1,-1.6657524763347515,0.08,False,0.5,False,-1,False,1784255529.967988,1784255537.212557,1784255538.071914,1784255537.6422355,0.874788,0.331176,0.56195,0.000702,-0.002742,1,acq,7680,7680,0,6,True,False,1,1200000,8381618,False,-4679492,4636641,0,0,0,0,1
formal,21,99,2,-1.6657524763347515,0.1,False,0.5,False,-1,False,1784255529.967988,1784255540.208946,1784255541.075528,1784255540.642237,0.874608,0.413342,0.701148,-0.000342,-0.001295,1,acq,7680,7680,0,6,True,False,1,1200000,8381618,False,-5833952,5785003,0,0,0,0,1
formal,22,100,0,-1.535199000133653,0.08,True,0.5,True,56,True,1784255541.791574,1784255546.025836,1784255546.890999,1784255546.4584174,0.931922,0.324846,0.55063,0.000279,-0.002062,1,acq,7680,7680,0,6,True,False,1,1200000,8381618,False,-4616993,4576851,0,0,0,0,1
formal,22,101,1,-1.535199000133653,0.1,False,0.5,False,-1,False,1784255541.791574,1784255549.035211,1784255549.8995368,1784255549.4673738,0.932729,0.407291,0.690125,-0.000994,-0.000576,1,acq,7680,7680,0,6,True,False,1,1200000,8381618,False,-5724960,5748164,0,0,0,0,1
formal,22,102,2,-1.535199000133653,0.06,False,0.5,False,-1,False,1784255541.791574,1784255552.0471082,1784255552.9129019,1784255552.480005,0.932927,0.242648,0.412052,0.000749,-0.00261,1,acq,7680,7680,0,6,True,False,1,1200000,8381618,False,-3517411,3436195,0,0,0,0,1
formal,23,103,0,-1.4046455239325546,0.1,True,0.5,True,57,True,1784255553.625399,1784255557.892718,1784255558.7759428,1784255558.3343306,0.990142,0.400459,0.678659,-0.002425,0.002227,1,acq,7680,7680,0,6,True,False,1,1200000,8381618,False,-5660767,5661275,0,0,0,0,1
formal,23,104,1,-1.4046455239325546,0.06,False,0.5,False,-1,False,1784255553.625399,1784255560.96782,1784255561.835336,1784255561.401578,0.990938,0.23764,0.403937,-0.001081,0.000645,1,acq,7680,7680,0,6,True,False,1,1200000,8381618,False,-3395799,3453302,0,0,0,0,1
formal,23,105,2,-1.4046455239325546,0.08,False,0.5,False,-1,False,1784255553.625399,1784255564.002309,1784255564.876365,1784255564.439337,0.991632,0.318804,0.541393,-0.00177,0.001215,1,acq,7680,7680,0,6,True,False,1,1200000,8381618,False,-4470399,4589724,0,0,0,0,1
formal,24,106,0,-1.2740920477314557,0.06,True,0.5,True,58,True,1784255565.610562,1784255569.8942778,1784255570.777751,1784255570.3360143,1.046532,0.231536,0.393411,-0.003168,0.004069,1,acq,7680,7680,0,6,True,False,1,1200000,8381618,False,-3297392,3357944,0,0,0,0,1
formal,24,107,1,-1.2740920477314557,0.08,False,0.5,False,-1,False,1784255565.610562,1784255572.9473789,1784255573.809686,1784255573.3785324,1.046035,0.310048,0.526428,-0.00381,0.00494,1,acq,7680,7680,0,6,True,False,1,1200000,8381618,False,-4410864,4485219,0,0,0,0,1
formal,24,108,2,-1.2740920477314557,0.1,False,0.5,False,-1,False,1784255565.610562,1784255575.993812,1784255576.878475,1784255576.4361434,1.047427,0.389048,0.660251,-0.004457,0.005768,1,acq,7680,7680,0,6,True,False,1,1200000,8381618,False,-5447947,5478943,0,0,0,0,1
formal,25,109,0,-1.1435385715303568,0.08,True,0.5,True,59,True,1784255577.592606,1784255581.875984,1784255582.7372632,1784255582.3066235,1.101585,0.301186,0.5116,-0.004194,0.005842,1,acq,7680,7680,0,6,True,False,1,1200000,8381618,False,-4220402,4359204,0,0,0,0,1
formal,25,110,1,-1.1435385715303568,0.1,False,0.5,False,-1,False,1784255577.592606,1784255584.8901079,1784255585.7586281,1784255585.324368,1.102242,0.376203,0.638679,-0.00471,0.006344,1,acq,7680,7680,0,6,True,False,1,1200000,8381618,False,-5222593,5375454,0,0,0,0,1
formal,25,111,2,-1.1435385715303568,0.06,False,0.5,False,-1,False,1784255577.592606,1784255587.942163,1784255588.808979,1784255588.375571,1.102872,0.226209,0.385051,-0.003011,0.004187,1,acq,7680,7680,0,6,True,False,1,1200000,8381618,False,-3188146,3298155,0,0,0,0,1
formal,26,112,0,-1.0129850953292583,0.1,True,0.5,True,60,True,1784255589.530006,1784255593.8260028,1784255594.706076,1784255594.2660394,1.154778,0.360459,0.611796,-0.003783,0.004909,1,acq,7680,7680,0,6,True,False,1,1200000,8381618,False,-5016803,5133587,0,0,0,0,1
formal,26,113,1,-1.0129850953292583,0.06,False,0.5,False,-1,False,1784255589.530006,1784255596.867488,1784255597.732037,1784255597.2997625,1.156497,0.2191,0.372893,-0.001577,0.001915,1,acq,7680,7680,0,6,True,False,1,1200000,8381618,False,-3069668,3141483,0,0,0,0,1
formal,26,114,2,-1.0129850953292583,0.08,False,0.5,False,-1,False,1784255589.530006,1784255599.898985,1784255600.777853,1784255600.338419,1.157103,0.289899,0.493043,-0.00296,0.003842,1,acq,7680,7680,0,6,True,False,1,1200000,8381618,False,-4064915,4147994,0,0,0,0,1
formal,27,115,0,-0.8824316191281598,0.06,True,0.5,True,61,True,1784255601.4943721,1784255605.78481,1784255606.658954,1784255606.2218819,1.2,0.206941,0.351927,-6.4e-05,-0.000464,1,acq,7680,7680,0,6,True,False,1,1200000,8381618,False,-2964317,3031050,0,0,0,0,1
formal,27,116,1,-0.8824316191281598,0.08,False,0.5,False,-1,False,1784255601.4943721,1784255608.8328052,1784255609.7030668,1784255609.267936,1.2,0.274779,0.467016,-0.000677,0.000284,1,acq,7680,7680,0,6,True,False,1,1200000,8381618,False,-3890036,3872336,0,0,0,0,1
formal,27,117,2,-0.8824316191281598,0.1,False,0.5,False,-1,False,1784255601.4943721,1784255611.866879,1784255612.734331,1784255612.3006048,1.2,0.342912,0.582471,-0.002324,0.002769,1,acq,7680,7680,0,6,True,False,1,1200000,8381618,False,-4838705,4820413,0,0,0,0,1
formal,28,118,0,-0.7518781429270609,0.08,True,0.5,True,62,True,1784255613.474731,1784255617.749328,1784255618.6339672,1784255618.1916475,1.2,0.258937,0.440367,-0.001402,0.001078,1,acq,7680,7680,0,6,True,False,1,1200000,8381618,False,-3769187,3767662,0,0,0,0,1
formal,28,119,1,-0.7518781429270609,0.1,False,0.5,False,-1,False,1784255613.474731,1784255620.8133,1784255621.6923368,1784255621.2528183,1.2,0.324346,0.550901,-0.003247,0.004465,1,acq,7680,7680,0,6,True,False,1,1200000,8381618,False,-4561353,4663825,0,0,0,0,1
formal,28,120,2,-0.7518781429270609,0.06,False,0.5,False,-1,False,1784255613.474731,1784255623.86715,1784255624.7419891,1784255624.3045697,1.2,0.193219,0.329112,-0.000139,-0.000522,1,acq,7680,7680,0,6,True,False,1,1200000,8381618,False,-2847024,2770552,0,0,0,0,1
formal,29,121,0,-0.621324666725962,0.1,True,0.5,True,63,True,1784255625.4764822,1784255629.7754052,1784255630.644141,1784255630.209773,1.2,0.30212,0.513268,-0.004475,0.006354,1,acq,7680,7680,0,6,True,False,1,1200000,8381618,False,-4326854,4357341,0,0,0,0,1
formal,29,122,1,-0.621324666725962,0.06,False,0.5,False,-1,False,1784255625.4764822,1784255632.804318,1784255633.681932,1784255633.243125,1.2,0.178803,0.30455,-0.001533,0.001788,1,acq,7680,7680,0,6,True,False,1,1200000,8381618,False,-2642843,2660204,0,0,0,0,1
formal,29,123,2,-0.621324666725962,0.08,False,0.5,False,-1,False,1784255625.4764822,1784255635.849875,1784255636.719645,1784255636.28476,1.2,0.240419,0.409021,-0.002711,0.003638,1,acq,7680,7680,0,6,True,False,1,1200000,8381618,False,-3403675,3514701,0,0,0,0,1
formal,30,124,0,-0.4907711905248635,0.06,True,0.5,True,64,True,1784255637.426097,1784255641.6875331,1784255642.559959,1784255642.123746,1.2,0.166399,0.283326,-0.003042,0.004298,1,acq,7680,7680,0,6,True,False,1,1200000,8381618,False,-2364306,2471859,0,0,0,0,1
formal,30,125,1,-0.4907711905248635,0.08,False,0.5,False,-1,False,1784255637.426097,1784255644.7371678,1784255645.6079738,1784255645.1725707,1.2,0.222522,0.378846,-0.004082,0.006077,1,acq,7680,7680,0,6,True,False,1,1200000,8381618,False,-3129965,3278253,0,0,0,0,1
formal,30,126,2,-0.4907711905248635,0.1,False,0.5,False,-1,False,1784255637.426097,1784255647.7940428,1784255648.674777,1784255648.2344098,1.2,0.278949,0.474625,-0.005121,0.007976,1,acq,7680,7680,0,6,True,False,1,1200000,8381618,False,-3923064,4048909,0,0,0,0,1
formal,31,127,0,-0.36021771432376504,0.08,True,0.5,True,65,True,1784255649.4046552,1784255653.689003,1784255654.5633001,1784255654.1261516,1.2,0.20306,0.345811,-0.004741,0.007312,1,acq,7680,7680,0,6,True,False,1,1200000,8381618,False,-2867011,3051968,0,0,0,0,1
formal,31,128,1,-0.36021771432376504,0.1,False,0.5,False,-1,False,1784255649.4046552,1784255656.736886,1784255657.6095428,1784255657.1732144,1.2,0.253573,0.431272,-0.005817,0.009257,1,acq,7680,7680,0,6,True,False,1,1200000,8381618,False,-3551709,3749793,0,0,0,0,1
formal,31,129,2,-0.36021771432376504,0.06,False,0.5,False,-1,False,1784255649.4046552,1784255659.7568388,1784255660.630734,1784255660.1937864,1.2,0.151857,0.259,-0.003163,0.004766,1,acq,7680,7680,0,6,True,False,1,1200000,8381618,False,-2190019,2302738,0,0,0,0,1
formal,32,130,0,-0.22966423812266612,0.1,True,0.5,True,66,True,1784255661.364863,1784255665.664721,1784255666.538584,1784255666.1016526,1.2,0.226629,0.385521,-0.004832,0.007742,1,acq,7680,7680,0,6,True,False,1,1200000,8381618,False,-3188908,3314245,0,0,0,0,1
formal,32,131,1,-0.22966423812266612,0.06,False,0.5,False,-1,False,1784255661.364863,1784255668.709179,1784255669.5798059,1784255669.1444924,1.2,0.137449,0.234442,-0.001949,0.003032,1,acq,7680,7680,0,6,True,False,1,1200000,8381618,False,-1986515,2020898,0,0,0,0,1
formal,32,132,2,-0.22966423812266612,0.08,False,0.5,False,-1,False,1784255661.364863,1784255671.7389288,1784255672.613638,1784255672.1762834,1.2,0.181701,0.309883,-0.003398,0.005258,1,acq,7680,7680,0,6,True,False,1,1200000,8381618,False,-2644367,2652921,0,0,0,0,1
formal,33,133,0,-0.0991107619215672,0.06,True,0.5,True,67,True,1784255673.337303,1784255677.613868,1784255678.492943,1784255678.0534055,1.2,0.120211,0.204867,-0.001355,0.001929,1,acq,7680,7680,0,6,True,False,1,1200000,8381618,False,-1763617,1771917,0,0,0,0,1
formal,33,134,1,-0.0991107619215672,0.08,False,0.5,False,-1,False,1784255673.337303,1784255680.659196,1784255681.521856,1784255681.090526,1.2,0.158962,0.270919,-0.002165,0.003444,1,acq,7680,7680,0,6,True,False,1,1200000,8381618,False,-2223724,2341609,0,0,0,0,1
formal,33,135,2,-0.0991107619215672,0.1,False,0.5,False,-1,False,1784255673.337303,1784255683.6938088,1784255684.563618,1784255684.1287134,1.2,0.197846,0.337345,-0.004409,0.007313,1,acq,7680,7680,0,6,True,False,1,1200000,8381618,False,-2880137,2842959,0,0,0,0,1
formal,34,136,0,0.031442714279531714,0.08,True,0.5,True,68,True,1784255685.296841,1784255689.587978,1784255690.455424,1784255690.0217009,1.2,0.134867,0.229822,-0.002544,0.004059,1,acq,7680,7680,0,6,True,False,1,1200000,8381618,False,-1975082,2020390,0,0,0,0,1
formal,34,137,1,0.031442714279531714,0.1,False,0.5,False,-1,False,1784255685.296841,1784255692.6420321,1784255693.5215402,1784255693.0817862,1.2,0.168474,0.287132,-0.004518,0.007391,1,acq,7680,7680,0,6,True,False,1,1200000,8381618,False,-2366846,2564507,0,0,0,0,1
formal,34,138,2,0.031442714279531714,0.06,False,0.5,False,-1,False,1784255685.296841,1784255695.7236469,1784255696.6069162,1784255696.1652815,1.2,0.100309,0.171016,-0.001062,0.001502,1,acq,7680,7680,0,6,True,False,1,1200000,8381618,False,-1512773,1519548,0,0,0,0,1
formal,35,139,0,0.16199619048062974,0.1,True,0.5,True,69,True,1784255697.321526,1784255701.615765,1784255702.49034,1784255702.0530524,1.2,0.138366,0.235903,-0.005076,0.008572,1,acq,7680,7680,0,6,True,False,1,1200000,8381618,False,-2097963,2161310,0,0,0,0,1
formal,35,140,1,0.16199619048062974,0.06,False,0.5,False,-1,False,1784255697.321526,1784255704.681901,1784255705.553317,1784255705.117609,1.2,0.081898,0.139908,-0.001821,0.002833,1,acq,7680,7680,0,6,True,False,1,1200000,8381618,False,-1221363,1353391,0,0,0,0,1
formal,35,141,2,0.16199619048062974,0.08,False,0.5,False,-1,False,1784255697.321526,1784255707.7136269,1784255708.5864289,1784255708.1500278,1.2,0.109729,0.187352,-0.003326,0.005545,1,acq,7680,7680,0,6,True,False,1,1200000,8381618,False,-1634723,1731521,0,0,0,0,1
formal,36,142,0,0.29254966668172866,0.06,True,0.5,True,70,True,1784255709.320083,1784255713.6001549,1784255714.470892,1784255714.0355234,1.2,0.063507,0.108579,-0.002394,0.003925,1,acq,7680,7680,0,6,True,False,1,1200000,8381618,False,-1010999,1057069,0,0,0,0,1
formal,36,143,1,0.29254966668172866,0.08,False,0.5,False,-1,False,1784255709.320083,1784255716.6472871,1784255717.521808,1784255717.0845475,1.2,0.08483,0.144819,-0.003851,0.006399,1,acq,7680,7680,0,6,True,False,1,1200000,8381618,False,-1236014,1396920,0,0,0,0,1
formal,36,144,2,0.29254966668172866,0.1,False,0.5,False,-1,False,1784255709.320083,1784255719.683369,1784255720.56187,1784255720.1226196,1.2,0.10607,0.180866,-0.005576,0.009616,1,acq,7680,7680,0,6,True,False,1,1200000,8381618,False,-1605929,1733130,0,0,0,0,1
formal,37,145,0,0.4231031428828276,0.08,True,0.5,True,71,True,1784255721.2836401,1784255725.543641,1784255726.4252958,1784255725.9844685,1.2,0.059806,0.102055,-0.003774,0.006537,1,acq,7680,7680,0,6,True,False,1,1200000,8381618,False,-914371,1028868,0,0,0,0,1
formal,37,146,1,0.4231031428828276,0.1,False,0.5,False,-1,False,1784255721.2836401,1784255728.579968,1784255729.455036,1784255729.0175018,1.2,0.074213,0.126699,-0.005509,0.009776,1,acq,7680,7680,0,6,True,False,1,1200000,8381618,False,-1116520,1224835,0,0,0,0,1
formal,37,147,2,0.4231031428828276,0.06,False,0.5,False,-1,False,1784255721.2836401,1784255731.613203,1784255732.491307,1784255732.0522552,1.2,0.044243,0.075599,-0.002321,0.003892,1,acq,7680,7680,0,6,True,False,1,1200000,8381618,False,-668015,833748,0,0,0,0,1
formal,38,148,0,0.5536566190839256,0.1,True,0.5,True,72,True,1784255733.224709,1784255737.5112221,1784255738.385428,1784255737.9483252,1.2,0.041518,0.070776,-0.005197,0.009311,1,acq,7680,7680,0,6,True,False,1,1200000,8381618,False,-666152,867962,0,0,0,0,1
formal,38,149,1,0.5536566190839256,0.06,False,0.5,False,-1,False,1784255733.224709,1784255740.569865,1784255741.433183,1784255741.001524,1.2,0.025039,0.042792,-0.00199,0.003546,1,acq,7680,7680,0,6,True,False,1,1200000,8381618,False,-428011,564696,0,0,0,0,1
formal,38,150,2,0.5536566190839256,0.08,False,0.5,False,-1,False,1784255733.224709,1784255743.602386,1784255744.471745,1784255744.0370655,1.2,0.032833,0.056168,-0.003471,0.006152,1,acq,7680,7680,0,6,True,False,1,1200000,8381618,False,-519304,699349,0,0,0,0,1
formal,39,151,0,0.6842100952850245,0.06,True,0.5,True,73,True,1784255745.190275,1784255749.440671,1784255750.321496,1784255749.8810835,1.2,0.005188,0.008953,-0.001823,0.00336,1,acq,7680,7680,0,6,True,False,1,1200000,8381618,False,-173525,332314,0,0,0,0,1
formal,39,152,1,0.6842100952850245,0.08,False,0.5,False,-1,False,1784255745.190275,1784255752.496267,1784255753.3781939,1784255752.9372306,1.2,0.006544,0.011201,-0.003243,0.005912,1,acq,7680,7680,0,6,True,False,1,1200000,8381618,False,-202742,289970,0,0,0,0,1
formal,39,153,2,0.6842100952850245,0.1,False,0.5,False,-1,False,1784255745.190275,1784255755.561603,1784255756.435384,1784255755.9984937,1.2,0.007755,0.013322,-0.00505,0.009297,1,acq,7680,7680,0,6,True,False,1,1200000,8381618,False,-183264,386514,0,0,0,0,1
formal,40,154,0,0.8147635714861234,0.08,True,0.5,True,74,True,1784255757.1627479,1784255761.421978,1784255762.3047209,1784255761.8633494,1.2,-0.019648,-0.033564,-0.00335,0.006233,1,acq,7680,7680,0,6,True,False,1,1200000,8381618,False,-371693,428180,0,0,0,0,1
formal,40,155,1,0.8147635714861234,0.1,False,0.5,False,-1,False,1784255757.1627479,1784255764.4993129,1784255765.380905,1784255764.9401088,1.2,-0.025252,-0.043002,-0.005116,0.009632,1,acq,7680,7680,0,6,True,False,1,1200000,8381618,False,-407347,551146,0,0,0,0,1
formal,40,156,2,0.8147635714861234,0.06,False,0.5,False,-1,False,1784255757.1627479,1784255767.562925,1784255768.442819,1784255768.002872,1.2,-0.015374,-0.026155,-0.001965,0.003601,1,acq,7680,7680,0,6,True,False,1,1200000,8381618,False,-265749,441815,0,0,0,0,1
formal,41,157,0,0.9453170476872224,0.1,True,0.5,True,75,True,1784255769.1712902,1784255773.4840791,1784255774.363292,1784255773.9236856,1.2,-0.05752,-0.098281,-0.004952,0.009576,1,acq,7680,7680,0,6,True,False,1,1200000,8381618,False,-806818,1080867,0,0,0,0,1
formal,41,158,1,0.9453170476872224,0.06,False,0.5,False,-1,False,1784255769.1712902,1784255776.537861,1784255777.424599,1784255776.98123,1.2,-0.034396,-0.058797,-0.001748,0.003539,1,acq,7680,7680,0,6,True,False,1,1200000,8381618,False,-571725,706294,0,0,0,0,1
formal,41,159,2,0.9453170476872224,0.08,False,0.5,False,-1,False,1784255769.1712902,1784255779.604525,1784255780.464607,1784255780.034566,1.2,-0.046522,-0.079271,-0.003182,0.006165,1,acq,7680,7680,0,6,True,False,1,1200000,8381618,False,-737543,862966,0,0,0,0,1
formal,42,160,0,1.0758705238883213,0.06,True,0.5,True,76,True,1784255781.196298,1784255785.496764,1784255786.370162,1784255785.933463,1.2,-0.053843,-0.092021,-0.001294,0.002718,1,acq,7680,7680,0,6,True,False,1,1200000,8381618,False,-848992,966200,0,0,0,0,1
formal,42,161,1,1.0758705238883213,0.08,False,0.5,False,-1,False,1784255781.196298,1784255788.5603142,1784255789.4241889,1784255788.9922514,1.2,-0.072416,-0.123755,-0.002684,0.005471,1,acq,7680,7680,0,6,True,False,1,1200000,8381618,False,-1037083,1173091,0,0,0,0,1
formal,42,162,2,1.0758705238883213,0.1,False,0.5,False,-1,False,1784255781.196298,1784255791.59604,1784255792.47235,1784255792.034195,1.2,-0.091338,-0.155833,-0.004554,0.008993,1,acq,7680,7680,0,6,True,False,1,1200000,8381618,False,-1302409,1486858,0,0,0,0,1
formal,43,163,0,1.2064240000894193,0.08,True,0.5,True,77,True,1784255793.204724,1784255797.462691,1784255798.3464918,1784255797.9045916,1.2,-0.098002,-0.167197,-0.002057,0.004624,1,acq,7680,7680,0,6,True,False,1,1200000,8381618,False,-1417499,1621173,0,0,0,0,1
formal,43,164,1,1.2064240000894193,0.1,False,0.5,False,-1,False,1784255793.204724,1784255800.520993,1784255801.3877141,1784255800.9543536,1.2,-0.12325,-0.210181,-0.003849,0.007965,1,acq,7680,7680,0,6,True,False,1,1200000,8381618,False,-1820273,1923931,0,0,0,0,1
formal,43,165,2,1.2064240000894193,0.06,False,0.5,False,-1,False,1784255793.204724,1784255803.5793762,1784255804.448997,1784255804.0141866,1.2,-0.074114,-0.126589,-0.00084,0.002043,1,acq,7680,7680,0,6,True,False,1,1200000,8381618,False,-1138708,1222803,0,0,0,0,1
formal,44,166,0,1.3369774762905182,0.1,True,0.5,True,78,True,1784255805.175325,1784255809.463582,1784255810.330036,1784255809.896809,1.2,-0.153679,-0.26181,-0.004085,0.008475,1,acq,7680,7680,0,6,True,False,1,1200000,8381618,False,-2190188,2369387,0,0,0,0,1
formal,44,167,1,1.3369774762905182,0.06,False,0.5,False,-1,False,1784255805.175325,1784255812.502479,1784255813.374487,1784255812.938483,1.2,-0.093556,-0.159728,-0.001397,0.003042,1,acq,7680,7680,0,6,True,False,1,1200000,8381618,False,-1391162,1534114,0,0,0,0,1
formal,44,168,2,1.3369774762905182,0.08,False,0.5,False,-1,False,1784255805.175325,1784255815.5585952,1784255816.440613,1784255815.9996042,1.2,-0.124401,-0.212142,-0.002292,0.004909,1,acq,7680,7680,0,6,True,False,1,1200000,8381618,False,-1792665,1901912,0,0,0,0,1
formal,45,169,0,1.4675309524916171,0.06,True,0.5,True,79,True,1784255817.175114,1784255821.457937,1784255822.334548,1784255821.8962426,1.2,-0.111699,-0.190662,-0.001881,0.003881,1,acq,7680,7680,0,6,True,False,1,1200000,8381618,False,-1617785,1779538,0,0,0,0,1
formal,45,170,1,1.4675309524916171,0.08,False,0.5,False,-1,False,1784255817.175114,1784255824.499646,1784255825.3612092,1784255824.9304276,1.2,-0.148674,-0.253239,-0.003224,0.006658,1,acq,7680,7680,0,6,True,False,1,1200000,8381618,False,-2060277,2302484,0,0,0,0,1
formal,45,171,2,1.4675309524916171,0.1,False,0.5,False,-1,False,1784255817.175114,1784255827.534772,1784255828.414829,1784255827.9748006,1.2,-0.185603,-0.316168,-0.004365,0.009138,1,acq,7680,7680,0,6,True,False,1,1200000,8381618,False,-2663337,2755816,0,0,0,0,1
formal,46,172,0,1.5980844286927152,0.08,True,0.5,True,80,True,1784255829.139909,1784255833.416922,1784255834.3019462,1784255833.8594341,1.2,-0.171189,-0.291248,-0.003367,0.007066,1,acq,7680,7680,0,6,True,False,1,1200000,8381618,False,-2389712,2599906,0,0,0,0,1
formal,46,173,1,1.5980844286927152,0.1,False,0.5,False,-1,False,1784255829.139909,1784255836.478318,1784255837.34383,1784255836.9110742,1.2,-0.214973,-0.365883,-0.004637,0.009704,1,acq,7680,7680,0,6,True,False,1,1200000,8381618,False,-3008100,3274273,0,0,0,0,1
formal,46,174,2,1.5980844286927152,0.06,False,0.5,False,-1,False,1784255829.139909,1784255839.502069,1784255840.3771992,1784255839.939634,1.2,-0.128575,-0.218946,-0.002367,0.00494,1,acq,7680,7680,0,6,True,False,1,1200000,8381618,False,-1906316,1946881,0,0,0,0,1
formal,47,175,0,1.728637904893814,0.1,True,0.5,True,81,True,1784255841.100448,1784255845.373215,1784255846.240166,1784255845.8066905,1.2,-0.242442,-0.41224,-0.003668,0.008145,1,acq,7680,7680,0,6,True,False,1,1200000,8381618,False,-3414431,3570340,0,0,0,0,1
formal,47,176,1,1.728637904893814,0.06,False,0.5,False,-1,False,1784255841.100448,1784255848.408931,1784255849.285681,1784255848.847306,1.2,-0.14449,-0.246033,-0.001408,0.003713,1,acq,7680,7680,0,6,True,False,1,1200000,8381618,False,-2086107,2151486,0,0,0,0,1
formal,47,177,2,1.728637904893814,0.08,False,0.5,False,-1,False,1784255841.100448,1784255851.475117,1784255852.359048,1784255851.9170823,1.2,-0.193859,-0.33021,-0.002522,0.005712,1,acq,7680,7680,0,6,True,False,1,1200000,8381618,False,-2795026,2904019,0,0,0,0,1
formal,48,178,0,1.859191381094913,0.06,True,0.5,True,82,True,1784255853.097141,1784255857.391967,1784255858.271467,1784255857.831717,1.2,-0.159662,-0.271676,2e-06,0.001205,1,acq,7680,7680,0,6,True,False,1,1200000,8381618,False,-2272589,2414949,0,0,0,0,1
formal,48,179,1,1.859191381094913,0.08,False,0.5,False,-1,False,1784255853.097141,1784255860.444206,1784255861.3272388,1784255860.8857224,1.2,-0.214392,-0.364591,-0.000949,0.003471,1,acq,7680,7680,0,6,True,False,1,1200000,8381618,False,-3047480,3283758,0,0,0,0,1
formal,48,180,2,1.859191381094913,0.1,False,0.5,False,-1,False,1784255853.097141,1784255863.5194418,1784255864.384081,1784255863.9517612,1.2,-0.269733,-0.458284,-0.002291,0.006216,1,acq,7680,7680,0,6,True,False,1,1200000,8381618,False,-3768678,3978449,0,0,0,0,1
formal,49,181,0,1.989744857296012,0.08,True,0.5,True,83,True,1784255865.1179142,1784255869.409255,1784255870.292145,1784255869.8507,1.2,-0.23531,-0.399936,4.1e-05,0.001599,1,acq,7680,7680,0,6,True,False,1,1200000,8381618,False,-3317040,3414769,0,0,0,0,1
formal,49,182,1,1.989744857296012,0.1,False,0.5,False,-1,False,1784255865.1179142,1784255872.4550269,1784255873.3191009,1784255872.887064,1.2,-0.294754,-0.500691,-0.001745,0.005156,1,acq,7680,7680,0,6,True,False,1,1200000,8381618,False,-4166710,4265286,0,0,0,0,1
formal,49,183,2,1.989744857296012,0.06,False,0.5,False,-1,False,1784255865.1179142,1784255875.493907,1784255876.366484,1784255875.9301953,1.2,-0.176581,-0.30066,0.000708,-1.5e-05,1,acq,7680,7680,0,6,True,False,1,1200000,8381618,False,-2572637,2594740,0,0,0,0,1
formal,50,184,0,2.120298333497111,0.1,True,0.5,True,84,True,1784255877.083987,1784255881.367124,1784255882.245862,1784255881.806493,1.2,-0.316557,-0.5373,-0.001716,0.005205,1,acq,7680,7680,0,6,True,False,1,1200000,8381618,False,-4407730,4556018,0,0,0,0,1
formal,50,185,1,2.120298333497111,0.06,False,0.5,False,-1,False,1784255877.083987,1784255884.427352,1784255885.300663,1784255884.8640075,1.2,-0.192293,-0.327011,-0.000262,0.001609,1,acq,7680,7680,0,6,True,False,1,1200000,8381618,False,-2795873,2800446,0,0,0,0,1
formal,50,186,2,2.120298333497111,0.08,False,0.5,False,-1,False,1784255877.083987,1784255887.492666,1784255888.370474,1784255887.93157,1.2,-0.255262,-0.433708,1.9e-05,0.001713,1,acq,7680,7680,0,6,True,False,1,1200000,8381618,False,-3573304,3644273,0,0,0,0,1
formal,51,187,0,2.250851809698209,0.06,True,0.5,True,85,True,1784255889.093316,1784255893.366669,1784255894.2441611,1784255893.8054152,1.2,-0.204735,-0.347494,-0.001347,0.003448,1,acq,7680,7680,0,6,True,False,1,1200000,8381618,False,-2921973,3019279,0,0,0,0,1
formal,51,188,1,2.250851809698209,0.08,False,0.5,False,-1,False,1784255889.093316,1784255896.408567,1784255897.285883,1784255896.847225,1.2,-0.271704,-0.460853,-0.002847,0.006365,1,acq,7680,7680,0,6,True,False,1,1200000,8381618,False,-3774691,3902231,0,0,0,0,1
formal,51,189,2,2.250851809698209,0.1,False,0.5,False,-1,False,1784255889.093316,1784255899.44842,1784255900.325508,1784255899.886964,1.2,-0.338429,-0.574259,-0.003129,0.007389,1,acq,7680,7680,0,6,True,False,1,1200000,8381618,False,-4677968,4824562,0,0,0,0,1
formal,52,190,0,2.3814052858993078,0.08,True,0.5,True,86,True,1784255901.050802,1784255905.318688,1784255906.200545,1784255905.7596164,1.167209,-0.285749,-0.484837,-0.002794,0.006665,1,acq,7680,7680,0,6,True,False,1,1200000,8381618,False,-4045776,4089136,0,0,0,0,1
formal,52,191,1,2.3814052858993078,0.1,False,0.5,False,-1,False,1784255901.050802,1784255908.380209,1784255909.262026,1784255908.8211174,1.167872,-0.358313,-0.607475,-0.002883,0.00723,1,acq,7680,7680,0,6,True,False,1,1200000,8381618,False,-4941177,5094038,0,0,0,0,1
formal,52,192,2,2.3814052858993078,0.06,False,0.5,False,-1,False,1784255901.050802,1784255911.447131,1784255912.317395,1784255911.882263,1.166226,-0.214247,-0.363869,-0.002129,0.004998,1,acq,7680,7680,0,6,True,False,1,1200000,8381618,False,-3045701,3107015,0,0,0,0,1
formal,53,193,0,2.5119587621004067,0.1,True,0.5,True,87,True,1784255913.046357,1784255917.295478,1784255918.167132,1784255917.7313051,1.113701,-0.373511,-0.632668,-0.001603,0.005252,1,acq,7680,7680,0,6,True,False,1,1200000,8381618,False,-5170934,5377995,0,0,0,0,1
formal,53,194,1,2.5119587621004067,0.06,False,0.5,False,-1,False,1784255913.046357,1784255920.3339388,1784255921.205465,1784255920.769702,1.112599,-0.222162,-0.376927,-0.000943,0.003143,1,acq,7680,7680,0,6,True,False,1,1200000,8381618,False,-3146056,3245903,0,0,0,0,1
formal,53,195,2,2.5119587621004067,0.08,False,0.5,False,-1,False,1784255913.046357,1784255923.395797,1784255924.265543,1784255923.8306699,1.111715,-0.297991,-0.505451,-0.001328,0.004448,1,acq,7680,7680,0,6,True,False,1,1200000,8381618,False,-4171029,4319571,0,0,0,0,1
formal,54,196,0,2.6425122383015047,0.06,True,0.5,True,88,True,1784255925.000235,1784255929.285239,1784255930.151009,1784255929.718124,1.056607,-0.230839,-0.391656,0.001175,-0.000546,1,acq,7680,7680,0,6,True,False,1,1200000,8381618,False,-3317633,3355234,0,0,0,0,1
formal,54,197,1,2.6425122383015047,0.08,False,0.5,False,-1,False,1784255925.000235,1784255932.3115652,1784255933.186778,1784255932.7491717,1.054633,-0.309605,-0.524848,0.000894,0.000718,1,acq,7680,7680,0,6,True,False,1,1200000,8381618,False,-4370214,4430511,0,0,0,0,1
formal,54,198,2,2.6425122383015047,0.1,False,0.5,False,-1,False,1784255925.000235,1784255935.357535,1784255936.2246149,1784255935.7910748,1.052236,-0.387934,-0.657519,-0.000137,0.002827,1,acq,7680,7680,0,6,True,False,1,1200000,8381618,False,-5498675,5603264,0,0,0,0,1
formal,55,199,0,2.7730657145026036,0.08,True,0.5,True,89,True,1784255936.959528,1784255941.237719,1784255942.1193159,1784255941.6785173,0.996523,-0.318446,-0.539644,0.002559,-0.002292,1,acq,7680,7680,0,6,True,False,1,1200000,8381618,False,-4475819,4503597,0,0,0,0,1
formal,55,200,1,2.7730657145026036,0.1,False,0.5,False,-1,False,1784255936.959528,1784255944.290931,1784255945.175709,1784255944.73332,0.995145,-0.39879,-0.675307,0.001609,4.8e-05,1,acq,7680,7680,0,6,True,False,1,1200000,8381618,False,-5561343,5630448,0,0,0,0,1
formal,55,201,2,2.7730657145026036,0.06,False,0.5,False,-1,False,1784255936.959528,1784255947.357446,1784255948.233475,1784255947.7954605,0.994275,-0.238379,-0.404874,0.002337,-0.002426,1,acq,7680,7680,0,6,True,False,1,1200000,8381618,False,-3418834,3449999,0,0,0,0,1
formal,56,202,0,2.9036191907037026,0.1,True,0.5,True,90,True,1784255948.950092,1784255953.244297,1784255954.1250749,1784255953.684686,0.93596,-0.407188,-0.688803,0.000775,0.001072,1,acq,7680,7680,0,6,True,False,1,1200000,8381618,False,-5670675,5788475,0,0,0,0,1
formal,56,203,1,2.9036191907037026,0.06,False,0.5,False,-1,False,1784255948.950092,1784255956.314215,1784255957.188868,1784255956.7515416,0.934785,-0.247046,-0.419041,0.000794,-0.000188,1,acq,7680,7680,0,6,True,False,1,1200000,8381618,False,-3521645,3588379,0,0,0,0,1
formal,56,204,2,2.9036191907037026,0.08,False,0.5,False,-1,False,1784255948.950092,1784255959.366712,1784255960.237864,1784255959.802288,0.934651,-0.327451,-0.554969,0.001706,-0.000972,1,acq,7680,7680,0,6,True,False,1,1200000,8381618,False,-4588284,4646549,0,0,0,0,1
formal,57,205,0,3.0341726669048015,0.06,True,0.5,True,91,True,1784255960.9661179,1784255965.266336,1784255966.135299,1784255965.7008176,0.87492,-0.250877,-0.425179,-0.000128,0.001339,1,acq,7680,7680,0,6,True,False,1,1200000,8381618,False,-3548660,3592274,0,0,0,0,1
formal,57,206,1,3.0341726669048015,0.08,False,0.5,False,-1,False,1784255960.9661179,1784255968.317695,1784255969.182446,1784255968.7500706,0.873428,-0.332576,-0.563149,-0.001096,0.00354,1,acq,7680,7680,0,6,True,False,1,1200000,8381618,False,-4597600,4768838,0,0,0,0,1
formal,57,207,2,3.0341726669048015,0.1,False,0.5,False,-1,False,1784255960.9661179,1784255971.359141,1784255972.234415,1784255971.7967782,0.872626,-0.413975,-0.700831,5.5e-05,0.002201,1,acq,7680,7680,0,6,True,False,1,1200000,8381618,False,-5736985,5788899,0,0,0,0,1
formal,58,208,0,3.1647261431059004,0.08,True,0.5,True,92,True,1784255972.952317,1784255977.22693,1784255978.094777,1784255977.6608534,0.81157,-0.33343,-0.564171,-0.001499,0.004369,1,acq,7680,7680,0,6,True,False,1,1200000,8381618,False,-4624361,4786453,0,0,0,0,1
formal,58,209,1,3.1647261431059004,0.1,False,0.5,False,-1,False,1784255972.952317,1784255980.279913,1784255981.142982,1784255980.7114475,0.811493,-0.417516,-0.706125,-0.00094,0.004033,1,acq,7680,7680,0,6,True,False,1,1200000,8381618,False,-5812103,5934392,0,0,0,0,1
formal,58,210,2,3.1647261431059004,0.06,False,0.5,False,-1,False,1784255972.952317,1784255983.3096461,1784255984.1895401,1784255983.7495933,0.810492,-0.249827,-0.423082,-0.001719,0.004188,1,acq,7680,7680,0,6,True,False,1,1200000,8381618,False,-3466852,3561279,0,0,0,0,1
formal,59,211,0,3.2952796193069984,0.1,True,0.5,True,93,True,1784255984.9217532,1784255989.194748,1784255990.076802,1784255989.635775,0.749536,-0.418789,-0.707688,0.000537,0.001431,1,acq,7680,7680,0,6,True,False,1,1200000,8381618,False,-5791185,5912627,0,0,0,0,1
formal,59,212,1,3.2952796193069984,0.06,False,0.5,False,-1,False,1784255984.9217532,1784255992.245971,1784255993.123188,1784255992.6845794,0.747913,-0.248932,-0.421689,-0.000392,0.002117,1,acq,7680,7680,0,6,True,False,1,1200000,8381618,False,-3517157,3569239,0,0,0,0,1
formal,59,213,2,3.2952796193069984,0.08,False,0.5,False,-1,False,1784255984.9217532,1784255995.302712,1784255996.169478,1784255995.736095,0.746933,-0.333623,-0.564939,0.00018,0.001535,1,acq,7680,7680,0,6,True,False,1,1200000,8381618,False,-4693720,4736911,0,0,0,0,1
formal,60,214,0,3.4258330955080973,0.06,True,0.5,True,94,True,1784255996.8938,1784256001.1814442,1784256002.0454772,1784256001.6134605,0.686148,-0.246925,-0.418009,0.002239,-0.002066,1,acq,7680,7680,0,6,True,False,1,1200000,8381618,False,-3542902,3543156,0,0,0,0,1
formal,60,215,1,3.4258330955080973,0.08,False,0.5,False,-1,False,1784255996.8938,1784256004.22756,1784256005.103746,1784256004.665653,0.685045,-0.331036,-0.560084,0.00232,-0.001882,1,acq,7680,7680,0,6,True,False,1,1200000,8381618,False,-4668398,4708456,0,0,0,0,1
formal,60,216,2,3.4258330955080973,0.1,False,0.5,False,-1,False,1784255996.8938,1784256007.272185,1784256008.150143,1784256007.711164,0.684056,-0.415397,-0.702292,0.002864,-0.002273,1,acq,7680,7680,0,6,True,False,1,1200000,8381618,False,-5891879,5830650,0,0,0,0,1
formal,61,217,0,3.5563865717091963,0.08,True,0.5,True,95,True,1784256008.8706582,1784256013.121182,1784256013.9892979,1784256013.55524,0.62383,-0.328306,-0.555202,0.003533,-0.004175,1,acq,7680,7680,0,6,True,False,1,1200000,8381618,False,-4617332,4657982,0,0,0,0,1
formal,61,218,1,3.5563865717091963,0.1,False,0.5,False,-1,False,1784256008.8706582,1784256016.181071,1784256017.0630689,1784256016.6220698,0.623145,-0.411199,-0.694846,0.003632,-0.003917,1,acq,7680,7680,0,6,True,False,1,1200000,8381618,False,-5777127,5775518,0,0,0,0,1
formal,61,219,2,3.5563865717091963,0.06,False,0.5,False,-1,False,1784256008.8706582,1784256019.237289,1784256020.103342,1784256019.6703155,0.622027,-0.245914,-0.4166,0.003113,-0.004011,1,acq,7680,7680,0,6,True,False,1,1200000,8381618,False,-3493613,3502590,0,0,0,0,1
formal,62,220,0,3.6869400479102943,0.1,True,0.5,True,96,True,1784256020.837109,1784256025.1201868,1784256026.00097,1784256025.5605783,0.56307,-0.403547,-0.681487,0.003845,-0.004573,1,acq,7680,7680,0,6,True,False,1,1200000,8381618,False,-5629093,5600808,0,0,0,0,1
formal,62,221,1,3.6869400479102943,0.06,False,0.5,False,-1,False,1784256020.837109,1784256028.204711,1784256029.079539,1784256028.6421251,0.561877,-0.244013,-0.413532,0.0021,-0.002572,1,acq,7680,7680,0,6,True,False,1,1200000,8381618,False,-3411467,3454234,0,0,0,0,1
formal,62,222,2,3.6869400479102943,0.08,False,0.5,False,-1,False,1784256020.837109,1784256031.2712371,1784256032.148598,1784256031.7099175,0.561009,-0.323771,-0.547803,0.003774,-0.004827,1,acq,7680,7680,0,6,True,False,1,1200000,8381618,False,-4587352,4548312,0,0,0,0,1
formal,63,223,0,3.817493524111393,0.06,True,0.5,True,97,True,1784256032.879607,1784256037.154866,1784256038.037985,1784256037.5964255,0.502277,-0.23768,-0.402191,0.000654,-0.000104,1,acq,7680,7680,0,6,True,False,1,1200000,8381618,False,-3359468,3399695,0,0,0,0,1
formal,63,224,1,3.817493524111393,0.08,False,0.5,False,-1,False,1784256032.879607,1784256040.2036119,1784256041.079824,1784256040.641718,0.501397,-0.314941,-0.532385,0.000372,0.000684,1,acq,7680,7680,0,6,True,False,1,1200000,8381618,False,-4404427,4416030,0,0,0,0,1
formal,63,225,2,3.817493524111393,0.1,False,0.5,False,-1,False,1784256032.879607,1784256043.246326,1784256044.130839,1784256043.6885824,0.5007,-0.391431,-0.661538,0.002022,-0.001857,1,acq,7680,7680,0,6,True,False,1,1200000,8381618,False,-5456162,5469627,0,0,0,0,1
formal,64,226,0,3.948047000312492,0.08,True,0.5,True,98,True,1784256044.85373,1784256049.1468532,1784256050.028664,1784256049.5877585,0.444466,-0.303619,-0.513257,0.000508,0.00071,1,acq,7680,7680,0,6,True,False,1,1200000,8381618,False,-4249365,4292132,0,0,0,0,1
formal,64,227,1,3.948047000312492,0.1,False,0.5,False,-1,False,1784256044.85373,1784256052.2028291,1784256053.083348,1784256052.6430886,0.443887,-0.379823,-0.641703,0.001864,-0.00146,1,acq,7680,7680,0,6,True,False,1,1200000,8381618,False,-5266292,5368341,0,0,0,0,1
formal,64,228,2,3.948047000312492,0.06,False,0.5,False,-1,False,1784256044.85373,1784256055.2647219,1784256056.139714,1784256055.702218,0.442661,-0.22762,-0.385194,-0.000599,0.00222,1,acq,7680,7680,0,6,True,False,1,1200000,8381618,False,-3183657,3276559,0,0,0,0,1
formal,65,229,0,4.078600476513591,0.1,True,0.5,True,99,True,1784256056.873612,1784256061.1525261,1784256062.0237901,1784256061.5881581,0.388569,-0.363558,-0.613768,0.002978,-0.003049,1,acq,7680,7680,0,6,True,False,1,1200000,8381618,False,-5084045,5119529,0,0,0,0,1
formal,65,230,1,4.078600476513591,0.06,False,0.5,False,-1,False,1784256056.873612,1784256064.1926029,1784256065.062965,1784256064.6277838,0.387542,-0.21621,-0.365769,0.000421,0.000507,1,acq,7680,7680,0,6,True,False,1,1200000,8381618,False,-3052307,3114298,0,0,0,0,1
formal,65,231,2,4.078600476513591,0.08,False,0.5,False,-1,False,1784256056.873612,1784256067.254496,1784256068.131392,1784256067.692944,0.386447,-0.289277,-0.488989,0.00169,-0.001274,1,acq,7680,7680,0,6,True,False,1,1200000,8381618,False,-4065085,4086087,0,0,0,0,1
formal,66,232,0,4.20915395271469,0.06,True,0.5,True,100,True,1784256068.857176,1784256073.1297631,1784256074.002899,1784256073.566331,0.334251,-0.205691,-0.347934,0.002312,-0.002835,1,acq,7680,7680,0,6,True,False,1,1200000,8381618,False,-2930103,2941197,0,0,0,0,1
formal,66,233,1,4.20915395271469,0.08,False,0.5,False,-1,False,1784256068.857176,1784256076.176306,1784256077.041815,1784256076.6090605,0.333774,-0.275722,-0.466334,0.003256,-0.004129,1,acq,7680,7680,0,6,True,False,1,1200000,8381618,False,-3953382,3891560,0,0,0,0,1
formal,66,234,2,4.20915395271469,0.1,False,0.5,False,-1,False,1784256068.857176,1784256079.2213619,1784256080.096103,1784256079.6587324,0.332882,-0.345304,-0.583777,0.004449,-0.005899,1,acq,7680,7680,0,6,True,False,1,1200000,8381618,False,-4946512,4833793,0,0,0,0,1
formal,67,235,0,4.339707428915789,0.08,True,0.5,True,101,True,1784256080.804469,1784256085.087649,1784256085.95927,1784256085.5234594,0.284018,-0.25989,-0.439271,0.004641,-0.006668,1,acq,7680,7680,0,6,True,False,1,1200000,8381618,False,-3737429,3623439,0,0,0,0,1
formal,67,236,1,4.339707428915789,0.1,False,0.5,False,-1,False,1784256080.804469,1784256088.123605,1784256089.0080042,1784256088.5658045,0.282956,-0.325108,-0.548908,0.005746,-0.008444,1,acq,7680,7680,0,6,True,False,1,1200000,8381618,False,-4682372,4524684,0,0,0,0,1
formal,67,237,2,4.339707428915789,0.06,False,0.5,False,-1,False,1784256080.804469,1784256091.180545,1784256092.051245,1784256091.615895,0.281934,-0.193718,-0.328167,0.003482,-0.004999,1,acq,7680,7680,0,6,True,False,1,1200000,8381618,False,-2792740,2722110,0,0,0,0,1
formal,68,238,0,4.470260905116888,0.1,True,0.5,True,102,True,1784256092.770953,1784256097.041604,1784256097.917448,1784256097.479526,0.236573,-0.302516,-0.510679,0.004942,-0.007541,1,acq,7680,7680,0,6,True,False,1,1200000,8381618,False,-4359797,4226584,0,0,0,0,1
formal,68,239,1,4.470260905116888,0.06,False,0.5,False,-1,False,1784256092.770953,1784256100.071286,1784256100.941619,1784256100.5064526,0.235262,-0.182621,-0.309342,0.002402,-0.003541,1,acq,7680,7680,0,6,True,False,1,1200000,8381618,False,-2604310,2594486,0,0,0,0,1
formal,68,240,2,4.470260905116888,0.08,False,0.5,False,-1,False,1784256092.770953,1784256103.102644,1784256103.981289,1784256103.5419664,0.234331,-0.241969,-0.40927,0.004098,-0.006175,1,acq,7680,7680,0,6,True,False,1,1200000,8381618,False,-3523000,3377422,0,0,0,0,1
formal,69,241,0,4.600814381317985,0.06,True,0.5,True,103,True,1784256104.702979,1784256108.971086,1784256109.8467462,1784256109.408916,0.192056,-0.168244,-0.284685,0.001487,-0.002123,1,acq,7680,7680,0,6,True,False,1,1200000,8381618,False,-2417743,2412662,0,0,0,0,1
formal,69,242,1,4.600814381317985,0.08,False,0.5,False,-1,False,1784256104.702979,1784256112.02287,1784256112.9008892,1784256112.4618797,0.19138,-0.222412,-0.376093,0.002243,-0.003257,1,acq,7680,7680,0,6,True,False,1,1200000,8381618,False,-3167312,3111249,0,0,0,0,1
formal,69,243,2,4.600814381317985,0.1,False,0.5,False,-1,False,1784256104.702979,1784256115.087374,1784256115.973633,1784256115.5305035,0.190721,-0.276033,-0.466512,0.004276,-0.006369,1,acq,7680,7680,0,6,True,False,1,1200000,8381618,False,-3917390,3820846,0,0,0,0,1
formal,70,244,0,4.731367857519084,0.08,True,0.5,True,104,True,1784256116.7017941,1784256120.983542,1784256121.8413289,1784256121.4124355,0.152369,-0.200575,-0.339094,0.00173,-0.002319,1,acq,7680,7680,0,6,True,False,1,1200000,8381618,False,-2829494,2836015,0,0,0,0,1
formal,70,245,1,4.731367857519084,0.1,False,0.5,False,-1,False,1784256116.7017941,1784256124.0407,1784256124.905462,1784256124.473081,0.151439,-0.250086,-0.422809,0.003541,-0.005313,1,acq,7680,7680,0,6,True,False,1,1200000,8381618,False,-3550777,3481673,0,0,0,0,1
formal,70,246,2,4.731367857519084,0.06,False,0.5,False,-1,False,1784256116.7017941,1784256127.078959,1784256127.959768,1784256127.5193634,0.15061,-0.149682,-0.253278,0.000521,-0.000361,1,acq,7680,7680,0,6,True,False,1,1200000,8381618,False,-2142509,2163850,0,0,0,0,1
formal,71,247,0,4.861921333720183,0.1,True,0.5,True,105,True,1784256128.673238,1784256132.938636,1784256133.8123572,1784256133.3754966,0.1165,-0.222709,-0.376459,0.004697,-0.007271,1,acq,7680,7680,0,6,True,False,1,1200000,8381618,False,-3200171,3120904,0,0,0,0,1
formal,71,248,1,4.861921333720183,0.06,False,0.5,False,-1,False,1784256128.673238,1784256135.9865458,1784256136.874321,1784256136.4304333,0.115338,-0.132133,-0.223709,0.001194,-0.001574,1,acq,7680,7680,0,6,True,False,1,1200000,8381618,False,-1912159,1911651,0,0,0,0,1
formal,71,249,2,4.861921333720183,0.08,False,0.5,False,-1,False,1784256128.673238,1784256139.056364,1784256139.9460921,1784256139.501228,0.114732,-0.176503,-0.298713,0.002624,-0.003754,1,acq,7680,7680,0,6,True,False,1,1200000,8381618,False,-2530632,2515388,0,0,0,0,1
formal,72,250,0,4.992474809921282,0.06,True,0.5,True,106,True,1784256140.685817,1784256144.99263,1784256145.862697,1784256145.4276633,0.084414,-0.114056,-0.193151,0.002302,-0.003458,1,acq,7680,7680,0,6,True,False,1,1200000,8381618,False,-1665888,1659028,0,0,0,0,1
formal,72,251,1,4.992474809921282,0.08,False,0.5,False,-1,False,1784256140.685817,1784256148.055547,1784256148.919349,1784256148.487448,0.083844,-0.152481,-0.258024,0.003549,-0.005595,1,acq,7680,7680,0,6,True,False,1,1200000,8381618,False,-2232786,2160293,0,0,0,0,1
formal,72,252,2,4.992474809921282,0.1,False,0.5,False,-1,False,1784256140.685817,1784256151.095223,1784256151.962181,1784256151.528702,0.083397,-0.190768,-0.322695,0.005476,-0.008931,1,acq,7680,7680,0,6,True,False,1,1200000,8381618,False,-2845923,2646061,0,0,0,0,1
formal,73,253,0,5.123028286122381,0.08,True,0.5,True,107,True,1784256152.6877189,1784256156.9461849,1784256157.809141,1784256157.377663,0.057727,-0.128587,-0.217731,0.004202,-0.00695,1,acq,7680,7680,0,6,True,False,1,1200000,8381618,False,-1920289,1820527,0,0,0,0,1
formal,73,254,1,5.123028286122381,0.1,False,0.5,False,-1,False,1784256152.6877189,1784256159.992762,1784256160.868364,1784256160.430563,0.05731,-0.160372,-0.271375,0.005679,-0.009456,1,acq,7680,7680,0,6,True,False,1,1200000,8381618,False,-2406141,2242779,0,0,0,0,1
formal,73,255,2,5.123028286122381,0.06,False,0.5,False,-1,False,1784256152.6877189,1784256163.0448372,1784256163.9288268,1784256163.4868321,0.056419,-0.095145,-0.161394,0.002766,-0.00445,1,acq,7680,7680,0,6,True,False,1,1200000,8381618,False,-1426137,1374478,0,0,0,0,1
formal,74,256,0,5.2535817623234795,0.1,True,0.5,True,108,True,1784256164.653978,1784256168.952439,1784256169.8204532,1784256169.386446,0.035639,-0.128064,-0.216679,0.005562,-0.009598,1,acq,7680,7680,0,6,True,False,1,1200000,8381618,False,-1939767,1771239,0,0,0,0,1
formal,74,257,1,5.2535817623234795,0.06,False,0.5,False,-1,False,1784256164.653978,1784256172.010539,1784256172.8883898,1784256172.4494643,0.034827,-0.07673,-0.13009,0.002321,-0.003912,1,acq,7680,7680,0,6,True,False,1,1200000,8381618,False,-1163776,1134389,0,0,0,0,1
formal,74,258,2,5.2535817623234795,0.08,False,0.5,False,-1,False,1784256164.653978,1784256175.063923,1784256175.952899,1784256175.508411,0.034516,-0.101378,-0.171798,0.004091,-0.006908,1,acq,7680,7680,0,6,True,False,1,1200000,8381618,False,-1576458,1441297,0,0,0,0,1
formal,75,259,0,5.384135238524578,0.06,True,0.5,True,109,True,1784256176.672797,1784256180.9234428,1784256181.808382,1784256181.3659124,0.018369,-0.057398,-0.097178,0.001909,-0.003225,1,acq,7680,7680,0,6,True,False,1,1200000,8381618,False,-914371,853904,0,0,0,0,1
formal,75,260,1,5.384135238524578,0.08,False,0.5,False,-1,False,1784256176.672797,1784256183.996707,1784256184.875055,1784256184.4358811,0.018112,-0.075292,-0.12757,0.003116,-0.005423,1,acq,7680,7680,0,6,True,False,1,1200000,8381618,False,-1191130,1082391,0,0,0,0,1
formal,75,261,2,5.384135238524578,0.1,False,0.5,False,-1,False,1784256176.672797,1784256187.0670469,1784256187.940786,1784256187.5039163,0.01794,-0.092873,-0.157297,0.005005,-0.008826,1,acq,7680,7680,0,6,True,False,1,1200000,8381618,False,-1478220,1284455,0,0,0,0,1
formal,76,262,0,5.514688714725676,0.08,True,0.5,True,110,True,1784256188.65377,1784256192.933318,1784256193.8052511,1784256193.3692846,0.006517,-0.048181,-0.08162,0.003036,-0.005411,1,acq,7680,7680,0,6,True,False,1,1200000,8381618,False,-816218,722469,0,0,0,0,1
formal,76,263,1,5.514688714725676,0.1,False,0.5,False,-1,False,1784256188.65377,1784256195.9774358,1784256196.84976,1784256196.413598,0.006481,-0.05947,-0.100712,0.005039,-0.008954,1,acq,7680,7680,0,6,True,False,1,1200000,8381618,False,-1024973,834765,0,0,0,0,1
formal,76,264,2,5.514688714725676,0.06,False,0.5,False,-1,False,1784256188.65377,1784256199.034729,1784256199.899913,1784256199.467321,0.005988,-0.035227,-0.059856,0.001643,-0.002844,1,acq,7680,7680,0,6,True,False,1,1200000,8381618,False,-594083,553348,0,0,0,0,1
formal,77,265,0,5.6452421909267745,0.1,True,0.5,True,111,True,1784256200.618251,1784256204.915603,1784256205.784729,1784256205.3501658,4.3e-05,-0.025477,-0.043133,0.005167,-0.009314,1,acq,7680,7680,0,6,True,False,1,1200000,8381618,False,-556397,378299,0,0,0,0,1
formal,77,266,1,5.6452421909267745,0.06,False,0.5,False,-1,False,1784256200.618251,1784256207.933273,1784256208.815868,1784256208.3745704,-0.000318,-0.014702,-0.024974,0.001771,-0.003179,1,acq,7680,7680,0,6,True,False,1,1200000,8381618,False,-323252,264818,0,0,0,0,1
formal,77,267,2,5.6452421909267745,0.08,False,0.5,False,-1,False,1784256200.618251,1784256211.00099,1784256211.8770041,1784256211.438997,-0.000317,-0.019155,-0.032407,0.003242,-0.005836,1,acq,7680,7680,0,6,True,False,1,1200000,8381618,False,-426656,305044,0,0,0,0,1
formal,78,268,0,5.775795667127873,0.06,True,0.5,True,112,True,1784256212.5982249,1784256216.876804,1784256217.7409751,1784256217.3088896,-0.001484,0.005397,0.00909,0.001797,-0.003367,1,acq,7680,7680,0,6,True,False,1,1200000,8381618,False,-201472,152522,0,0,0,0,1
formal,78,269,1,5.775795667127873,0.08,False,0.5,False,-1,False,1784256212.5982249,1784256219.9157052,1784256220.794144,1784256220.3549247,-0.001331,0.007819,0.013259,0.003271,-0.00606,1,acq,7680,7680,0,6,True,False,1,1200000,8381618,False,-256772,182078,0,0,0,0,1
formal,78,270,2,5.775795667127873,0.1,False,0.5,False,-1,False,1784256212.5982249,1784256222.960546,1784256223.8334599,1784256223.397003,-0.001191,0.010551,0.017915,0.005122,-0.009546,1,acq,7680,7680,0,6,True,False,1,1200000,8381618,False,-330281,205452,0,0,0,0,1
formal,79,271,0,5.906349143328972,0.08,True,0.5,True,113,True,1784256224.558433,1784256228.843594,1784256229.72268,1784256229.283137,0.002671,0.034948,0.059205,0.002872,-0.005639,1,acq,7680,7680,0,6,True,False,1,1200000,8381618,False,-616102,523962,0,0,0,0,1
formal,79,272,1,5.906349143328972,0.1,False,0.5,False,-1,False,1784256224.558433,1784256231.8877802,1784256232.757729,1784256232.3227546,0.002979,0.044605,0.075618,0.004772,-0.009132,1,acq,7680,7680,0,6,True,False,1,1200000,8381618,False,-796147,630583,0,0,0,0,1
formal,79,273,2,5.906349143328972,0.06,False,0.5,False,-1,False,1784256224.558433,1784256234.915166,1784256235.791682,1784256235.353424,0.002872,0.027063,0.045983,0.001513,-0.002965,1,acq,7680,7680,0,6,True,False,1,1200000,8381618,False,-490256,435633,0,0,0,0,1
formal,80,274,0,6.036902619530071,0.1,True,0.5,True,114,True,1784256236.525399,1784256240.8271291,1784256241.700753,1784256241.263941,0.012276,0.078506,0.132885,0.004567,-0.008857,1,acq,7680,7680,0,6,True,False,1,1200000,8381618,False,-1286996,1086795,0,0,0,0,1
formal,80,275,1,6.036902619530071,0.06,False,0.5,False,-1,False,1784256236.525399,1784256243.8926451,1784256244.766735,1784256244.32969,0.012364,0.048046,0.081591,0.001469,-0.00295,1,acq,7680,7680,0,6,True,False,1,1200000,8381618,False,-774721,732462,0,0,0,0,1
formal,80,276,2,6.036902619530071,0.08,False,0.5,False,-1,False,1784256236.525399,1784256246.9363809,1784256247.806701,1784256247.371541,0.012667,0.064042,0.108748,0.002697,-0.005335,1,acq,7680,7680,0,6,True,False,1,1200000,8381618,False,-1017182,921485,0,0,0,0,1
