startup_discard_index,role,grid_index,source_sequence_index,bias,pilot_V,t_bias_set_unix,t_start_unix,t_end_unix,t_mid_unix,dc_board,I1,Q1,I2,Q2,rawadc_version,rawadc_scope,rawadc_expected,rawadc_used,rawadc_read_fail,rawadc_blocks,rawadc_complete,rawadc_timeout,rawadc_gain,rawadc_fs_uv,rawadc_guard,rawadc_crc,rawadc_ch0_min,rawadc_ch0_max,rawadc_ch0_rail_lo,rawadc_ch0_rail_hi,rawadc_ch0_guard_lo,rawadc_ch0_guard_hi,rawadc_windows
0,conditioning,-1,0,-0.12962869048699482,0.1,1784255080.1175628,1784255084.283676,1784255085.17009,1784255084.726883,1.2,0.142063,0.242614,-0.004704,0.008133,1,acq,7680,7680,0,6,True,False,1,1200000,8381618,False,-1999895,2192644,0,0,0,0,1
1,conditioning,-1,1,-0.25925738097398965,0.1,1784255086.774473,1784255090.1970298,1784255091.065548,1784255090.631289,1.2,0.170907,0.291277,-0.00419,0.007185,1,acq,7680,7680,0,6,True,False,1,1200000,8381618,False,-2450009,2575432,0,0,0,0,1
2,conditioning,-1,2,-0.3888860714609845,0.1,1784255092.673645,1784255096.0838022,1784255096.9585018,1784255096.521152,1.2,0.199567,0.339724,-0.00487,0.008168,1,acq,7680,7680,0,6,True,False,1,1200000,8381618,False,-2784102,2933321,0,0,0,0,1
3,conditioning,-1,3,-0.5185147619479793,0.1,1784255098.552448,1784255101.952301,1784255102.8148339,1784255102.3835673,1.2,0.228263,0.388341,-0.005588,0.009234,1,acq,7680,7680,0,6,True,False,1,1200000,8381618,False,-3171632,3365312,0,0,0,0,1
4,conditioning,-1,4,-0.6481434524349741,0.1,1784255104.4197838,1784255107.823835,1784255108.7098,1784255108.2668176,1.2,0.254359,0.432522,-0.005504,0.008791,1,acq,7680,7680,0,6,True,False,1,1200000,8381618,False,-3612261,3758770,0,0,0,0,1
5,conditioning,-1,5,-0.777772142921969,0.1,1784255110.321702,1784255113.728191,1784255114.592903,1784255114.1605468,1.2,0.279794,0.475653,-0.004361,0.006676,1,acq,7680,7680,0,6,True,False,1,1200000,8381618,False,-3919422,4101416,0,0,0,0,1
6,conditioning,-1,6,-0.9074008334089638,0.1,1784255116.198115,1784255119.603775,1784255120.477063,1784255120.040419,1.2,0.302438,0.513621,-0.00287,0.004349,1,acq,7680,7680,0,6,True,False,1,1200000,8381618,False,-4304412,4393333,0,0,0,0,1
7,conditioning,-1,7,-1.0370295238959586,0.1,1784255122.066622,1784255125.462875,1784255126.3421462,1784255125.9025106,1.2,0.324071,0.550322,-0.002848,0.004161,1,acq,7680,7680,0,6,True,False,1,1200000,8381618,False,-4567027,4649428,0,0,0,0,1
8,conditioning,-1,8,-1.1666582143829534,0.1,1784255127.942152,1784255131.350636,1784255132.210937,1784255131.7807865,1.2,0.34297,0.582141,-0.003538,0.005266,1,acq,7680,7680,0,6,True,False,1,1200000,8381618,False,-4847258,4915432,0,0,0,0,1
9,conditioning,-1,9,-1.2962869048699481,0.1,1784255133.823694,1784255137.223645,1784255138.093879,1784255137.658762,1.164701,0.35533,0.60142,-0.002039,0.000262,1,acq,7680,7680,0,6,True,False,1,1200000,8381618,False,-4868938,8388607,0,260,0,261,1
10,conditioning,-1,10,-1.4259155953569431,0.1,1784255139.702282,1784255143.0939462,1784255143.97923,1784255143.5365882,1.100297,0.377473,0.640083,-0.003714,0.005091,1,acq,7680,7680,0,6,True,False,1,1200000,8381618,False,-5254182,5415427,0,0,0,0,1
11,conditioning,-1,11,-1.555544285843938,0.1,1784255145.598644,1784255149.018014,1784255149.894012,1784255149.456013,1.043168,0.389408,0.659924,-0.002276,0.002426,1,acq,7680,7680,0,6,True,False,1,1200000,8381618,False,-5533481,5462428,0,0,0,0,1
12,conditioning,-1,12,-1.6851729763309327,0.1,1784255151.4859562,1784255154.896896,1784255155.772585,1784255155.3347404,0.987094,0.401057,0.679837,-0.000838,0.000273,1,acq,7680,7680,0,6,True,False,1,1200000,8381618,False,-5664747,5690407,0,0,0,0,1
13,conditioning,-1,13,-1.8148016668179277,0.1,1784255157.3707972,1784255160.754896,1784255161.6127,1784255161.1837978,0.926688,0.408196,0.691317,-0.000548,-0.000441,1,acq,7680,7680,0,6,True,False,1,1200000,8381618,False,-5709547,5736393,0,0,0,0,1
14,conditioning,-1,14,-1.9444303573049224,0.1,1784255163.194186,1784255166.592179,1784255167.461844,1784255167.0270114,0.86512,0.412836,0.699507,-0.002219,0.002158,1,acq,7680,7680,0,6,True,False,1,1200000,8381618,False,-5817523,5788983,0,0,0,0,1
15,conditioning,-1,15,-2.074059047791917,0.1,1784255169.063953,1784255172.4438,1784255173.317643,1784255172.8807216,0.805269,0.417888,0.707239,-0.002427,0.002684,1,acq,7680,7680,0,6,True,False,1,1200000,8381618,False,-5851991,5933376,0,0,0,0,1
16,conditioning,-1,16,-2.203687738278912,0.1,1784255174.9265,1784255178.340184,1784255179.220922,1784255178.7805529,0.74387,0.417187,0.706246,-0.00182,0.001175,1,acq,7680,7680,0,6,True,False,1,1200000,8381618,False,-5827516,5915761,0,0,0,0,1
17,conditioning,-1,17,-2.3333164287659067,0.1,1784255180.832405,1784255184.225784,1784255185.0985012,1784255184.6621428,0.681218,0.415336,0.702652,0.00017,-0.002163,1,acq,7680,7680,0,6,True,False,1,1200000,8381618,False,-5893149,5748757,0,0,0,0,1
18,conditioning,-1,18,-2.4629451192529017,0.1,1784255186.6940181,1784255190.1212091,1784255190.9878762,1784255190.5545425,0.621996,0.410516,0.694105,0.001806,-0.005083,1,acq,7680,7680,0,6,True,False,1,1200000,8381618,False,-5784072,5711071,0,0,0,0,1
19,conditioning,-1,19,-2.5925738097398963,0.1,1784255192.585286,1784255195.980639,1784255196.860283,1784255196.420461,0.561524,0.402826,0.681461,0.001323,-0.00409,1,acq,7680,7680,0,6,True,False,1,1200000,8381618,False,-5639679,5586411,0,0,0,0,1
20,conditioning,-1,20,-2.7222025002268913,0.1,1784255198.451873,1784255201.85588,1784255202.728171,1784255202.2920256,0.502678,0.391579,0.662503,0.000672,-0.00263,1,acq,7680,7680,0,6,True,False,1,1200000,8381618,False,-5502909,5428892,0,0,0,0,1
21,conditioning,-1,21,-2.8518311907138862,0.1,1784255204.322927,1784255207.6965098,1784255208.562604,1784255208.129557,0.445801,0.379176,0.641531,-0.000604,-0.001161,1,acq,7680,7680,0,6,True,False,1,1200000,8381618,False,-5345052,5316681,0,0,0,0,1
22,conditioning,-1,22,-2.981459881200881,0.1,1784255210.162279,1784255213.587788,1784255214.4540758,1784255214.020932,0.390452,0.364216,0.615961,0.001093,-0.003794,1,acq,7680,7680,0,6,True,False,1,1200000,8381618,False,-5115379,5068039,0,0,0,0,1
23,conditioning,-1,23,-3.111088571687876,0.1,1784255216.0600908,1784255219.476693,1784255220.363523,1784255219.9201078,0.337666,0.346031,0.584812,0.002893,-0.006824,1,acq,7680,7680,0,6,True,False,1,1200000,8381618,False,-4929829,4794583,0,0,0,0,1
24,conditioning,-1,24,-3.2407172621748708,0.1,1784255221.9634402,1784255225.360359,1784255226.230409,1784255225.795384,0.288379,0.327085,0.553497,0.003791,-0.00802,1,acq,7680,7680,0,6,True,False,1,1200000,8381618,False,-4661623,4524684,0,0,0,0,1
25,conditioning,-1,25,-3.3703459526618653,0.1,1784255227.828768,1784255231.220887,1784255232.10156,1784255231.6612234,0.240866,0.303433,0.51336,0.003433,-0.007488,1,acq,7680,7680,0,6,True,False,1,1200000,8381618,False,-4297721,4232935,0,0,0,0,1
26,conditioning,-1,26,-3.4999746431488603,0.1,1784255233.706275,1784255237.1210828,1784255237.998739,1784255237.5599108,0.197553,0.279842,0.473477,0.002241,-0.005588,1,acq,7680,7680,0,6,True,False,1,1200000,8381618,False,-3966678,3874961,0,0,0,0,1
27,conditioning,-1,27,-3.6296033336358553,0.1,1784255239.5945659,1784255243.010612,1784255243.8933141,1784255243.451963,0.157887,0.254423,0.430628,0.002757,-0.006313,1,acq,7680,7680,0,6,True,False,1,1200000,8381618,False,-3636820,3545781,0,0,0,0,1
28,conditioning,-1,28,-3.75923202412285,0.1,1784255245.501887,1784255248.864622,1784255249.725757,1784255249.2951894,0.122149,0.226727,0.383693,0.003363,-0.007431,1,acq,7680,7680,0,6,True,False,1,1200000,8381618,False,-3287907,3154017,0,0,0,0,1
29,conditioning,-1,29,-3.888860714609845,0.1,1784255251.3082502,1784255254.6644568,1784255255.532953,1784255255.0987048,0.090535,0.198101,0.335492,0.004542,-0.009242,1,acq,7680,7680,0,6,True,False,1,1200000,8381618,False,-2931797,2741165,0,0,0,0,1
30,conditioning,-1,30,-4.018489405096839,0.1,1784255257.117976,1784255260.471663,1784255261.3340092,1784255260.902836,0.063393,0.167352,0.283434,0.00513,-0.010038,1,acq,7680,7680,0,6,True,False,1,1200000,8381618,False,-2484138,2308158,0,0,0,0,1
31,conditioning,-1,31,-4.148118095583834,0.1,1784255262.913964,1784255266.2765849,1784255267.14463,1784255266.7106075,0.040584,0.135184,0.229172,0.004586,-0.009039,1,acq,7680,7680,0,6,True,False,1,1200000,8381618,False,-2034363,1873711,0,0,0,0,1
32,conditioning,-1,32,-4.277746786070829,0.1,1784255268.7205892,1784255272.082944,1784255272.95347,1784255272.518207,0.022787,0.102886,0.174459,0.004426,-0.008711,1,acq,7680,7680,0,6,True,False,1,1200000,8381618,False,-1574256,1431812,0,0,0,0,1
33,conditioning,-1,33,-4.407375476557824,0.1,1784255274.5283132,1784255277.8851929,1784255278.746272,1784255278.3157325,0.009883,0.069877,0.118547,0.004637,-0.008863,1,acq,7680,7680,0,6,True,False,1,1200000,8381618,False,-1149040,979665,0,0,0,0,1
34,formal,0,34,-4.407375476557824,0.06,1784255280.319874,1784255284.4038248,1784255285.2667038,1784255284.8352642,0.008858,0.040048,0.068202,0.001388,-0.002735,1,acq,7680,7680,0,6,True,False,1,1200000,8381618,False,-656159,630414,0,0,0,0,1
35,formal,1,37,-4.276822000356725,0.08,1784255293.5690298,1784255296.935589,1784255297.8019168,1784255297.368753,0.01869,0.075292,0.128156,0.002602,-0.005144,1,acq,7680,7680,0,6,True,False,1,1200000,8381618,False,-1169280,1084593,0,0,0,0,1
36,formal,2,40,-4.1462685241556265,0.1,1784255305.388567,1784255308.75312,1784255309.618737,1784255309.1859283,0.032298,0.121206,0.205883,0.004509,-0.008999,1,acq,7680,7680,0,6,True,False,1,1200000,8381618,False,-1838057,1666481,0,0,0,0,1
37,formal,3,43,-4.0157150479545285,0.06,1784255317.22705,1784255320.589772,1784255321.450832,1784255321.0203018,0.049516,0.089569,0.152198,0.002263,-0.004517,1,acq,7680,7680,0,6,True,False,1,1200000,8381618,False,-1380830,1282253,0,0,0,0,1
38,formal,4,46,-3.8851615717534296,0.08,1784255329.043913,1784255332.402174,1784255333.263663,1784255332.8329186,0.070813,0.140805,0.239198,0.003227,-0.006666,1,acq,7680,7680,0,6,True,False,1,1200000,8381618,False,-2100589,1965512,0,0,0,0,1
39,formal,5,49,-3.7546080955523307,0.1,1784255340.856962,1784255344.2135198,1784255345.076906,1784255344.645213,0.096137,0.203171,0.344246,0.003654,-0.007951,1,acq,7680,7680,0,6,True,False,1,1200000,8381618,False,-2988368,2800108,0,0,0,0,1
40,formal,6,52,-3.624054619351232,0.06,1784255352.6635149,1784255356.0253282,1784255356.893541,1784255356.4594345,0.124504,0.136614,0.231816,0.000128,-0.001089,1,acq,7680,7680,0,6,True,False,1,1200000,8381618,False,-1994814,1975590,0,0,0,0,1
41,formal,7,55,-3.4935011431501337,0.08,1784255364.481407,1784255367.8292842,1784255368.694572,1784255368.261928,0.156786,0.202997,0.344296,0.0005,-0.002333,1,acq,7680,7680,0,6,True,False,1,1200000,8381618,False,-2927562,2848888,0,0,0,0,1
42,formal,8,58,-3.362947666949035,0.1,1784255376.296602,1784255379.658684,1784255380.5266922,1784255380.092688,0.192528,0.276509,0.468068,0.0033,-0.007547,1,acq,7680,7680,0,6,True,False,1,1200000,8381618,False,-3962867,3781805,0,0,0,0,1
43,formal,9,61,-3.232394190747936,0.06,1784255388.127904,1784255391.484857,1784255392.348386,1784255391.9166217,0.232013,0.180253,0.30572,0.002255,-0.004799,1,acq,7680,7680,0,6,True,False,1,1200000,8381618,False,-2615150,2521740,0,0,0,0,1
44,formal,10,64,-3.1018407145468374,0.08,1784255399.9360042,1784255403.298524,1784255404.163081,1784255403.7308025,0.273752,0.254966,0.431891,0.002597,-0.006185,1,acq,7680,7680,0,6,True,False,1,1200000,8381618,False,-3665698,3552810,0,0,0,0,1
45,formal,11,67,-2.971287238345739,0.1,1784255411.750022,1784255415.115458,1784255415.9787679,1784255415.547113,0.319424,0.339768,0.574812,0.001982,-0.005782,1,acq,7680,7680,0,6,True,False,1,1200000,8381618,False,-4820751,4733608,0,0,0,0,1
46,formal,12,70,-2.84073376214464,0.06,1784255423.562939,1784255426.933238,1784255427.799009,1784255427.3661237,0.367917,0.21235,0.360219,-0.001346,0.000879,1,acq,7680,7680,0,6,True,False,1,1200000,8381618,False,-3016738,3027493,0,0,0,0,1
47,formal,13,73,-2.710180285943541,0.08,1784255435.399807,1784255438.7512279,1784255439.621082,1784255439.1861548,0.417788,0.297911,0.504667,-0.000964,-1.6e-05,1,acq,7680,7680,0,6,True,False,1,1200000,8381618,False,-4201093,4185934,0,0,0,0,1
48,formal,14,76,-2.5796268097424426,0.1,1784255447.2260401,1784255450.5773618,1784255451.44357,1784255451.0104659,0.470412,0.385385,0.651811,0.000788,-0.003399,1,acq,7680,7680,0,6,True,False,1,1200000,8381618,False,-5435244,5310584,0,0,0,0,1
49,formal,15,79,-2.449073333541344,0.06,1784255459.054006,1784255462.419657,1784255463.2814531,1784255462.850555,0.525482,0.238467,0.404082,0.0019,-0.004372,1,acq,7680,7680,0,6,True,False,1,1200000,8381618,False,-3427388,3310434,0,0,0,0,1
50,formal,16,82,-2.3185198573402452,0.08,1784255470.858314,1784255474.209514,1784255475.070774,1784255474.6401439,0.5812,0.324001,0.548454,0.001285,-0.004105,1,acq,7680,7680,0,6,True,False,1,1200000,8381618,False,-4608186,4505036,0,0,0,0,1
51,formal,17,85,-2.1879663811391463,0.1,1784255482.667142,1784255486.039022,1784255486.905659,1784255486.4723406,0.638589,0.411525,0.696196,-0.000528,-0.001843,1,acq,7680,7680,0,6,True,False,1,1200000,8381618,False,-5793218,5771623,0,0,0,0,1
52,formal,18,88,-2.057412904938048,0.06,1784255494.5006678,1784255497.873924,1784255498.734428,1784255498.3041759,0.69749,0.248271,0.421301,-0.002405,0.002658,1,acq,7680,7680,0,6,True,False,1,1200000,8381618,False,-3516987,3560347,0,0,0,0,1
53,formal,19,91,-1.9268594287369494,0.08,1784255506.322439,1784255509.684034,1784255510.548629,1784255510.1163316,0.756235,0.334625,0.567047,-0.003454,0.003864,1,acq,7680,7680,0,6,True,False,1,1200000,8381618,False,-4699394,4785945,0,0,0,0,1
54,formal,20,94,-1.7963059525358505,0.1,1784255518.1423202,1784255521.5000699,1784255522.3672209,1784255521.9336452,0.813644,0.415548,0.703467,-0.001215,0.000207,1,acq,7680,7680,0,6,True,False,1,1200000,8381618,False,-5854108,5795335,0,0,0,0,1
55,formal,21,97,-1.6657524763347515,0.06,1784255529.967988,1784255533.330646,1784255534.19253,1784255533.761588,0.873669,0.249219,0.423065,0.000757,-0.002345,1,acq,7680,7680,0,6,True,False,1,1200000,8381618,False,-3528674,3515293,0,0,0,0,1
56,formal,22,100,-1.535199000133653,0.08,1784255541.791574,1784255545.158815,1784255546.0255842,1784255545.5921996,0.931833,0.324835,0.550613,0.000251,-0.002024,1,acq,7680,7680,0,6,True,False,1,1200000,8381618,False,-4624530,4582356,0,0,0,0,1
57,formal,23,103,-1.4046455239325546,0.1,1784255553.625399,1784255557.018535,1784255557.892512,1784255557.4555235,0.990659,0.400611,0.679048,-0.002391,0.002181,1,acq,7680,7680,0,6,True,False,1,1200000,8381618,False,-5599537,5695065,0,0,0,0,1
58,formal,24,106,-1.2740920477314557,0.06,1784255565.610562,1784255569.015174,1784255569.894058,1784255569.454616,1.045883,0.231391,0.393204,-0.003154,0.00408,1,acq,7680,7680,0,6,True,False,1,1200000,8381618,False,-3313398,3388855,0,0,0,0,1
59,formal,25,109,-1.1435385715303568,0.08,1784255577.592606,1784255581.001766,1784255581.8756962,1784255581.4387312,1.10222,0.301659,0.511973,-0.004196,0.005708,1,acq,7680,7680,0,6,True,False,1,1200000,8381618,False,-4212695,4300262,0,0,0,0,1
60,formal,26,112,-1.0129850953292583,0.1,1784255589.530006,1784255592.951133,1784255593.8257039,1784255593.3884184,1.154198,0.360412,0.61176,-0.003789,0.004993,1,acq,7680,7680,0,6,True,False,1,1200000,8381618,False,-5071342,5145951,0,0,0,0,1
61,formal,27,115,-0.8824316191281598,0.06,1784255601.4943721,1784255604.9102771,1784255605.784606,1784255605.3474417,1.2,0.207336,0.352443,-0.000164,-0.000414,1,acq,7680,7680,0,6,True,False,1,1200000,8381618,False,-2995820,2958897,0,0,0,0,1
62,formal,28,118,-0.7518781429270609,0.08,1784255613.474731,1784255616.879196,1784255617.749116,1784255617.314156,1.2,0.258831,0.440058,-0.001281,0.001104,1,acq,7680,7680,0,6,True,False,1,1200000,8381618,False,-3698218,3708466,0,0,0,0,1
63,formal,29,121,-0.621324666725962,0.1,1784255625.4764822,1784255628.895024,1784255629.775201,1784255629.3351126,1.2,0.302033,0.513122,-0.004486,0.006325,1,acq,7680,7680,0,6,True,False,1,1200000,8381618,False,-4281715,4344892,0,0,0,0,1
64,formal,30,124,-0.4907711905248635,0.06,1784255637.426097,1784255640.807054,1784255641.687312,1784255641.2471828,1.2,0.166454,0.283533,-0.003039,0.004285,1,acq,7680,7680,0,6,True,False,1,1200000,8381618,False,-2402923,2484816,0,0,0,0,1
65,formal,31,127,-0.36021771432376504,0.08,1784255649.4046552,1784255652.812861,1784255653.6884701,1784255653.2506657,1.2,0.203148,0.345872,-0.004768,0.007349,1,acq,7680,7680,0,6,True,False,1,1200000,8381618,False,-2889622,3057303,0,0,0,0,1
66,formal,32,130,-0.22966423812266612,0.1,1784255661.364863,1784255664.7826712,1784255665.664405,1784255665.2235382,1.2,0.226574,0.385679,-0.004776,0.007745,1,acq,7680,7680,0,6,True,False,1,1200000,8381618,False,-3174003,3342700,0,0,0,0,1
67,formal,33,133,-0.0991107619215672,0.06,1784255673.337303,1784255676.7398431,1784255677.613654,1784255677.1767485,1.2,0.120315,0.20521,-0.001377,0.002072,1,acq,7680,7680,0,6,True,False,1,1200000,8381618,False,-1812143,1874558,0,0,0,0,1
68,formal,34,136,0.031442714279531714,0.08,1784255685.296841,1784255688.705226,1784255689.5877671,1784255689.1464965,1.2,0.134783,0.229882,-0.002551,0.003976,1,acq,7680,7680,0,6,True,False,1,1200000,8381618,False,-1879639,2100843,0,0,0,0,1
69,formal,35,139,0.16199619048062974,0.1,1784255697.321526,1784255700.73689,1784255701.615552,1784255701.176221,1.2,0.138697,0.23646,-0.005116,0.008623,1,acq,7680,7680,0,6,True,False,1,1200000,8381618,False,-1968392,2113715,0,0,0,0,1
70,formal,36,142,0.29254966668172866,0.06,1784255709.320083,1784255712.723584,1784255713.599966,1784255713.161775,1.2,0.06362,0.108701,-0.002411,0.003899,1,acq,7680,7680,0,6,True,False,1,1200000,8381618,False,-1043519,1085101,0,0,0,0,1
71,formal,37,145,0.4231031428828276,0.08,1784255721.2836401,1784255724.673803,1784255725.543434,1784255725.1086185,1.2,0.059824,0.102246,-0.003754,0.006556,1,acq,7680,7680,0,6,True,False,1,1200000,8381618,False,-843318,1086795,0,0,0,0,1
72,formal,38,148,0.5536566190839256,0.1,1784255733.224709,1784255736.6299012,1784255737.511026,1784255737.0704637,1.2,0.041617,0.071084,-0.005213,0.009234,1,acq,7680,7680,0,6,True,False,1,1200000,8381618,False,-611105,825280,0,0,0,0,1
73,formal,39,151,0.6842100952850245,0.06,1784255745.190275,1784255748.571469,1784255749.440471,1784255749.00597,1.2,0.005337,0.00902,-0.001792,0.003357,1,acq,7680,7680,0,6,True,False,1,1200000,8381618,False,-202996,241275,0,0,0,0,1
74,formal,40,154,0.8147635714861234,0.08,1784255757.1627479,1784255760.552483,1784255761.421721,1784255760.987102,1.2,-0.019539,-0.033225,-0.003384,0.006287,1,acq,7680,7680,0,6,True,False,1,1200000,8381618,False,-413614,549791,0,0,0,0,1
75,formal,41,157,0.9453170476872224,0.1,1784255769.1712902,1784255772.609395,1784255773.4838881,1784255773.0466416,1.2,-0.057393,-0.097946,-0.004925,0.009544,1,acq,7680,7680,0,6,True,False,1,1200000,8381618,False,-846452,1112370,0,0,0,0,1
76,formal,42,160,1.0758705238883213,0.06,1784255781.196298,1784255784.622464,1784255785.496534,1784255785.059499,1.2,-0.053767,-0.091708,-0.001342,0.002784,1,acq,7680,7680,0,6,True,False,1,1200000,8381618,False,-864998,896841,0,0,0,0,1
77,formal,43,163,1.2064240000894193,0.08,1784255793.204724,1784255796.593261,1784255797.462482,1784255797.0278716,1.2,-0.097776,-0.166822,-0.002087,0.004573,1,acq,7680,7680,0,6,True,False,1,1200000,8381618,False,-1434776,1583233,0,0,0,0,1
78,formal,44,166,1.3369774762905182,0.1,1784255805.175325,1784255808.587899,1784255809.463284,1784255809.0255914,1.2,-0.153644,-0.26148,-0.004024,0.008461,1,acq,7680,7680,0,6,True,False,1,1200000,8381618,False,-2224232,2422909,0,0,0,0,1
79,formal,45,169,1.4675309524916171,0.06,1784255817.175114,1784255820.589074,1784255821.45755,1784255821.023312,1.2,-0.111728,-0.190404,-0.001932,0.003969,1,acq,7680,7680,0,6,True,False,1,1200000,8381618,False,-1624899,1746172,0,0,0,0,1
80,formal,46,172,1.5980844286927152,0.08,1784255829.139909,1784255832.5393212,1784255833.416725,1784255832.978023,1.2,-0.171031,-0.290891,-0.003405,0.007013,1,acq,7680,7680,0,6,True,False,1,1200000,8381618,False,-2435951,2599906,0,0,0,0,1
81,formal,47,175,1.728637904893814,0.1,1784255841.100448,1784255844.509106,1784255845.3729632,1784255844.9410346,1.2,-0.242415,-0.412112,-0.00358,0.008225,1,acq,7680,7680,0,6,True,False,1,1200000,8381618,False,-3373442,3598795,0,0,0,0,1
82,formal,48,178,1.859191381094913,0.06,1784255853.097141,1784255856.513958,1784255857.3917089,1784255856.9528334,1.2,-0.159669,-0.271504,8.6e-05,0.001249,1,acq,7680,7680,0,6,True,False,1,1200000,8381618,False,-2294269,2424349,0,0,0,0,1
83,formal,49,181,1.989744857296012,0.08,1784255865.1179142,1784255868.5369961,1784255869.409048,1784255868.973022,1.2,-0.235115,-0.39952,4.1e-05,0.001663,1,acq,7680,7680,0,6,True,False,1,1200000,8381618,False,-3356250,3492682,0,0,0,0,1
84,formal,50,184,2.120298333497111,0.1,1784255877.083987,1784255880.500684,1784255881.3669062,1784255880.933795,1.2,-0.316263,-0.536568,-0.001726,0.005231,1,acq,7680,7680,0,6,True,False,1,1200000,8381618,False,-4374363,4556526,0,0,0,0,1
85,formal,51,187,2.250851809698209,0.06,1784255889.093316,1784255892.495163,1784255893.366478,1784255892.9308205,1.2,-0.204565,-0.347297,-0.001349,0.003451,1,acq,7680,7680,0,6,True,False,1,1200000,8381618,False,-2890977,2995058,0,0,0,0,1
86,formal,52,190,2.3814052858993078,0.08,1784255901.050802,1784255904.4515991,1784255905.318452,1784255904.8850255,1.167901,-0.28589,-0.484757,-0.002803,0.006647,1,acq,7680,7680,0,6,True,False,1,1200000,8381618,False,-3988866,4110647,0,0,0,0,1
87,formal,53,193,2.5119587621004067,0.1,1784255913.046357,1784255916.42708,1784255917.295289,1784255916.8611846,1.113843,-0.373543,-0.632434,-0.001408,0.005233,1,acq,7680,7680,0,6,True,False,1,1200000,8381618,False,-5207434,5350472,0,0,0,0,1
88,formal,54,196,2.6425122383015047,0.06,1784255925.000235,1784255928.414298,1784255929.284896,1784255928.849597,1.0565,-0.230753,-0.391467,0.001246,-0.000575,1,acq,7680,7680,0,6,True,False,1,1200000,8381618,False,-3261993,3340329,0,0,0,0,1
89,formal,55,199,2.7730657145026036,0.08,1784255936.959528,1784255940.357266,1784255941.237515,1784255940.7973905,0.997161,-0.318693,-0.539932,0.002539,-0.002194,1,acq,7680,7680,0,6,True,False,1,1200000,8381618,False,-4531289,4485558,0,0,0,0,1
90,formal,56,202,2.9036191907037026,0.1,1784255948.950092,1784255952.3700101,1784255953.2440891,1784255952.8070498,0.936792,-0.407329,-0.688991,0.000634,0.001157,1,acq,7680,7680,0,6,True,False,1,1200000,8381618,False,-5652552,5792202,0,0,0,0,1
91,formal,57,205,3.0341726669048015,0.06,1784255960.9661179,1784255964.383314,1784255965.26612,1784255964.824717,0.875457,-0.250959,-0.425182,-5.9e-05,0.001402,1,acq,7680,7680,0,6,True,False,1,1200000,8381618,False,-3543410,3570933,0,0,0,0,1
92,formal,58,208,3.1647261431059004,0.08,1784255972.952317,1784255976.358132,1784255977.22672,1784255976.792426,0.811666,-0.333322,-0.563757,-0.001439,0.004398,1,acq,7680,7680,0,6,True,False,1,1200000,8381618,False,-4646041,4754187,0,0,0,0,1
93,formal,59,211,3.2952796193069984,0.1,1784255984.9217532,1784255988.325871,1784255989.194484,1784255988.7601776,0.750066,-0.419064,-0.707797,0.000491,0.001367,1,acq,7680,7680,0,6,True,False,1,1200000,8381618,False,-5818709,5917116,0,0,0,0,1
94,formal,60,214,3.4258330955080973,0.06,1784255996.8938,1784256000.310834,1784256001.18124,1784256000.746037,0.686833,-0.247054,-0.41817,0.00222,-0.00203,1,acq,7680,7680,0,6,True,False,1,1200000,8381618,False,-3551370,3613277,0,0,0,0,1
95,formal,61,217,3.5563865717091963,0.08,1784256008.8706582,1784256012.255053,1784256013.120903,1784256012.687978,0.624104,-0.328392,-0.555267,0.003595,-0.004237,1,acq,7680,7680,0,6,True,False,1,1200000,8381618,False,-4586760,4618094,0,0,0,0,1
96,formal,62,220,3.6869400479102943,0.1,1784256020.837109,1784256024.234224,1784256025.119991,1784256024.6771076,0.563343,-0.403328,-0.681074,0.003929,-0.004362,1,acq,7680,7680,0,6,True,False,1,1200000,8381618,False,-5632227,5690746,0,0,0,0,1
97,formal,63,223,3.817493524111393,0.06,1784256032.879607,1784256036.271476,1784256037.154586,1784256036.713031,0.502948,-0.237915,-0.402347,0.00065,-0.000114,1,acq,7680,7680,0,6,True,False,1,1200000,8381618,False,-3308741,3397324,0,0,0,0,1
98,formal,64,226,3.948047000312492,0.08,1784256044.85373,1784256048.281344,1784256049.146624,1784256048.713984,0.445006,-0.303832,-0.513441,0.000454,0.00069,1,acq,7680,7680,0,6,True,False,1,1200000,8381618,False,-4229463,4336423,0,0,0,0,1
99,formal,65,229,4.078600476513591,0.1,1784256056.873612,1784256060.281263,1784256061.152272,1784256060.7167675,0.389056,-0.363959,-0.614323,0.002955,-0.003091,1,acq,7680,7680,0,6,True,False,1,1200000,8381618,False,-5117073,5099204,0,0,0,0,1
100,formal,66,232,4.20915395271469,0.06,1784256068.857176,1784256072.263048,1784256073.129529,1784256072.6962886,0.334793,-0.20587,-0.348302,0.002424,-0.002923,1,acq,7680,7680,0,6,True,False,1,1200000,8381618,False,-2948480,2929764,0,0,0,0,1
101,formal,67,235,4.339707428915789,0.08,1784256080.804469,1784256084.2046568,1784256085.087424,1784256084.6460404,0.284332,-0.259948,-0.439446,0.004661,-0.006636,1,acq,7680,7680,0,6,True,False,1,1200000,8381618,False,-3742425,3637921,0,0,0,0,1
102,formal,68,238,4.470260905116888,0.1,1784256092.770953,1784256096.1643589,1784256097.041386,1784256096.6028724,0.23677,-0.302776,-0.511111,0.005061,-0.007535,1,acq,7680,7680,0,6,True,False,1,1200000,8381618,False,-4296451,4180768,0,0,0,0,1
103,formal,69,241,4.600814381317985,0.06,1784256104.702979,1784256108.1003761,1784256108.970856,1784256108.535616,0.192432,-0.168509,-0.285003,0.001568,-0.002096,1,acq,7680,7680,0,6,True,False,1,1200000,8381618,False,-2396572,2411900,0,0,0,0,1
104,formal,70,244,4.731367857519084,0.08,1784256116.7017941,1784256120.1008298,1784256120.983344,1784256120.542087,0.152693,-0.200795,-0.339393,0.001836,-0.002291,1,acq,7680,7680,0,6,True,False,1,1200000,8381618,False,-2846855,2858627,0,0,0,0,1
105,formal,71,247,4.861921333720183,0.1,1784256128.673238,1784256132.066299,1784256132.938433,1784256132.502366,0.116744,-0.223088,-0.376898,0.004648,-0.007262,1,acq,7680,7680,0,6,True,False,1,1200000,8381618,False,-3208555,3100748,0,0,0,0,1
106,formal,72,250,4.992474809921282,0.06,1784256140.685817,1784256144.107866,1784256144.992385,1784256144.5501256,0.08458,-0.114098,-0.193167,0.002289,-0.00345,1,acq,7680,7680,0,6,True,False,1,1200000,8381618,False,-1684858,1653354,0,0,0,0,1
107,formal,73,253,5.123028286122381,0.08,1784256152.6877189,1784256156.073778,1784256156.945962,1784256156.50987,0.057803,-0.128797,-0.217869,0.004235,-0.006935,1,acq,7680,7680,0,6,True,False,1,1200000,8381618,False,-1912328,1811720,0,0,0,0,1
108,formal,74,256,5.2535817623234795,0.1,1784256164.653978,1784256168.0733209,1784256168.952241,1784256168.512781,0.035767,-0.128206,-0.21695,0.005583,-0.009565,1,acq,7680,7680,0,6,True,False,1,1200000,8381618,False,-1945526,1786483,0,0,0,0,1
109,formal,75,259,5.384135238524578,0.06,1784256176.672797,1784256180.050656,1784256180.92323,1784256180.486943,0.018426,-0.057468,-0.097397,0.001917,-0.003242,1,acq,7680,7680,0,6,True,False,1,1200000,8381618,False,-902430,853057,0,0,0,0,1
110,formal,76,262,5.514688714725676,0.08,1784256188.65377,1784256192.053466,1784256192.933002,1784256192.4932342,0.006644,-0.048416,-0.08203,0.003046,-0.005429,1,acq,7680,7680,0,6,True,False,1,1200000,8381618,False,-796740,721283,0,0,0,0,1
111,formal,77,265,5.6452421909267745,0.1,1784256200.618251,1784256204.041697,1784256204.915413,1784256204.478555,7.9e-05,-0.025614,-0.043445,0.005149,-0.009298,1,acq,7680,7680,0,6,True,False,1,1200000,8381618,False,-536665,378384,0,0,0,0,1
112,formal,78,268,5.775795667127873,0.06,1784256212.5982249,1784256216.005722,1784256216.8765929,1784256216.4411573,-0.001477,0.005223,0.008908,0.001819,-0.003363,1,acq,7680,7680,0,6,True,False,1,1200000,8381618,False,-191394,161584,0,0,0,0,1
113,formal,79,271,5.906349143328972,0.08,1784256224.558433,1784256227.9682062,1784256228.84338,1784256228.4057932,0.002636,0.034724,0.058968,0.00292,-0.005599,1,acq,7680,7680,0,6,True,False,1,1200000,8381618,False,-616610,521167,0,0,0,0,1
114,formal,80,274,6.036902619530071,0.1,1784256236.525399,1784256239.9434931,1784256240.826901,1784256240.3851972,0.012149,0.078112,0.132328,0.004548,-0.00884,1,acq,7680,7680,0,6,True,False,1,1200000,8381618,False,-1255662,1086964,0,0,0,0,1
