dmm_sequence_index,source_sequence_index,side,read_index,t_start_unix,t_end_unix,t_mid_unix,dc_dmm
0,0,pre,0,1784345426.342836,1784345426.5432372,1784345426.4430366,0.305827992
1,0,pre,1,1784345426.543405,1784345426.753542,1784345426.6484735,0.281696907
2,0,pre,2,1784345426.7537339,1784345426.963873,1784345426.8588033,0.289740602
3,0,pre,3,1784345426.964118,1784345427.1701388,1784345427.0671284,0.296443681
4,0,pre,4,1784345427.1703339,1784345427.374023,1784345427.2721784,0.319234151
5,0,pre,5,1784345427.3743858,1784345427.57687,1784345427.475628,0.279015675
6,0,pre,6,1784345427.57725,1784345427.780546,1784345427.6788979,0.272312596
7,0,pre,7,1784345427.780734,1784345427.9908779,1784345427.885806,0.264268901
8,0,post,0,1784345446.6845372,1784345446.8946948,1784345446.789616,0.303146761
9,0,post,1,1784345446.894872,1784345447.103507,1784345446.9991894,0.304487376
10,0,post,2,1784345447.1037078,1784345447.312713,1784345447.2082105,0.289740602
11,0,post,3,1784345447.312931,1784345447.520121,1784345447.416526,0.305827992
12,0,post,4,1784345447.520326,1784345447.7208462,1784345447.620586,0.297784297
13,0,post,5,1784345447.721138,1784345447.931301,1784345447.8262196,0.307168608
14,0,post,6,1784345447.931509,1784345448.139628,1784345448.0355685,0.307168608
15,0,post,7,1784345448.139827,1784345448.345033,1784345448.24243,0.30984984
16,1,pre,0,1784345457.725652,1784345457.935691,1784345457.8306715,0.301806145
17,1,pre,1,1784345457.935891,1784345458.146212,1784345458.0410514,0.304487376
18,1,pre,2,1784345458.146504,1784345458.347809,1784345458.2471566,0.297784297
19,1,pre,3,1784345458.348007,1784345458.554467,1784345458.451237,0.311190456
20,1,pre,4,1784345458.5547369,1784345458.764863,1784345458.6598,0.316552919
21,1,pre,5,1784345458.765126,1784345458.975269,1784345458.8701975,0.299124913
22,1,pre,6,1784345458.9755058,1784345459.1856341,1784345459.08057,0.300465529
23,1,pre,7,1784345459.1858299,1784345459.3907871,1784345459.2883086,0.303146761
24,1,post,0,1784345478.080598,1784345478.2907488,1784345478.1856735,0.315212303
25,1,post,1,1784345478.290952,1784345478.496387,1784345478.3936696,0.321915383
26,1,post,2,1784345478.496796,1784345478.706939,1784345478.6018674,0.327277846
27,1,post,3,1784345478.707139,1784345478.915694,1784345478.8114166,0.320574767
28,1,post,4,1784345478.9159172,1784345479.1176,1784345479.0167584,0.328618462
29,1,post,5,1784345479.117837,1784345479.3279831,1784345479.22291,0.332640309
30,1,post,6,1784345479.3281732,1784345479.537109,1784345479.432641,0.312531072
31,1,post,7,1784345479.5373042,1784345479.7454348,1784345479.6413693,0.323255998
32,2,pre,0,1784345602.630919,1784345602.8372679,1784345602.7340934,0.30984984
33,2,pre,1,1784345602.8375008,1784345603.046237,1784345602.9418688,0.317893535
34,2,pre,2,1784345603.046428,1784345603.256554,1784345603.151491,0.331299694
35,2,pre,3,1784345603.2567549,1784345603.458806,1784345603.3577805,0.320574767
36,2,pre,4,1784345603.459139,1784345603.662174,1784345603.5606565,0.328618462
37,2,pre,5,1784345603.662376,1784345603.863877,1784345603.7631264,0.319234151
38,2,pre,6,1784345603.8640902,1784345604.070602,1784345603.9673462,0.32593723
39,2,pre,7,1784345604.0708039,1784345604.2789602,1784345604.174882,0.328618462
40,2,post,0,1784345622.974933,1784345623.1753752,1784345623.075154,0.32593723
41,2,post,1,1784345623.175545,1784345623.3838441,1784345623.2796946,0.268290748
42,2,post,2,1784345623.3840141,1784345623.594131,1784345623.4890726,0.292421834
43,2,post,3,1784345623.594303,1784345623.804435,1784345623.699369,0.299124913
44,2,post,4,1784345623.804637,1784345624.006546,1784345623.9055915,0.281696907
45,2,post,5,1784345624.006901,1784345624.217036,1784345624.1119685,0.260247053
46,2,post,6,1784345624.217288,1784345624.427436,1784345624.322362,0.320574767
47,2,post,7,1784345624.4276469,1784345624.628501,1784345624.5280738,0.308509224
48,3,pre,0,1784345634.014909,1784345634.21992,1784345634.1174145,0.274993828
49,3,pre,1,1784345634.2202601,1784345634.420845,1784345634.3205526,0.295103065
50,3,pre,2,1784345634.421049,1784345634.629159,1784345634.525104,0.305827992
51,3,pre,3,1784345634.629442,1784345634.837337,1784345634.7333894,0.285718754
52,3,pre,4,1784345634.837588,1784345635.0477362,1784345634.9426622,0.297784297
53,3,pre,5,1784345635.047928,1784345635.2504241,1784345635.1491761,0.273653212
54,3,pre,6,1784345635.250595,1784345635.4607759,1784345635.3556855,0.280356291
55,3,pre,7,1784345635.461235,1784345635.671239,1784345635.566237,0.285718754
56,3,post,0,1784345654.371427,1784345654.579233,1784345654.4753299,0.268290748
57,3,post,1,1784345654.5794392,1784345654.787391,1784345654.683415,0.274993828
58,3,post,2,1784345654.787627,1784345654.987784,1784345654.8877053,0.225391041
59,3,post,3,1784345654.98799,1784345655.190294,1784345655.0891418,0.262928285
60,3,post,4,1784345655.1905122,1784345655.400645,1784345655.2955785,0.226731657
61,3,post,5,1784345655.400834,1784345655.607475,1784345655.5041547,0.245500279
62,3,post,6,1784345655.6076941,1784345655.808651,1784345655.7081726,0.269631364
63,3,post,7,1784345655.808843,1784345656.0111308,1784345655.909987,0.284378139
64,4,pre,0,1784345752.8411388,1784345753.045469,1784345752.943304,0.203941187
65,4,pre,1,1784345753.045683,1784345753.255844,1784345753.1507635,0.197238108
66,4,pre,2,1784345753.256161,1784345753.46069,1784345753.3584256,0.203941187
67,4,pre,3,1784345753.4609652,1784345753.670298,1784345753.5656316,0.174447638
68,4,pre,4,1784345753.6705542,1784345753.877131,1784345753.7738426,0.19321626
69,4,pre,5,1784345753.8773131,1784345754.087523,1784345753.982418,0.221369193
70,4,pre,6,1784345754.087795,1784345754.2892811,1784345754.188538,0.191875644
71,4,pre,7,1784345754.2894778,1784345754.494671,1784345754.3920746,0.195897492
72,4,post,0,1784345773.188639,1784345773.398772,1784345773.2937055,0.178469486
73,4,post,1,1784345773.398952,1784345773.59919,1784345773.4990711,0.155679016
74,4,post,2,1784345773.59935,1784345773.802407,1784345773.7008786,0.209303651
75,4,post,3,1784345773.802773,1784345774.007245,1784345773.905009,0.185172565
76,4,post,4,1784345774.0074549,1784345774.217603,1784345774.1125288,0.159700864
77,4,post,5,1784345774.21783,1784345774.420675,1784345774.3192525,0.170425791
78,4,post,6,1784345774.4208992,1784345774.629032,1784345774.5249655,0.148975937
79,4,post,7,1784345774.6292522,1784345774.837367,1784345774.7333097,0.197238108
80,5,pre,0,1784345784.2620249,1784345784.472176,1784345784.3671005,0.16104148
81,5,pre,1,1784345784.472369,1784345784.679082,1784345784.5757256,0.167744559
82,5,pre,2,1784345784.67931,1784345784.8848488,1784345784.7820795,0.158360248
83,5,pre,3,1784345784.8850582,1784345785.087583,1784345784.9863205,0.1543384
84,5,pre,4,1784345785.087819,1784345785.294097,1784345785.190958,0.170425791
85,5,pre,5,1784345785.294301,1784345785.504464,1784345785.3993826,0.187853797
86,5,pre,6,1784345785.504645,1784345785.707964,1784345785.6063046,0.197238108
87,5,pre,7,1784345785.708191,1784345785.915334,1784345785.8117623,0.179810102
88,5,post,0,1784345804.604542,1784345804.8095958,1784345804.707069,0.167744559
89,5,post,1,1784345804.8097842,1784345805.019934,1784345804.914859,0.155679016
90,5,post,2,1784345805.020161,1784345805.230292,1784345805.1252265,0.144954089
91,5,post,3,1784345805.230478,1784345805.437629,1784345805.3340535,0.130207315
92,5,post,4,1784345805.437807,1784345805.6382499,1784345805.5380285,0.169085175
93,5,post,5,1784345805.638449,1784345805.8485959,1784345805.7435224,0.165063327
94,5,post,6,1784345805.848822,1784345806.049845,1784345805.9493337,0.148975937
95,5,post,7,1784345806.050179,1784345806.251476,1784345806.1508274,0.152997785
96,6,pre,0,1784345877.4124842,1784345877.6202502,1784345877.5163672,1.37698006
97,6,pre,1,1784345877.620534,1784345877.822168,1784345877.7213511,1.37027698
98,6,pre,2,1784345877.822499,1784345878.0265532,1784345877.9245262,1.38502376
99,6,pre,3,1784345878.026765,1784345878.232301,1784345878.129533,1.39440807
100,6,pre,4,1784345878.232534,1784345878.437876,1784345878.335205,1.36759575
101,6,pre,5,1784345878.4380832,1784345878.639411,1784345878.538747,1.37966129
102,6,pre,6,1784345878.6396868,1784345878.8399518,1784345878.7398193,1.38770499
103,6,pre,7,1784345878.840207,1784345879.04513,1784345878.9426684,1.39172684
104,6,post,0,1784345897.719767,1784345897.926367,1784345897.8230672,1.36759575
105,6,post,1,1784345897.926582,1784345898.1367161,1784345898.031649,1.35284898
106,6,post,2,1784345898.137005,1784345898.343584,1784345898.2402945,1.36491452
107,6,post,3,1784345898.343789,1784345898.5444129,1784345898.4441009,1.3381022
108,6,post,4,1784345898.544636,1784345898.751751,1784345898.6481934,1.34882713
109,6,post,5,1784345898.7519948,1784345898.953587,1784345898.8527908,1.33944282
110,6,post,6,1784345898.953911,1784345899.156511,1784345899.055211,1.35150836
111,6,post,7,1784345899.156708,1784345899.360592,1784345899.2586498,1.3461459
112,7,pre,0,1784345908.781864,1784345908.991968,1784345908.886916,1.38368314
113,7,pre,1,1784345908.992178,1784345909.196191,1784345909.0941844,1.39172684
114,7,pre,2,1784345909.1964679,1784345909.398687,1784345909.2975774,1.3635739
115,7,pre,3,1784345909.398954,1784345909.608803,1784345909.5038786,1.33676159
116,7,pre,4,1784345909.608976,1784345909.819094,1784345909.714035,1.3461459
117,7,pre,5,1784345909.819293,1784345910.01952,1784345909.9194064,1.35821144
118,7,pre,6,1784345910.0197172,1784345910.226144,1784345910.1229305,1.35150836
119,7,pre,7,1784345910.226337,1784345910.436461,1784345910.331399,1.35418959
120,7,post,0,1784345929.14781,1784345929.349068,1784345929.2484388,1.34480528
121,7,post,1,1784345929.349309,1784345929.554606,1784345929.4519575,1.35284898
122,7,post,2,1784345929.554995,1784345929.765185,1784345929.66009,1.3635739
123,7,post,3,1784345929.76546,1784345929.975647,1784345929.8705535,1.34346467
124,7,post,4,1784345929.9759412,1784345930.177185,1784345930.0765631,1.3381022
125,7,post,5,1784345930.177386,1784345930.380727,1784345930.2790565,1.33542097
126,7,post,6,1784345930.380955,1784345930.585686,1784345930.4833205,1.37429883
127,7,post,7,1784345930.585902,1784345930.787286,1784345930.686594,1.34212405
128,8,pre,0,1784345958.811368,1784345959.021515,1784345958.9164414,0.340684005
129,8,pre,1,1784345959.0217228,1784345959.22205,1784345959.1218863,0.358112011
130,8,pre,2,1784345959.222259,1784345959.432184,1784345959.3272214,0.356771395
131,8,pre,3,1784345959.432437,1784345959.639956,1784345959.5361965,0.333980925
132,8,pre,4,1784345959.6401641,1784345959.844464,1784345959.742314,0.351408931
133,8,pre,5,1784345959.8446798,1784345960.048081,1784345959.9463804,0.351408931
134,8,pre,6,1784345960.048328,1784345960.2539442,1784345960.151136,0.340684005
135,8,pre,7,1784345960.254463,1784345960.462919,1784345960.358691,0.338002773
136,8,post,0,1784345979.105969,1784345979.3121128,1784345979.2090409,0.329959078
137,8,post,1,1784345979.3123178,1784345979.516713,1784345979.4145155,0.332640309
138,8,post,2,1784345979.516893,1784345979.7270231,1784345979.621958,0.328618462
139,8,post,3,1784345979.727326,1784345979.931401,1784345979.8293633,0.307168608
140,8,post,4,1784345979.931668,1784345980.1372201,1784345980.034444,0.317893535
141,8,post,5,1784345980.137401,1784345980.347507,1784345980.242454,0.328618462
142,8,post,6,1784345980.3477418,1784345980.5515,1784345980.449621,0.313871687
143,8,post,7,1784345980.5518029,1784345980.7619278,1784345980.6568654,0.327277846
144,9,pre,0,1784345990.156932,1784345990.362583,1784345990.2597575,0.332640309
145,9,pre,1,1784345990.362856,1784345990.573078,1784345990.467967,0.333980925
146,9,pre,2,1784345990.5732858,1784345990.774146,1784345990.673716,0.319234151
147,9,pre,3,1784345990.774396,1784345990.9845278,1784345990.8794618,0.333980925
148,9,pre,4,1784345990.9848242,1784345991.1889338,1784345991.086879,0.319234151
149,9,pre,5,1784345991.189142,1784345991.390507,1784345991.2898245,0.32593723
150,9,pre,6,1784345991.390741,1784345991.594707,1784345991.492724,0.331299694
151,9,pre,7,1784345991.595072,1784345991.8052402,1784345991.7001562,0.317893535
152,9,post,0,1784346010.481598,1784346010.687219,1784346010.5844083,0.320574767
153,9,post,1,1784346010.687399,1784346010.897519,1784346010.792459,0.319234151
154,9,post,2,1784346010.8977668,1784346011.107934,1784346011.0028505,0.300465529
155,9,post,3,1784346011.108188,1784346011.3127701,1784346011.210479,0.30984984
156,9,post,4,1784346011.313013,1784346011.5232708,1784346011.4181418,0.311190456
157,9,post,5,1784346011.5235069,1784346011.726645,1784346011.6250758,0.30984984
158,9,post,6,1784346011.726906,1784346011.9324841,1784346011.8296952,0.29376245
159,9,post,7,1784346011.932765,1784346012.135147,1784346012.033956,0.299124913
160,10,pre,0,1784346126.336315,1784346126.536692,1784346126.4365034,0.0993731504
161,10,pre,1,1784346126.536902,1784346126.737221,1784346126.6370616,0.100713766
162,10,pre,2,1784346126.7375512,1784346126.9421551,1784346126.8398533,0.115460541
163,10,pre,3,1784346126.942341,1784346127.152468,1784346127.0474045,0.114119925
164,10,pre,4,1784346127.152658,1784346127.353935,1784346127.2532964,0.111438693
165,10,pre,5,1784346127.3541682,1784346127.559445,1784346127.4568067,0.144954089
166,10,pre,6,1784346127.559681,1784346127.7624152,1784346127.661048,0.12216362
167,10,pre,7,1784346127.762645,1784346127.965764,1784346127.8642044,0.112779309
168,10,post,0,1784346146.621459,1784346146.829001,1784346146.72523,0.159700864
169,10,post,1,1784346146.829259,1784346147.039407,1784346146.9343328,0.140932242
170,10,post,2,1784346147.0396202,1784346147.2407181,1784346147.1401691,0.127526083
171,10,post,3,1784346147.241024,1784346147.451212,1784346147.346118,0.169085175
172,10,post,4,1784346147.451453,1784346147.660746,1784346147.5560994,0.135569778
173,10,post,5,1784346147.660962,1784346147.862401,1784346147.7616816,0.147635321
174,10,post,6,1784346147.862656,1784346148.0728488,1784346147.9677525,0.108757461
175,10,post,7,1784346148.0730722,1784346148.279202,1784346148.176137,0.148975937
176,11,pre,0,1784346157.6642618,1784346157.8723478,1784346157.7683048,0.157019632
177,11,pre,1,1784346157.872651,1784346158.0751731,1784346157.9739122,0.147635321
178,11,pre,2,1784346158.0753732,1784346158.285612,1784346158.1804926,0.173107022
179,11,pre,3,1784346158.2858171,1784346158.495945,1784346158.390881,0.147635321
180,11,pre,4,1784346158.496181,1784346158.700258,1784346158.5982194,0.16104148
181,11,pre,5,1784346158.700475,1784346158.904175,1784346158.802325,0.152997785
182,11,pre,6,1784346158.904481,1784346159.1146429,1784346159.009562,0.155679016
183,11,pre,7,1784346159.1148522,1784346159.3152661,1784346159.2150593,0.151657169
184,11,post,0,1784346177.9839911,1784346178.184918,1784346178.0844545,0.1543384
185,11,post,1,1784346178.185194,1784346178.3870878,1784346178.286141,0.17712887
186,11,post,2,1784346178.3874629,1784346178.59599,1784346178.4917264,0.165063327
187,11,post,3,1784346178.596322,1784346178.806541,1784346178.7014315,0.163722711
188,11,post,4,1784346178.8067431,1784346179.015866,1784346178.9113045,0.162382096
189,11,post,5,1784346179.016076,1784346179.2264252,1784346179.1212506,0.165063327
190,11,post,6,1784346179.226727,1784346179.436503,1784346179.331615,0.185172565
191,11,post,7,1784346179.436716,1784346179.645947,1784346179.5413315,0.191875644
192,12,pre,0,1784346235.008967,1784346235.209526,1784346235.1092465,1.25632463
193,12,pre,1,1784346235.209787,1784346235.417572,1784346235.3136795,1.29386188
194,12,pre,2,1784346235.4178822,1784346235.623389,1784346235.5206356,1.28447757
195,12,pre,3,1784346235.623656,1784346235.828577,1784346235.7261167,1.26839018
196,12,pre,4,1784346235.828855,1784346236.039042,1784346235.9339485,1.27643387
197,12,pre,5,1784346236.039244,1784346236.245287,1784346236.1422653,1.27643387
198,12,pre,6,1784346236.2455292,1784346236.452703,1784346236.349116,1.26436833
199,12,pre,7,1784346236.452883,1784346236.6566458,1784346236.5547643,1.26973079
200,12,post,0,1784346255.3259578,1784346255.536094,1784346255.431026,1.2791151
201,12,post,1,1784346255.5363488,1784346255.7369118,1784346255.6366303,1.29252126
202,12,post,2,1784346255.7371368,1784346255.947358,1784346255.8422475,1.28447757
203,12,post,3,1784346255.947602,1784346256.148622,1784346256.048112,1.30592742
204,12,post,4,1784346256.1489768,1784346256.359133,1784346256.254055,1.24157786
205,12,post,5,1784346256.3593369,1784346256.569458,1784346256.4643974,1.26704956
206,12,post,6,1784346256.569653,1784346256.7708359,1784346256.6702445,1.28447757
207,12,post,7,1784346256.7710452,1784346256.98119,1784346256.8761177,1.29788373
208,13,pre,0,1784346266.382216,1784346266.587866,1784346266.4850411,1.26570895
209,13,pre,1,1784346266.588063,1784346266.7896352,1784346266.688849,1.30994927
210,13,pre,2,1784346266.789821,1784346266.998485,1784346266.894153,1.2871588
211,13,pre,3,1784346266.9986718,1784346267.20788,1784346267.1032758,1.26436833
212,13,pre,4,1784346267.208064,1784346267.416779,1784346267.3124216,1.28984003
213,13,pre,5,1784346267.4170702,1784346267.6272168,1784346267.5221434,1.27643387
214,13,pre,6,1784346267.627419,1784346267.828023,1784346267.727721,1.29118065
215,13,pre,7,1784346267.8283038,1784346268.038499,1784346267.9334016,1.29386188
216,13,post,0,1784346286.7025862,1784346286.9037519,1784346286.803169,1.29520249
217,13,post,1,1784346286.903938,1784346287.114104,1784346287.009021,1.30592742
218,13,post,2,1784346287.1142862,1784346287.3204238,1784346287.217355,1.27643387
219,13,post,3,1784346287.3206358,1784346287.5307882,1784346287.425712,1.30458681
220,13,post,4,1784346287.530986,1784346287.734643,1784346287.6328144,1.26973079
221,13,post,5,1784346287.734838,1784346287.9361448,1784346287.8354914,1.3206742
222,13,post,6,1784346287.9363241,1784346288.137034,1784346288.036679,1.27643387
223,13,post,7,1784346288.137432,1784346288.337664,1784346288.2375479,1.30056496
224,14,pre,0,1784346304.9413881,1784346305.146411,1784346305.0438995,1.56064443
225,14,pre,1,1784346305.1465979,1784346305.347648,1784346305.2471228,1.58477552
226,14,pre,2,1784346305.3478541,1784346305.5513349,1784346305.4495945,1.57539121
227,14,pre,3,1784346305.551522,1784346305.7518091,1784346305.6516657,1.58477552
228,14,pre,4,1784346305.752074,1784346305.962694,1784346305.857384,1.57673182
229,14,pre,5,1784346305.972321,1784346306.182506,1784346306.0774136,1.57405059
230,14,pre,6,1784346306.1827252,1784346306.387285,1784346306.285005,1.57941306
231,14,pre,7,1784346306.387824,1784346306.5939221,1784346306.490873,1.58075367
232,14,post,0,1784346325.2325141,1784346325.442642,1784346325.337578,1.58209429
233,14,post,1,1784346325.442855,1784346325.6529841,1784346325.5479195,1.58477552
234,14,post,2,1784346325.653187,1784346325.853436,1784346325.7533116,1.56868813
235,14,post,3,1784346325.853618,1784346326.0624142,1784346325.958016,1.57136936
236,14,post,4,1784346326.062606,1784346326.271765,1784346326.1671855,1.57270998
237,14,post,5,1784346326.271971,1784346326.482111,1784346326.3770409,1.57405059
238,14,post,6,1784346326.4823449,1784346326.682692,1784346326.5825186,1.60622537
239,14,post,7,1784346326.68297,1784346326.891775,1784346326.7873726,1.57941306
240,15,pre,0,1784346336.30531,1784346336.5098681,1784346336.407589,1.58745675
241,15,pre,1,1784346336.51012,1784346336.7116349,1784346336.6108775,1.5834349
242,15,pre,2,1784346336.711926,1784346336.922079,1784346336.8170025,1.57405059
243,15,pre,3,1784346336.922294,1784346337.123256,1784346337.022775,1.58879737
244,15,pre,4,1784346337.12354,1784346337.329155,1784346337.2263474,1.57270998
245,15,pre,5,1784346337.329345,1784346337.539479,1784346337.434412,1.59952229
246,15,pre,6,1784346337.5397062,1784346337.743207,1784346337.6414566,1.58075367
247,15,pre,7,1784346337.743424,1784346337.953558,1784346337.848491,1.58477552
248,15,post,0,1784346356.644654,1784346356.8548732,1784346356.7497635,1.59818168
249,15,post,1,1784346356.8550751,1784346357.0624409,1784346356.9587579,1.6169503
250,15,post,2,1784346357.062751,1784346357.2710452,1784346357.1668983,1.61158784
251,15,post,3,1784346357.2712991,1784346357.4715068,1784346357.371403,1.57136936
252,15,post,4,1784346357.4717062,1784346357.681628,1784346357.576667,1.58209429
253,15,post,5,1784346357.681823,1784346357.89194,1784346357.7868814,1.57002875
254,15,post,6,1784346357.892121,1784346358.1022232,1784346357.997172,1.59952229
255,15,post,7,1784346358.102464,1784346358.303461,1784346358.2029624,1.59013798
256,16,pre,0,1784346370.5715,1784346370.781355,1784346370.6764274,1.69470602
257,16,pre,1,1784346370.781641,1784346370.985172,1784346370.8834066,1.73224326
258,16,pre,2,1784346370.985387,1784346371.1936011,1784346371.0894942,1.6759374
259,16,pre,3,1784346371.193814,1784346371.4039738,1784346371.298894,1.71749649
260,16,pre,4,1784346371.404212,1784346371.604789,1784346371.5045004,1.70811218
261,16,pre,5,1784346371.605015,1784346371.8133261,1784346371.7091706,1.70006848
262,16,pre,6,1784346371.8135612,1784346372.0212412,1784346371.9174013,1.69470602
263,16,pre,7,1784346372.0215108,1784346372.229444,1784346372.1254773,1.68666232
264,16,post,0,1784346390.904578,1784346391.114733,1784346391.0096555,1.70811218
265,16,post,1,1784346391.114965,1784346391.320891,1784346391.217928,1.69068417
266,16,post,2,1784346391.32114,1784346391.521496,1784346391.421318,1.70945279
267,16,post,3,1784346391.5217059,1784346391.726984,1784346391.6243448,1.6933654
268,16,post,4,1784346391.7272651,1784346391.9283898,1784346391.8278275,1.68129986
269,16,post,5,1784346391.928576,1784346392.138668,1784346392.033622,1.70274971
270,16,post,6,1784346392.1388748,1784346392.3458161,1784346392.2423453,1.71347464
271,16,post,7,1784346392.346014,1784346392.556129,1784346392.4510715,1.70409033
272,17,pre,0,1784346401.91968,1784346402.12991,1784346402.024795,1.68666232
273,17,pre,1,1784346402.130164,1784346402.340296,1784346402.23523,1.68800294
274,17,pre,2,1784346402.340498,1784346402.5506291,1784346402.4455636,1.68934356
275,17,pre,3,1784346402.5507991,1784346402.7609642,1784346402.6558816,1.7268808
276,17,pre,4,1784346402.76118,1784346402.9646451,1784346402.8629127,1.69202479
277,17,pre,5,1784346402.964832,1784346403.171493,1784346403.0681624,1.72554018
278,17,pre,6,1784346403.171734,1784346403.373047,1784346403.2723906,1.70677156
279,17,pre,7,1784346403.373236,1784346403.576747,1784346403.4749913,1.70677156
280,17,post,0,1784346422.254572,1784346422.461836,1784346422.358204,1.68666232
281,17,post,1,1784346422.462108,1784346422.668611,1784346422.5653596,1.70543095
282,17,post,2,1784346422.6688309,1784346422.872066,1784346422.7704484,1.69470602
283,17,post,3,1784346422.872277,1784346423.0732448,1784346422.972761,1.71883711
284,17,post,4,1784346423.0735831,1784346423.276532,1784346423.1750574,1.68666232
285,17,post,5,1784346423.2767282,1784346423.486887,1784346423.3818076,1.70409033
286,17,post,6,1784346423.487124,1784346423.689264,1784346423.588194,1.7014091
287,17,post,7,1784346423.689436,1784346423.890749,1784346423.7900925,1.69872787
288,18,pre,0,1784346451.94329,1784346452.144263,1784346452.0437765,1.04316671
289,18,pre,1,1784346452.144486,1784346452.354676,1784346452.2495809,1.0418261
290,18,pre,2,1784346452.354881,1784346452.565044,1784346452.4599624,1.02171686
291,18,pre,3,1784346452.565231,1784346452.775388,1784346452.6703095,1.04852918
292,18,pre,4,1784346452.7757068,1784346452.9769359,1784346452.8763213,1.02439809
293,18,pre,5,1784346452.9771452,1784346453.178622,1784346453.0778837,1.03646363
294,18,pre,6,1784346453.178835,1784346453.388983,1784346453.2839088,1.04852918
295,18,pre,7,1784346453.3892329,1784346453.597456,1784346453.4933443,1.02841994
296,18,post,0,1784346472.26243,1784346472.469782,1784346472.366106,1.00965132
297,18,post,1,1784346472.46995,1784346472.6781828,1784346472.5740664,1.01903563
298,18,post,2,1784346472.678349,1784346472.880979,1784346472.779664,1.00697009
299,18,post,3,1784346472.88116,1784346473.0912871,1784346472.9862237,1.00026701
300,18,post,4,1784346473.091531,1784346473.29934,1784346473.1954355,1.0163544
301,18,post,5,1784346473.299529,1784346473.5096698,1784346473.4045994,1.01903563
302,18,post,6,1784346473.509883,1784346473.717611,1784346473.6137471,0.997585774
303,18,post,7,1784346473.71786,1784346473.920439,1784346473.8191495,1.02976055
304,19,pre,0,1784346483.353766,1784346483.563898,1784346483.458832,1.01501378
305,19,pre,1,1784346483.564119,1784346483.772953,1784346483.6685362,1.00026701
306,19,pre,2,1784346483.773195,1784346483.9805388,1784346483.8768668,0.988201463
307,19,pre,3,1784346483.980758,1784346484.1866791,1784346484.0837185,1.04852918
308,19,pre,4,1784346484.186867,1784346484.390429,1784346484.2886481,1.02037624
309,19,pre,5,1784346484.390723,1784346484.6009128,1784346484.495818,1.01903563
310,19,pre,6,1784346484.6011379,1784346484.808497,1784346484.7048173,1.01769501
311,19,pre,7,1784346484.8086772,1784346485.018892,1784346484.9137845,1.01099193
312,19,post,0,1784346503.6739762,1784346503.87476,1784346503.774368,1.01099193
313,19,post,1,1784346503.874944,1784346504.084865,1784346503.9799047,0.989542079
314,19,post,2,1784346504.0850492,1784346504.2890072,1784346504.1870282,0.99892639
315,19,post,3,1784346504.2891881,1784346504.49371,1784346504.391449,1.04986979
316,19,post,4,1784346504.494009,1784346504.703156,1784346504.5985825,1.00562947
317,19,post,5,1784346504.703424,1784346504.913588,1784346504.808506,0.997585774
318,19,post,6,1784346504.913815,1784346505.1182,1784346505.0160074,1.01367316
319,19,post,7,1784346505.118387,1784346505.319871,1784346505.219129,1.03244179
320,20,pre,0,1784346544.862908,1784346545.064851,1784346544.9638796,0.018936199
321,20,pre,1,1784346545.065282,1784346545.268652,1784346545.166967,0.0202768148
322,20,pre,2,1784346545.268938,1784346545.479056,1784346545.373997,-0.00385413641
323,20,pre,3,1784346545.47926,1784346545.6828969,1784346545.5810785,0.0296611258
324,20,pre,4,1784346545.683095,1784346545.893255,1784346545.788175,0.0149143514
325,20,pre,5,1784346545.8935559,1784346546.09603,1784346545.994793,0.018936199
326,20,pre,6,1784346546.096253,1784346546.304598,1784346546.2004256,-0.00385413926
327,20,pre,7,1784346546.3048341,1784346546.5115268,1784346546.4081805,0.0108925038
328,20,post,0,1784346565.165079,1784346565.367831,1784346565.2664552,0.0269798941
329,20,post,1,1784346565.368049,1784346565.578169,1784346565.473109,-0.0105569873
330,20,post,2,1784346565.578361,1784346565.787971,1784346565.683166,0.0430672844
331,20,post,3,1784346565.788259,1784346565.991253,1784346565.889756,0.0175955831
332,20,post,4,1784346565.991462,1784346566.192632,1784346566.092047,0.0323423575
333,20,post,5,1784346566.192827,1784346566.394628,1784346566.2937274,0.0457485161
334,20,post,6,1784346566.3948421,1784346566.604966,1784346566.4999042,-0.00117295037
335,20,post,7,1784346566.605184,1784346566.807341,1784346566.7062626,0.0149143514
336,21,pre,0,1784346576.196129,1784346576.406283,1784346576.301206,0.0296611258
337,21,pre,1,1784346576.406483,1784346576.611825,1784346576.5091538,-0.0226221218
338,21,pre,2,1784346576.612021,1784346576.820862,1784346576.7164416,0.0122331197
339,21,pre,3,1784346576.821059,1784346577.026499,1784346576.923779,0.0242986624
340,21,pre,4,1784346577.026732,1784346577.227975,1784346577.1273534,0.0296611258
341,21,pre,5,1784346577.228221,1784346577.438369,1784346577.3332949,0.0390454368
342,21,pre,6,1784346577.4386282,1784346577.645872,1784346577.5422502,0.0175955831
343,21,pre,7,1784346577.646104,1784346577.8541608,1784346577.7501326,0.0202768148
344,21,post,0,1784346596.520938,1784346596.721791,1784346596.6213646,-0.0279844025
345,21,post,1,1784346596.7219908,1784346596.932132,1784346596.8270614,0.0162549673
346,21,post,2,1784346596.932364,1784346597.137322,1784346597.034843,0.0202768148
347,21,post,3,1784346597.137589,1784346597.342952,1784346597.2402706,0.0175955831
348,21,post,4,1784346597.3431392,1784346597.543373,1784346597.4432561,0.00821136062
349,21,post,5,1784346597.543537,1784346597.746739,1784346597.6451378,0.0189362418
350,21,post,6,1784346597.746967,1784346597.953668,1784346597.8503175,0.0108925038
351,21,post,7,1784346597.95388,1784346598.162005,1784346598.0579424,0.00284885152
352,22,pre,0,1784346689.3434072,1784346689.546336,1784346689.4448714,0.962729762
353,22,pre,1,1784346689.546548,1784346689.756675,1784346689.6516113,0.962729762
354,22,pre,2,1784346689.7568672,1784346689.967026,1784346689.8619466,0.973454689
355,22,pre,3,1784346689.967233,1784346690.170142,1784346690.0686874,0.952004835
356,22,pre,4,1784346690.1703758,1784346690.370792,1784346690.2705839,0.938598677
357,22,pre,5,1784346690.3710022,1784346690.581187,1784346690.4760947,0.961389146
358,22,pre,6,1784346690.581398,1784346690.784558,1784346690.6829782,0.962729762
359,22,pre,7,1784346690.784776,1784346690.9949172,1784346690.8898466,0.952004835
360,22,post,0,1784346709.697393,1784346709.907576,1784346709.8024845,0.941279908
361,22,post,1,1784346709.9077928,1784346710.1157382,1784346710.0117655,0.931895597
362,22,post,2,1784346710.115965,1784346710.3162198,1784346710.2160923,0.938598677
363,22,post,3,1784346710.3164349,1784346710.526591,1784346710.421513,0.934576829
364,22,post,4,1784346710.526817,1784346710.733115,1784346710.629966,0.94396114
365,22,post,5,1784346710.733335,1784346710.934839,1784346710.834087,0.923851902
366,22,post,6,1784346710.9350479,1784346711.1376672,1784346711.0363574,0.954686067
367,22,post,7,1784346711.13788,1784346711.348036,1784346711.242958,0.925192518
368,23,pre,0,1784346720.749436,1784346720.959587,1784346720.8545115,0.90508328
369,23,pre,1,1784346720.9598532,1784346721.1618319,1784346721.0608425,0.931895597
370,23,pre,2,1784346721.1620219,1784346721.364628,1784346721.263325,0.897039585
371,23,pre,3,1784346721.364854,1784346721.566012,1784346721.4654331,0.934576829
372,23,pre,4,1784346721.566438,1784346721.76771,1784346721.667074,0.925192518
373,23,pre,5,1784346721.767922,1784346721.978038,1784346721.87298,0.915808207
374,23,pre,6,1784346721.978225,1784346722.18715,1784346722.0826874,0.934576829
375,23,pre,7,1784346722.187357,1784346722.389246,1784346722.2883015,0.917148823
376,23,post,0,1784346741.05503,1784346741.264566,1784346741.1597981,0.911786359
377,23,post,1,1784346741.264798,1784346741.4749398,1784346741.3698688,0.933236213
378,23,post,2,1784346741.475167,1784346741.6854038,1784346741.5802855,0.883633426
379,23,post,3,1784346741.685727,1784346741.8958888,1784346741.7908077,0.895698969
380,23,post,4,1784346741.896095,1784346742.099485,1784346741.9977899,0.914467591
381,23,post,5,1784346742.0996978,1784346742.309877,1784346742.2047873,0.891677122
382,23,post,6,1784346742.310102,1784346742.5202649,1784346742.4151835,0.901061433
383,23,post,7,1784346742.5204742,1784346742.7268622,1784346742.6236682,0.883633426
384,24,pre,0,1784346769.328744,1784346769.531379,1784346769.4300613,1.59818168
385,24,pre,1,1784346769.531889,1784346769.742008,1784346769.6369486,1.61024722
386,24,pre,2,1784346769.7422562,1784346769.9485261,1784346769.8453913,1.58209429
387,24,pre,3,1784346769.948724,1784346770.158852,1784346770.0537882,1.63035646
388,24,pre,4,1784346770.1590679,1784346770.3596318,1784346770.2593498,1.56734751
389,24,pre,5,1784346770.359842,1784346770.565717,1784346770.4627795,1.59013798
390,24,pre,6,1784346770.565952,1784346770.7746508,1784346770.6703014,1.58879737
391,24,pre,7,1784346770.774824,1784346770.984226,1784346770.879525,1.57405059
392,24,post,0,1784346789.649364,1784346789.855809,1784346789.7525864,1.59550045
393,24,post,1,1784346789.8561,1784346790.0573142,1784346789.956707,1.60756599
394,24,post,2,1784346790.057503,1784346790.2669928,1784346790.162248,1.57405059
395,24,post,3,1784346790.26717,1784346790.477302,1784346790.372236,1.59818168
396,24,post,4,1784346790.477508,1784346790.678574,1784346790.578041,1.62767523
397,24,post,5,1784346790.678813,1784346790.889029,1784346790.783921,1.59684106
398,24,post,6,1784346790.8892422,1784346791.0899851,1784346790.9896135,1.5914786
399,24,post,7,1784346791.0902028,1784346791.294768,1784346791.1924853,1.6089066
400,25,pre,0,1784346800.712322,1784346800.922472,1784346800.817397,1.57941306
401,25,pre,1,1784346800.9227781,1784346801.125053,1784346801.0239155,1.59415983
402,25,pre,2,1784346801.125233,1784346801.326559,1784346801.225896,1.59281921
403,25,pre,3,1784346801.3268852,1784346801.536389,1784346801.4316373,1.56064443
404,25,pre,4,1784346801.5365849,1784346801.738226,1784346801.6374054,1.60488476
405,25,pre,5,1784346801.7384121,1784346801.944345,1784346801.8413787,1.58879737
406,25,pre,6,1784346801.944563,1784346802.145476,1784346802.0450196,1.60354414
407,25,pre,7,1784346802.145686,1784346802.3493109,1784346802.2474985,1.59818168
408,25,post,0,1784346820.983706,1784346821.184462,1784346821.084084,1.55930382
409,25,post,1,1784346821.184662,1784346821.38483,1784346821.2847462,1.56868813
410,25,post,2,1784346821.385043,1784346821.587305,1784346821.486174,1.6169503
411,25,post,3,1784346821.5877042,1784346821.7888021,1784346821.6882532,1.58477552
412,25,post,4,1784346821.789065,1784346821.996808,1784346821.8929365,1.61024722
413,25,post,5,1784346821.997068,1784346822.1990888,1784346822.0980783,1.61426907
414,25,post,6,1784346822.1992881,1784346822.4012501,1784346822.3002691,1.58477552
415,25,post,7,1784346822.401461,1784346822.6075761,1784346822.5045185,1.58879737
416,26,pre,0,1784346873.6909802,1784346873.901162,1784346873.796071,0.561885621
417,26,pre,1,1784346873.901432,1784346874.1097631,1784346874.0055976,0.541776383
418,26,pre,2,1784346874.110019,1784346874.315681,1784346874.21285,0.545798231
419,26,pre,3,1784346874.3158772,1784346874.521503,1784346874.4186902,0.53641392
420,26,pre,4,1784346874.521688,1784346874.7318232,1784346874.6267557,0.532392072
421,26,pre,5,1784346874.731987,1784346874.932443,1784346874.8322148,0.561885621
422,26,pre,6,1784346874.932637,1784346875.1383018,1784346875.0354695,0.549820078
423,26,pre,7,1784346875.1385028,1784346875.348659,1784346875.2435808,0.569929316
424,26,post,0,1784346894.033275,1784346894.236746,1784346894.1350105,0.51362345
425,26,post,1,1784346894.236937,1784346894.438142,1784346894.3375397,0.517645298
426,26,post,2,1784346894.438378,1784346894.6443388,1784346894.5413585,0.539095151
427,26,post,3,1784346894.644545,1784346894.845265,1784346894.744905,0.512282834
428,26,post,4,1784346894.845438,1784346895.0486012,1784346894.9470196,0.540435767
429,26,post,5,1784346895.04878,1784346895.25294,1784346895.1508598,0.53641392
430,26,post,6,1784346895.2531981,1784346895.463347,1784346895.3582726,0.539095151
431,26,post,7,1784346895.4635289,1784346895.673722,1784346895.5686255,0.520326529
432,27,pre,0,1784346905.1230688,1784346905.330018,1784346905.2265434,0.533732688
433,27,pre,1,1784346905.3302631,1784346905.5388641,1784346905.4345636,0.532392072
434,27,pre,2,1784346905.5390668,1784346905.7477388,1784346905.6434028,0.517645298
435,27,pre,3,1784346905.747936,1784346905.954845,1784346905.8513904,0.514964066
436,27,pre,4,1784346905.9550982,1784346906.162876,1784346906.0589871,0.527029609
437,27,pre,5,1784346906.163139,1784346906.370083,1784346906.266611,0.510942218
438,27,pre,6,1784346906.370314,1784346906.579574,1784346906.474944,0.531051456
439,27,pre,7,1784346906.579854,1784346906.789991,1784346906.6849225,0.477426822
440,27,post,0,1784346925.483266,1784346925.6934662,1784346925.588366,0.516304682
441,27,post,1,1784346925.693717,1784346925.895453,1784346925.794585,0.521667145
442,27,post,2,1784346925.895644,1784346926.098509,1784346925.9970765,0.506920371
443,27,post,3,1784346926.098698,1784346926.3044841,1784346926.201591,0.520326529
444,27,post,4,1784346926.304689,1784346926.5097651,1784346926.407227,0.508260987
445,27,post,5,1784346926.509988,1784346926.712824,1784346926.611406,0.493514212
446,27,post,6,1784346926.7130911,1784346926.9232361,1784346926.8181636,0.501557907
447,27,post,7,1784346926.923489,1784346927.129537,1784346927.026513,0.514964066
448,28,pre,0,1784346935.114233,1784346935.314993,1784346935.214613,0.559204389
449,28,pre,1,1784346935.315187,1784346935.5252779,1784346935.4202323,0.551160694
450,28,pre,2,1784346935.5254679,1784346935.725632,1784346935.6255498,0.5685887
451,28,pre,3,1784346935.7258298,1784346935.932319,1784346935.8290744,0.571269932
452,28,pre,4,1784346935.932506,1784346936.137088,1784346936.0347972,0.587357322
453,28,pre,5,1784346936.137277,1784346936.339286,1784346936.2382815,0.5685887
454,28,pre,6,1784346936.339995,1784346936.540535,1784346936.440265,0.576632395
455,28,pre,7,1784346936.540734,1784346936.7430341,1784346936.641884,0.564566853
456,28,post,0,1784346955.444247,1784346955.654377,1784346955.549312,0.525688993
457,28,post,1,1784346955.654678,1784346955.856118,1784346955.755398,0.5685887
458,28,post,2,1784346955.8562949,1784346956.066462,1784346955.9613786,0.556523157
459,28,post,3,1784346956.066705,1784346956.275187,1784346956.1709461,0.53641392
460,28,post,4,1784346956.275407,1784346956.4807732,1784346956.3780901,0.556523157
461,28,post,5,1784346956.48097,1784346956.681856,1784346956.5814128,0.553841926
462,28,post,6,1784346956.682079,1784346956.8869839,1784346956.7845316,0.524348377
463,28,post,7,1784346956.8871732,1784346957.097315,1784346956.9922442,0.527029609
464,29,pre,0,1784346966.460515,1784346966.669662,1784346966.5650885,0.532392072
465,29,pre,1,1784346966.6699462,1784346966.8801448,1784346966.7750454,0.537754535
466,29,pre,2,1784346966.880367,1784346967.0806599,1784346966.9805136,0.532392072
467,29,pre,3,1784346967.080878,1784346967.2868018,1784346967.1838398,0.579313627
468,29,pre,4,1784346967.287013,1784346967.496515,1784346967.3917642,0.531051456
469,29,pre,5,1784346967.4967198,1784346967.7068422,1784346967.601781,0.557863773
470,29,pre,6,1784346967.707038,1784346967.915091,1784346967.8110645,0.557863773
471,29,pre,7,1784346967.9152908,1784346968.117436,1784346968.0163634,0.553841926
472,29,post,0,1784346986.779092,1784346986.9866822,1784346986.8828871,0.52971084
473,29,post,1,1784346986.987772,1784346987.195557,1784346987.0916646,0.553841926
474,29,post,2,1784346987.195853,1784346987.403626,1784346987.2997394,0.549820078
475,29,post,3,1784346987.40389,1784346987.613447,1784346987.5086684,0.533732688
476,29,post,4,1784346987.6136389,1784346987.823794,1784346987.7187164,0.527029609
477,29,post,5,1784346987.8239849,1784346988.024513,1784346987.924249,0.545798231
478,29,post,6,1784346988.0247,1784346988.226277,1784346988.1254885,0.527029609
479,29,post,7,1784346988.226513,1784346988.429327,1784346988.32792,0.543116999
480,30,pre,0,1784347039.503535,1784347039.7106628,1784347039.607099,1.624994
481,30,pre,1,1784347039.711047,1784347039.911716,1784347039.8113813,1.64912508
482,30,pre,2,1784347039.911905,1784347040.1212711,1784347040.0165882,1.64644385
483,30,pre,3,1784347040.121448,1784347040.331615,1784347040.2265315,1.61024722
484,30,pre,4,1784347040.33186,1784347040.534663,1784347040.4332614,1.66119062
485,30,pre,5,1784347040.5349581,1784347040.739049,1784347040.6370034,1.65448754
486,30,pre,6,1784347040.739267,1784347040.9460008,1784347040.842634,1.6504657
487,30,pre,7,1784347040.9462569,1784347041.154807,1784347041.0505319,1.624994
488,30,post,0,1784347059.820322,1784347060.022774,1784347059.921548,1.642422
489,30,post,1,1784347060.023843,1784347060.2291882,1784347060.1265156,1.64510323
490,30,post,2,1784347060.2294059,1784347060.439569,1784347060.3344874,1.62365338
491,30,post,3,1784347060.43979,1784347060.643264,1784347060.541527,1.63437831
492,30,post,4,1784347060.643466,1784347060.8490958,1784347060.746281,1.6504657
493,30,post,5,1784347060.849293,1784347061.054192,1784347060.9517426,1.63035646
494,30,post,6,1784347061.054498,1784347061.255795,1784347061.1551466,1.64376262
495,30,post,7,1784347061.2559931,1784347061.459167,1784347061.3575802,1.62633461
496,31,pre,0,1784347070.87961,1784347071.084795,1784347070.9822025,1.66655309
497,31,pre,1,1784347071.0850198,1784347071.295134,1784347071.1900768,1.63303769
498,31,pre,2,1784347071.295357,1784347071.5055108,1784347071.400434,1.65850939
499,31,pre,3,1784347071.505738,1784347071.70673,1784347071.606234,1.624994
500,31,pre,4,1784347071.7070148,1784347071.9171698,1784347071.8120923,1.64510323
501,31,pre,5,1784347071.9173608,1784347072.1209369,1784347072.0191488,1.64108139
502,31,pre,6,1784347072.121142,1784347072.3240042,1784347072.222573,1.6169503
503,31,pre,7,1784347072.3242161,1784347072.534355,1784347072.4292855,1.642422
504,31,post,0,1784347091.2184079,1784347091.42021,1784347091.3193088,1.63169707
505,31,post,1,1784347091.421375,1784347091.629782,1784347091.5255785,1.63169707
506,31,post,2,1784347091.630014,1784347091.835009,1784347091.7325115,1.64912508
507,31,post,3,1784347091.8353589,1784347092.037078,1784347091.9362183,1.61560968
508,31,post,4,1784347092.0372832,1784347092.2404292,1784347092.1388562,1.64108139
509,31,post,5,1784347092.2406652,1784347092.441399,1784347092.341032,1.62365338
510,31,post,6,1784347092.441599,1784347092.651756,1784347092.5466776,1.62231276
511,31,post,7,1784347092.651985,1784347092.8578,1784347092.7548923,1.63705954
512,32,pre,0,1784347110.856045,1784347111.057438,1784347110.9567413,1.23219355
513,32,pre,1,1784347111.0587049,1784347111.26129,1784347111.1599975,1.2281717
514,32,pre,2,1784347111.261486,1784347111.470985,1784347111.3662355,1.2107437
515,32,pre,3,1784347111.47121,1784347111.673113,1784347111.5721617,1.2362154
516,32,pre,4,1784347111.673298,1784347111.8736,1784347111.773449,1.21476554
517,32,pre,5,1784347111.8738072,1784347112.0839481,1784347111.9788775,1.22683109
518,32,pre,6,1784347112.084129,1784347112.286114,1784347112.1851215,1.22146862
519,32,pre,7,1784347112.2864058,1784347112.496523,1784347112.3914642,1.21342493
520,32,post,0,1784347131.1205661,1784347131.3307211,1784347131.2256436,1.22280924
521,32,post,1,1784347131.331142,1784347131.541266,1784347131.436204,1.21744677
522,32,post,2,1784347131.5415082,1784347131.7420769,1784347131.6417925,1.22683109
523,32,post,3,1784347131.7422988,1784347131.952456,1784347131.8473773,1.19465631
524,32,post,4,1784347131.952638,1784347132.161866,1784347132.057252,1.20806246
525,32,post,5,1784347132.1621451,1784347132.3722858,1784347132.2672155,1.19867815
526,32,post,6,1784347132.372483,1784347132.577215,1784347132.474849,1.23085293
527,32,post,7,1784347132.57747,1784347132.780637,1784347132.6790535,1.21208431
528,33,pre,0,1784347142.1715682,1784347142.374657,1784347142.2731125,1.19867815
529,33,pre,1,1784347142.3748748,1784347142.57535,1784347142.4751124,1.17990953
530,33,pre,2,1784347142.575628,1784347142.77706,1784347142.676344,1.2027
531,33,pre,3,1784347142.777237,1784347142.9821398,1784347142.8796883,1.19465631
532,33,pre,4,1784347142.9823308,1784347143.1868129,1784347143.0845718,1.21208431
533,33,pre,5,1784347143.187027,1784347143.397184,1784347143.2921054,1.20672185
534,33,pre,6,1784347143.397434,1784347143.598528,1784347143.497981,1.19331569
535,33,pre,7,1784347143.5987608,1784347143.806921,1784347143.7028408,1.20672185
536,33,post,0,1784347162.4548512,1784347162.655612,1784347162.5552316,1.16382214
537,33,post,1,1784347162.656014,1784347162.8609831,1784347162.7584987,1.18795323
538,33,post,2,1784347162.861474,1784347163.07164,1784347162.966557,1.21610616
539,33,post,3,1784347163.071828,1784347163.2765849,1784347163.1742063,1.17186584
540,33,post,4,1784347163.276766,1784347163.4806771,1784347163.3787217,1.17320645
541,33,post,5,1784347163.480905,1784347163.691046,1784347163.5859756,1.2107437
542,33,post,6,1784347163.691255,1784347163.90139,1784347163.7963226,1.17186584
543,33,post,7,1784347163.90157,1784347164.111682,1784347164.0066261,1.19197507
544,34,pre,0,1784347238.1120598,1784347238.319507,1784347238.2157834,0.146294705
545,34,pre,1,1784347238.320854,1784347238.5272589,1784347238.4240565,0.13825101
546,34,pre,2,1784347238.527464,1784347238.7376719,1784347238.632568,0.136910394
547,34,pre,3,1784347238.737875,1784347238.942773,1784347238.840324,0.159700864
548,34,pre,4,1784347238.942966,1784347239.146204,1784347239.044585,0.158360248
549,34,pre,5,1784347239.146388,1784347239.356525,1784347239.2514565,0.157019632
550,34,pre,6,1784347239.356732,1784347239.561183,1784347239.4589574,0.148975937
551,34,pre,7,1784347239.561396,1784347239.7640069,1784347239.6627014,0.152997785
552,34,post,0,1784347258.437938,1784347258.638649,1784347258.5382934,0.135569778
553,34,post,1,1784347258.639043,1784347258.844609,1784347258.741826,0.159700864
554,34,post,2,1784347258.844815,1784347259.054946,1784347258.9498806,0.134229163
555,34,post,3,1784347259.055156,1784347259.265307,1784347259.1602316,0.116801157
556,34,post,4,1784347259.2654998,1784347259.465627,1784347259.3655634,0.1543384
557,34,post,5,1784347259.4658308,1784347259.667219,1784347259.566525,0.136910394
558,34,post,6,1784347259.6675498,1784347259.877714,1784347259.772632,0.114119925
559,34,post,7,1784347259.877973,1784347260.0881112,1784347259.9830422,0.10607623
560,35,pre,0,1784347269.483299,1784347269.693471,1784347269.588385,0.144954089
561,35,pre,1,1784347269.69373,1784347269.901103,1784347269.7974167,0.139591626
562,35,pre,2,1784347269.90132,1784347270.11151,1784347270.006415,0.151657169
563,35,pre,3,1784347270.111758,1784347270.319577,1784347270.2156675,0.102054382
564,35,pre,4,1784347270.3197892,1784347270.5278668,1784347270.4238281,0.10607623
565,35,pre,5,1784347270.5281138,1784347270.733758,1784347270.630936,0.134229163
566,35,pre,6,1784347270.733978,1784347270.9354932,1784347270.8347356,0.124844852
567,35,pre,7,1784347270.935702,1784347271.145823,1784347271.0407624,0.143613474
568,35,post,0,1784347289.812524,1784347290.014359,1784347289.9134417,0.118141772
569,35,post,1,1784347290.015448,1784347290.219711,1784347290.1175795,0.0886482235
570,35,post,2,1784347290.2201111,1784347290.427478,1784347290.3237946,0.128866699
571,35,post,3,1784347290.427697,1784347290.636356,1784347290.5320265,0.110098077
572,35,post,4,1784347290.636551,1784347290.844449,1784347290.7405,0.107416846
573,35,post,5,1784347290.844754,1784347291.055042,1784347290.949898,0.120823004
574,35,post,6,1784347291.055277,1784347291.26369,1784347291.1594834,0.119482388
575,35,post,7,1784347291.26394,1784347291.4677792,1784347291.3658595,0.0993731504
576,36,pre,0,1784347323.788361,1784347323.991713,1784347323.890037,1.2027
577,36,pre,1,1784347323.9924512,1784347324.195078,1784347324.0937645,1.19599692
578,36,pre,2,1784347324.195324,1784347324.400073,1784347324.2976985,1.19733754
579,36,pre,3,1784347324.4002419,1784347324.6060119,1784347324.5031269,1.19867815
580,36,pre,4,1784347324.606198,1784347324.8141649,1784347324.7101815,1.17454707
581,36,pre,5,1784347324.8143759,1784347325.020083,1784347324.9172294,1.2027
582,36,pre,6,1784347325.020303,1784347325.2228658,1784347325.1215844,1.17454707
583,36,pre,7,1784347325.223099,1784347325.4282901,1784347325.3256946,1.20001877
584,36,post,0,1784347344.1076548,1784347344.317396,1784347344.2125254,1.20001877
585,36,post,1,1784347344.3185458,1784347344.528679,1784347344.4236124,1.20806246
586,36,post,2,1784347344.5289228,1784347344.7368782,1784347344.6329005,1.19331569
587,36,post,3,1784347344.737099,1784347344.9374368,1784347344.8372679,1.20001877
588,36,post,4,1784347344.937624,1784347345.1388822,1784347345.038253,1.21208431
589,36,post,5,1784347345.139117,1784347345.339464,1784347345.2392905,1.19331569
590,36,post,6,1784347345.339649,1784347345.5426822,1784347345.4411654,1.20135938
591,36,post,7,1784347345.542871,1784347345.7446148,1784347345.643743,1.19197507
592,37,pre,0,1784347355.154102,1784347355.3560991,1784347355.2551007,1.18259076
593,37,pre,1,1784347355.356294,1784347355.5643158,1784347355.4603047,1.18661261
594,37,pre,2,1784347355.564501,1784347355.7698,1784347355.6671505,1.16650337
595,37,pre,3,1784347355.770015,1784347355.980188,1784347355.8751016,1.2027
596,37,pre,4,1784347355.980406,1784347356.1845691,1784347356.0824876,1.18661261
597,37,pre,5,1784347356.184787,1784347356.386293,1784347356.28554,1.18527199
598,37,pre,6,1784347356.386584,1784347356.593266,1784347356.489925,1.19063446
599,37,pre,7,1784347356.593467,1784347356.802326,1784347356.6978965,1.20538123
600,37,post,0,1784347375.4728389,1784347375.6730509,1784347375.5729449,1.20940308
601,37,post,1,1784347375.6741529,1784347375.874876,1784347375.7745144,1.19197507
602,37,post,2,1784347375.8750699,1784347376.077043,1784347375.9760566,1.19867815
603,37,post,3,1784347376.0772429,1784347376.2830431,1784347376.1801429,1.22012801
604,37,post,4,1784347376.283301,1784347376.488957,1784347376.386129,1.21744677
605,37,post,5,1784347376.489202,1784347376.699362,1784347376.5942822,1.2107437
606,37,post,6,1784347376.699625,1784347376.899908,1784347376.7997665,1.19599692
607,37,post,7,1784347376.900126,1784347377.11027,1784347377.005198,1.20672185
608,38,pre,0,1784347400.794631,1784347401.004815,1784347400.899723,1.64912508
609,38,pre,1,1784347401.005929,1784347401.2081668,1784347401.107048,1.63437831
610,38,pre,2,1784347401.2083788,1784347401.418504,1784347401.3134413,1.65582816
611,38,pre,3,1784347401.4186938,1784347401.6194298,1784347401.5190618,1.61963153
612,38,pre,4,1784347401.619669,1784347401.82981,1784347401.7247396,1.64912508
613,38,pre,5,1784347401.829993,1784347402.038312,1784347401.9341526,1.64376262
614,38,pre,6,1784347402.0386171,1784347402.243514,1784347402.1410656,1.62901584
615,38,pre,7,1784347402.243707,1784347402.4446201,1784347402.3441634,1.62901584
616,38,post,0,1784347421.116956,1784347421.3271282,1784347421.222042,1.624994
617,38,post,1,1784347421.327329,1784347421.537477,1784347421.432403,1.68264048
618,38,post,2,1784347421.537673,1784347421.738925,1784347421.638299,1.6504657
619,38,post,3,1784347421.7392168,1784347421.949377,1784347421.844297,1.67861863
620,38,post,4,1784347421.949588,1784347422.152629,1784347422.0511084,1.63705954
621,38,post,5,1784347422.152817,1784347422.36297,1784347422.2578936,1.65180631
622,38,post,6,1784347422.363179,1784347422.5682108,1784347422.465695,1.65716878
623,38,post,7,1784347422.568436,1784347422.773587,1784347422.6710114,1.65582816
624,39,pre,0,1784347432.178685,1784347432.3834581,1784347432.2810717,1.64644385
625,39,pre,1,1784347432.3836858,1784347432.588264,1784347432.4859748,1.65716878
626,39,pre,2,1784347432.588477,1784347432.794455,1784347432.6914659,1.65985001
627,39,pre,3,1784347432.794684,1784347432.9950562,1784347432.89487,1.63705954
628,39,pre,4,1784347432.9952378,1784347433.202911,1784347433.0990744,1.65716878
629,39,pre,5,1784347433.2033632,1784347433.412818,1784347433.3080907,1.64778446
630,39,pre,6,1784347433.4130208,1784347433.6188118,1784347433.5159163,1.65985001
631,39,pre,7,1784347433.6189692,1784347433.824615,1784347433.7217922,1.6504657
632,39,post,0,1784347452.46595,1784347452.676102,1784347452.5710258,1.68532171
633,39,post,1,1784347452.6764889,1784347452.886632,1784347452.7815604,1.64108139
634,39,post,2,1784347452.886824,1784347453.09501,1784347452.990917,1.63571892
635,39,post,3,1784347453.0951612,1784347453.302963,1784347453.199062,1.67325617
636,39,post,4,1784347453.303179,1784347453.503807,1784347453.403493,1.6759374
637,39,post,5,1784347453.504012,1784347453.7141602,1784347453.609086,1.65582816
638,39,post,6,1784347453.714388,1784347453.918897,1784347453.8166423,1.65448754
639,39,post,7,1784347453.9190679,1784347454.123174,1784347454.021121,1.66655309
640,40,pre,0,1784347477.821024,1784347478.0263839,1784347477.923704,1.50165734
641,40,pre,1,1784347478.026857,1784347478.230649,1784347478.128753,1.53651335
642,40,pre,2,1784347478.2308679,1784347478.4360662,1784347478.333467,1.52042596
643,40,pre,3,1784347478.4362812,1784347478.642433,1784347478.5393572,1.52310719
644,40,pre,4,1784347478.642664,1784347478.843505,1784347478.7430844,1.5579632
645,40,pre,5,1784347478.843679,1784347479.053025,1784347478.9483519,1.53785396
646,40,pre,6,1784347479.05323,1784347479.254389,1784347479.1538095,1.51908534
647,40,pre,7,1784347479.2545862,1784347479.464513,1784347479.3595495,1.5579632
648,40,post,0,1784347498.14547,1784347498.3458729,1784347498.2456713,1.51774473
649,40,post,1,1784347498.346889,1784347498.5570822,1784347498.4519856,1.53651335
650,40,post,2,1784347498.557267,1784347498.760448,1784347498.6588573,1.53785396
651,40,post,3,1784347498.76074,1784347498.9690309,1784347498.8648853,1.5324915
652,40,post,4,1784347498.9692569,1784347499.177532,1784347499.0733943,1.49227303
653,40,post,5,1784347499.177748,1784347499.3854551,1784347499.2816014,1.51640411
654,40,post,6,1784347499.385658,1784347499.5957792,1784347499.4907186,1.55930382
655,40,post,7,1784347499.595958,1784347499.802238,1784347499.699098,1.51104165
656,41,pre,0,1784347509.2047749,1784347509.4101162,1784347509.3074455,1.52578842
657,41,pre,1,1784347509.4103801,1784347509.62053,1784347509.515455,1.49093241
658,41,pre,2,1784347509.6207418,1784347509.8217049,1784347509.7212234,1.53383212
659,41,pre,3,1784347509.821873,1784347510.031992,1784347509.9269323,1.50165734
660,41,pre,4,1784347510.0323021,1784347510.2342348,1784347510.1332684,1.51908534
661,41,pre,5,1784347510.23441,1784347510.437003,1784347510.3357065,1.53383212
662,41,pre,6,1784347510.437197,1784347510.647337,1784347510.5422668,1.53517273
663,41,pre,7,1784347510.6475918,1784347510.85775,1784347510.7526708,1.50567918
664,41,post,0,1784347529.544298,1784347529.7486951,1784347529.6464965,1.51372288
665,41,post,1,1784347529.748878,1784347529.957663,1784347529.8532705,1.51506349
666,41,post,2,1784347529.9578738,1784347530.167997,1784347530.0629354,1.50433857
667,41,post,3,1784347530.16817,1784347530.369015,1784347530.2685924,1.50433857
668,41,post,4,1784347530.369215,1784347530.5793421,1784347530.4742785,1.52176657
669,41,post,5,1784347530.579586,1784347530.78973,1784347530.684658,1.51372288
670,41,post,6,1784347530.7899342,1784347531.000101,1784347530.8950176,1.50433857
671,41,post,7,1784347531.000467,1784347531.2106261,1784347531.1055465,1.52846965
672,42,pre,0,1784347589.37368,1784347589.583828,1784347589.478754,0.426483419
673,42,pre,1,1784347589.584844,1784347589.794175,1784347589.6895094,0.417099108
674,42,pre,2,1784347589.7946088,1784347589.999754,1784347589.8971815,0.449273889
675,42,pre,3,1784347590.0000231,1784347590.201997,1784347590.10101,0.44257081
676,42,pre,4,1784347590.2023208,1784347590.412438,1784347590.3073792,0.410396029
677,42,pre,5,1784347590.412637,1784347590.6164072,1784347590.514522,0.409055413
678,42,pre,6,1784347590.616669,1784347590.819436,1784347590.7180524,0.418439724
679,42,pre,7,1784347590.819674,1784347591.020542,1784347590.9201078,0.426483419
680,42,post,0,1784347609.682303,1784347609.886078,1784347609.7841904,0.409055413
681,42,post,1,1784347609.8871858,1784347610.097298,1784347609.9922419,0.407714797
682,42,post,2,1784347610.097488,1784347610.301354,1784347610.199421,0.433186499
683,42,post,3,1784347610.3016179,1784347610.506699,1784347610.4041586,0.402352334
684,42,post,4,1784347610.5069609,1784347610.70928,1784347610.6081204,0.399671102
685,42,post,5,1784347610.709478,1784347610.919638,1784347610.814558,0.409055413
686,42,post,6,1784347610.919939,1784347611.1227741,1784347611.0213566,0.410396029
687,42,post,7,1784347611.122978,1784347611.3331652,1784347611.2280717,0.399671102
688,43,pre,0,1784347620.731146,1784347620.94131,1784347620.836228,0.402352334
689,43,pre,1,1784347620.94161,1784347621.14192,1784347621.0417652,0.401011718
690,43,pre,2,1784347621.142109,1784347621.3437681,1784347621.2429385,0.402352334
691,43,pre,3,1784347621.34397,1784347621.552098,1784347621.448034,0.378221249
692,43,pre,4,1784347621.552276,1784347621.762468,1784347621.657372,0.384924328
693,43,pre,5,1784347621.762665,1784347621.97283,1784347621.8677475,0.36481509
694,43,pre,6,1784347621.973061,1784347622.1778371,1784347622.075449,0.402352334
695,43,pre,7,1784347622.178037,1784347622.382733,1784347622.280385,0.410396029
696,43,post,0,1784347641.030932,1784347641.232778,1784347641.131855,0.383583712
697,43,post,1,1784347641.233859,1784347641.44401,1784347641.3389344,0.394308639
698,43,post,2,1784347641.4442182,1784347641.65208,1784347641.548149,0.40369295
699,43,post,3,1784347641.6522722,1784347641.857568,1784347641.75492,0.402352334
700,43,post,4,1784347641.857785,1784347642.066064,1784347641.9619246,0.390286791
701,43,post,5,1784347642.0668328,1784347642.269612,1784347642.1682224,0.394308639
702,43,post,6,1784347642.269817,1784347642.470141,1784347642.369979,0.379561864
703,43,post,7,1784347642.470359,1784347642.6780019,1784347642.5741806,0.388946175
704,44,pre,0,1784347672.1454709,1784347672.34943,1784347672.2474504,1.41183607
705,44,pre,1,1784347672.350517,1784347672.551994,1784347672.4512556,1.45875763
706,44,pre,2,1784347672.552185,1784347672.760524,1784347672.6563544,1.43328593
707,44,pre,3,1784347672.760742,1784347672.9636228,1784347672.8621824,1.42658285
708,44,pre,4,1784347672.9638321,1784347673.1681259,1784347673.065979,1.42658285
709,44,pre,5,1784347673.1683588,1784347673.378478,1784347673.2734184,1.40245176
710,44,pre,6,1784347673.3787441,1784347673.5878122,1784347673.4832783,1.41585792
711,44,pre,7,1784347673.588001,1784347673.7913978,1784347673.6896994,1.41853915
712,44,post,0,1784347692.468965,1784347692.673436,1784347692.5712004,1.43864839
713,44,post,1,1784347692.674577,1784347692.876157,1784347692.775367,1.44535147
714,44,post,2,1784347692.876364,1784347693.077075,1784347692.9767194,1.39440807
715,44,post,3,1784347693.077366,1784347693.287524,1784347693.182445,1.44535147
716,44,post,4,1784347693.287731,1784347693.493715,1784347693.390723,1.4480327
717,44,post,5,1784347693.494231,1784347693.697628,1784347693.5959296,1.422561
718,44,post,6,1784347693.697828,1784347693.905306,1784347693.801567,1.422561
719,44,post,7,1784347693.9055219,1784347694.11175,1784347694.008636,1.42658285
720,45,pre,0,1784347703.5206459,1784347703.724768,1784347703.622707,1.40647361
721,45,pre,1,1784347703.724975,1784347703.925865,1784347703.82542,1.41049546
722,45,pre,2,1784347703.926093,1784347704.135421,1784347704.030757,1.43730778
723,45,pre,3,1784347704.135782,1784347704.337306,1784347704.2365441,1.40915484
724,45,pre,4,1784347704.337505,1784347704.543735,1784347704.44062,1.41585792
725,45,pre,5,1784347704.54393,1784347704.7452989,1784347704.6446145,1.43194531
726,45,pre,6,1784347704.745569,1784347704.952372,1784347704.8489704,1.4306047
727,45,pre,7,1784347704.952588,1784347705.162774,1784347705.057681,1.43462654
728,45,post,0,1784347723.846737,1784347724.049558,1784347723.9481473,1.41183607
729,45,post,1,1784347724.049997,1784347724.252139,1784347724.1510682,1.38636437
730,45,post,2,1784347724.252364,1784347724.460048,1784347724.356206,1.41049546
731,45,post,3,1784347724.460434,1784347724.6705768,1784347724.5655055,1.42524223
732,45,post,4,1784347724.670766,1784347724.876661,1784347724.7737136,1.43998901
733,45,post,5,1784347724.8768718,1784347725.087023,1784347724.9819474,1.44267024
734,45,post,6,1784347725.0872278,1784347725.29342,1784347725.1903238,1.42390162
735,45,post,7,1784347725.293619,1784347725.4943302,1784347725.3939745,1.41987977
736,46,pre,0,1784347737.740421,1784347737.944263,1784347737.842342,1.52712904
737,46,pre,1,1784347737.944708,1784347738.1510558,1784347738.047882,1.53651335
738,46,pre,2,1784347738.151475,1784347738.353531,1784347738.252503,1.51238226
739,46,pre,3,1784347738.353732,1784347738.5606358,1784347738.4571838,1.53115089
740,46,pre,4,1784347738.5608199,1784347738.7709608,1784347738.6658902,1.49629487
741,46,pre,5,1784347738.7711492,1784347738.9812758,1784347738.8762126,1.53651335
742,46,pre,6,1784347738.981481,1784347739.184432,1784347739.0829566,1.52444781
743,46,pre,7,1784347739.184622,1784347739.394748,1784347739.289685,1.46680132
744,46,post,0,1784347758.0494452,1784347758.259593,1784347758.154519,1.52176657
745,46,post,1,1784347758.260675,1784347758.470825,1784347758.3657498,1.51104165
746,46,post,2,1784347758.471051,1784347758.671202,1784347758.5711265,1.52846965
747,46,post,3,1784347758.6714182,1784347758.874816,1784347758.773117,1.51908534
748,46,post,4,1784347758.874999,1784347759.0832498,1784347758.9791245,1.53115089
749,46,post,5,1784347759.083492,1784347759.293647,1784347759.1885695,1.50433857
750,46,post,6,1784347759.293843,1784347759.501676,1784347759.3977594,1.53785396
751,46,post,7,1784347759.5018592,1784347759.710824,1784347759.6063416,1.53383212
752,47,pre,0,1784347769.070024,1784347769.2713358,1784347769.17068,1.52310719
753,47,pre,1,1784347769.27153,1784347769.476772,1784347769.374151,1.52042596
754,47,pre,2,1784347769.476949,1784347769.680332,1784347769.5786405,1.52846965
755,47,pre,3,1784347769.680516,1784347769.88589,1784347769.7832031,1.53919458
756,47,pre,4,1784347769.886085,1784347770.096286,1784347769.9911857,1.51908534
757,47,pre,5,1784347770.0964868,1784347770.306653,1784347770.20157,1.5070198
758,47,pre,6,1784347770.306892,1784347770.509841,1784347770.4083664,1.51640411
759,47,pre,7,1784347770.510047,1784347770.7201998,1784347770.6151233,1.53383212
760,47,post,0,1784347789.38825,1784347789.598397,1784347789.4933236,1.52042596
761,47,post,1,1784347789.601779,1784347789.8027961,1784347789.7022877,1.51372288
762,47,post,2,1784347789.803006,1784347790.0112152,1784347789.9071107,1.52310719
763,47,post,3,1784347790.0114272,1784347790.2215512,1784347790.1164892,1.53115089
764,47,post,4,1784347790.2217758,1784347790.426404,1784347790.32409,1.51238226
765,47,post,5,1784347790.426611,1784347790.6277351,1784347790.527173,1.49763549
766,47,post,6,1784347790.627979,1784347790.835247,1784347790.7316132,1.5324915
767,47,post,7,1784347790.835403,1784347791.0361118,1784347790.9357574,1.53115089
768,48,pre,0,1784347850.614891,1784347850.8216782,1784347850.7182846,0.301806145
769,48,pre,1,1784347850.822741,1784347851.0261629,1784347850.9244518,0.289740602
770,48,pre,2,1784347851.0263739,1784347851.2365649,1784347851.1314692,0.284378139
771,48,pre,3,1784347851.2367659,1784347851.446917,1784347851.3418415,0.258906437
772,48,pre,4,1784347851.4471302,1784347851.652228,1784347851.5496793,0.262928285
773,48,pre,5,1784347851.652439,1784347851.862578,1784347851.7575085,0.276334443
774,48,pre,6,1784347851.862742,1784347852.063169,1784347851.9629555,0.288399986
775,48,pre,7,1784347852.063346,1784347852.2686799,1784347852.1660128,0.245500279
776,48,post,0,1784347870.9542232,1784347871.154549,1784347871.0543861,0.285718754
777,48,post,1,1784347871.155644,1784347871.363677,1784347871.2596605,0.252203358
778,48,post,2,1784347871.363895,1784347871.568959,1784347871.4664268,0.266950132
779,48,post,3,1784347871.569163,1784347871.7771149,1784347871.673139,0.274993828
780,48,post,4,1784347871.777355,1784347871.987488,1784347871.8824215,0.252203358
781,48,post,5,1784347871.987692,1784347872.190839,1784347872.0892656,0.246840895
782,48,post,6,1784347872.191058,1784347872.3957162,1784347872.293387,0.265609517
783,48,post,7,1784347872.39596,1784347872.599267,1784347872.4976134,0.266950132
784,49,pre,0,1784347881.9699972,1784347882.1712298,1784347882.0706134,0.276334443
785,49,pre,1,1784347882.171487,1784347882.3769758,1784347882.2742314,0.250862742
786,49,pre,2,1784347882.377168,1784347882.5872982,1784347882.482233,0.244159663
787,49,pre,3,1784347882.5874822,1784347882.795447,1784347882.6914647,0.242819047
788,49,pre,4,1784347882.795649,1784347883.000878,1784347882.8982635,0.272312596
789,49,pre,5,1784347883.001132,1784347883.211274,1784347883.106203,0.264268901
790,49,pre,6,1784347883.211516,1784347883.4123368,1784347883.3119264,0.211984882
791,49,pre,7,1784347883.41254,1784347883.618623,1784347883.5155816,0.256225206
792,49,post,0,1784347902.3019671,1784347902.5104482,1784347902.4062076,0.276334443
793,49,post,1,1784347902.5115452,1784347902.716479,1784347902.6140122,0.225391041
794,49,post,2,1784347902.716741,1784347902.917974,1784347902.8173575,0.222709809
795,49,post,3,1784347902.918279,1784347903.1249,1784347903.0215895,0.249522126
796,49,post,4,1784347903.125164,1784347903.335443,1784347903.2303035,0.236115968
797,49,post,5,1784347903.3356428,1784347903.540077,1784347903.43786,0.226731657
798,49,post,6,1784347903.540357,1784347903.741385,1784347903.640871,0.220028577
799,49,post,7,1784347903.741735,1784347903.95188,1784347903.8468075,0.250862742
800,50,pre,0,1784348021.0681548,1784348021.2696981,1784348021.1689265,0.158360248
801,50,pre,1,1784348021.2708359,1784348021.476887,1784348021.3738613,0.169085175
802,50,pre,2,1784348021.4771452,1784348021.685017,1784348021.5810812,0.132888547
803,50,pre,3,1784348021.6852071,1784348021.895346,1784348021.7902765,0.169085175
804,50,pre,4,1784348021.895596,1784348022.096151,1784348021.9958735,0.130207315
805,50,pre,5,1784348022.096333,1784348022.306485,1784348022.2014089,0.143613474
806,50,pre,6,1784348022.306768,1784348022.5102952,1784348022.4085317,0.147635321
807,50,pre,7,1784348022.5104902,1784348022.720651,1784348022.6155705,0.152997785
808,50,post,0,1784348041.42065,1784348041.630935,1784348041.5257926,0.167744559
809,50,post,1,1784348041.6320572,1784348041.841103,1784348041.7365801,0.157019632
810,50,post,2,1784348041.8413482,1784348042.051483,1784348041.9464154,0.181150718
811,50,post,3,1784348042.0517278,1784348042.2538729,1784348042.1528003,0.186513181
812,50,post,4,1784348042.254056,1784348042.4634361,1784348042.358746,0.162382096
813,50,post,5,1784348042.463647,1784348042.670519,1784348042.567083,0.158360248
814,50,post,6,1784348042.670753,1784348042.8767512,1784348042.7737522,0.170425791
815,50,post,7,1784348042.876937,1784348043.082334,1784348042.9796355,0.178469486
816,51,pre,0,1784348052.474179,1784348052.675133,1784348052.574656,0.179810102
817,51,pre,1,1784348052.675319,1784348052.883851,1784348052.779585,0.170425791
818,51,pre,2,1784348052.884015,1784348053.090504,1784348052.9872594,0.171766407
819,51,pre,3,1784348053.090715,1784348053.300864,1784348053.1957893,0.173107022
820,51,pre,4,1784348053.3010418,1784348053.509707,1784348053.4053745,0.16104148
821,51,pre,5,1784348053.509918,1784348053.720062,1784348053.61499,0.170425791
822,51,pre,6,1784348053.720293,1784348053.926618,1784348053.8234556,0.170425791
823,51,pre,7,1784348053.926808,1784348054.131364,1784348054.029086,0.189194413
824,51,post,0,1784348072.794833,1784348072.9988701,1784348072.8968515,0.191875644
825,51,post,1,1784348072.999924,1784348073.201447,1784348073.1006856,0.158360248
826,51,post,2,1784348073.2016268,1784348073.405108,1784348073.3033674,0.186513181
827,51,post,3,1784348073.405335,1784348073.609819,1784348073.507577,0.214666114
828,51,post,4,1784348073.609992,1784348073.820121,1784348073.7150564,0.17712887
829,51,post,5,1784348073.820312,1784348074.026946,1784348073.923629,0.171766407
830,51,post,6,1784348074.0271418,1784348074.237323,1784348074.1322324,0.19991934
831,51,post,7,1784348074.237559,1784348074.447676,1784348074.3426175,0.17712887
832,52,pre,0,1784348106.7773561,1784348106.97823,1784348106.877793,0.283037523
833,52,pre,1,1784348106.978668,1784348107.181578,1784348107.080123,0.272312596
834,52,pre,2,1784348107.181789,1784348107.3862631,1784348107.2840261,0.245500279
835,52,pre,3,1784348107.3864782,1784348107.5926132,1784348107.4895458,0.250862742
836,52,pre,4,1784348107.592803,1784348107.8002539,1784348107.6965284,0.249522126
837,52,pre,5,1784348107.8006139,1784348108.004129,1784348107.9023714,0.238797199
838,52,pre,6,1784348108.004286,1784348108.208116,1784348108.1062012,0.252203358
839,52,pre,7,1784348108.208333,1784348108.4172301,1784348108.3127816,0.262928285
840,52,post,0,1784348127.091989,1784348127.302196,1784348127.1970925,0.274993828
841,52,post,1,1784348127.3025222,1784348127.5126379,1784348127.40758,0.258906437
842,52,post,2,1784348127.512831,1784348127.716032,1784348127.6144314,0.264268901
843,52,post,3,1784348127.71624,1784348127.926034,1784348127.821137,0.249522126
844,52,post,4,1784348127.926309,1784348128.1284559,1784348128.0273824,0.264268901
845,52,post,5,1784348128.1286888,1784348128.3390012,1784348128.233845,0.256225206
846,52,post,6,1784348128.3393002,1784348128.541545,1784348128.4404225,0.273653212
847,52,post,7,1784348128.541734,1784348128.747091,1784348128.6444125,0.25488459
848,53,pre,0,1784348138.1247628,1784348138.3254342,1784348138.2250986,0.257565821
849,53,pre,1,1784348138.3256059,1784348138.532458,1784348138.4290318,0.23209412
850,53,pre,2,1784348138.532662,1784348138.734415,1784348138.6335385,0.280356291
851,53,pre,3,1784348138.7346518,1784348138.9450119,1784348138.8398318,0.222709809
852,53,pre,4,1784348138.945411,1784348139.1498308,1784348139.0476208,0.292421834
853,53,pre,5,1784348139.150034,1784348139.351082,1784348139.250558,0.240137815
854,53,pre,6,1784348139.3513432,1784348139.559422,1784348139.4553826,0.24818151
855,53,pre,7,1784348139.559631,1784348139.767803,1784348139.663717,0.266950132
856,53,post,0,1784348158.4224849,1784348158.63062,1784348158.5265524,0.252203358
857,53,post,1,1784348158.6308181,1784348158.840971,1784348158.7358947,0.27097198
858,53,post,2,1784348158.841323,1784348159.046154,1784348158.9437385,0.256225206
859,53,post,3,1784348159.0463412,1784348159.256562,1784348159.1514516,0.237456584
860,53,post,4,1784348159.2568069,1784348159.458364,1784348159.3575854,0.265609517
861,53,post,5,1784348159.4585521,1784348159.658894,1784348159.558723,0.250862742
862,53,post,6,1784348159.6592588,1784348159.869405,1784348159.7643318,0.266950132
863,53,post,7,1784348159.869578,1784348160.069938,1784348159.969758,0.262928285
