transition_discard_index,source_repeat_index,point_ordinal,grid_index,block_index,condition,bias,t_start_unix,t_end_unix,t_mid_unix,dc_board,I1,Q1,I2,Q2,rawadc_version,rawadc_scope,rawadc_expected,rawadc_used,rawadc_read_fail,rawadc_blocks,rawadc_complete,rawadc_timeout,rawadc_gain,rawadc_fs_uv,rawadc_guard,rawadc_crc,rawadc_ch0_min,rawadc_ch0_max,rawadc_ch0_rail_lo,rawadc_ch0_rail_hi,rawadc_ch0_guard_lo,rawadc_ch0_guard_hi,rawadc_windows
0,0,0,40,0,none,0.8147635714861234,1784287385.549567,1784287386.4321668,1784287385.990867,1.2,0.191177,0.327912,-0.002405,0.003587,1,acq,7680,7680,0,6,True,False,1,1200000,8381618,False,-2764031,2859897,0,0,0,0,1
1,1,0,40,0,none,0.8147635714861234,1784287390.088553,1784287390.969312,1784287390.5289326,1.2,0.190625,0.327065,-0.00246,0.003618,1,acq,7680,7680,0,6,True,False,1,1200000,8381618,False,-2792147,2845415,0,0,0,0,1
2,2,0,40,0,none,0.8147635714861234,1784287394.625946,1784287395.506201,1784287395.0660734,1.2,0.189916,0.326056,-0.002477,0.003679,1,acq,7680,7680,0,6,True,False,1,1200000,8381618,False,-2801462,2805528,0,0,0,0,1
3,3,0,40,0,none,0.8147635714861234,1784287399.138571,1784287400.022795,1784287399.580683,1.2,0.189595,0.325329,-0.00243,0.003619,1,acq,7680,7680,0,6,True,False,1,1200000,8381618,False,-2773007,2849565,0,0,0,0,1
4,4,0,40,0,none,0.8147635714861234,1784287403.695911,1784287404.568952,1784287404.1324315,1.2,0.189092,0.324675,-0.002419,0.003523,1,acq,7680,7680,0,6,True,False,1,1200000,8381618,False,-2792655,2811371,0,0,0,0,1
5,5,0,40,0,none,0.8147635714861234,1784287408.2209249,1784287409.1030211,1784287408.661973,1.2,0.188873,0.324307,-0.002408,0.003732,1,acq,7680,7680,0,6,True,False,1,1200000,8381618,False,-2776564,2765724,0,0,0,0,1
6,6,0,40,0,none,0.8147635714861234,1784287412.766356,1784287413.6442041,1784287413.20528,1.2,0.188416,0.32352,-0.002436,0.003616,1,acq,7680,7680,0,6,True,False,1,1200000,8381618,False,-2745653,2865063,0,0,0,0,1
7,7,0,40,0,none,0.8147635714861234,1784287417.295722,1784287418.169905,1784287417.7328134,1.2,0.188243,0.323412,-0.002482,0.003656,1,acq,7680,7680,0,6,True,False,1,1200000,8381618,False,-2757848,2842959,0,0,0,0,1
8,8,0,40,0,none,0.8147635714861234,1784287421.8379898,1784287422.718124,1784287422.2780569,1.2,0.188124,0.323064,-0.002533,0.00367,1,acq,7680,7680,0,6,True,False,1,1200000,8381618,False,-2848210,2794264,0,0,0,0,1
9,9,0,40,0,none,0.8147635714861234,1784287426.369229,1784287427.244114,1784287426.8066716,1.2,0.187845,0.322787,-0.002456,0.003731,1,acq,7680,7680,0,6,True,False,1,1200000,8381618,False,-2726345,2740996,0,0,0,0,1
10,10,0,40,0,none,0.8147635714861234,1784287430.9108028,1784287431.794353,1784287431.352578,1.2,0.187612,0.322207,-0.002485,0.003635,1,acq,7680,7680,0,6,True,False,1,1200000,8381618,False,-2705173,2856001,0,0,0,0,1
11,11,0,40,0,none,0.8147635714861234,1784287435.4552162,1784287436.3368099,1784287435.896013,1.2,0.187395,0.322043,-0.00243,0.003796,1,acq,7680,7680,0,6,True,False,1,1200000,8381618,False,-2726345,2856763,0,0,0,0,1
12,12,0,40,1,gen,0.8147635714861234,1784287447.7474618,1784287448.628505,1784287448.1879835,1.2,0.186705,0.320833,-0.002486,0.003625,1,acq,7680,7680,0,6,True,False,1,1200000,8381618,False,-2785626,2813827,0,0,0,0,1
13,13,0,40,1,gen,0.8147635714861234,1784287454.487683,1784287455.371176,1784287454.9294295,1.2,0.18647,0.320616,-0.002536,0.003703,1,acq,7680,7680,0,6,True,False,1,1200000,8381618,False,-2719570,2771737,0,0,0,0,1
14,14,0,40,1,gen,0.8147635714861234,1784287461.2311502,1784287462.109546,1784287461.6703482,1.2,0.186278,0.320436,-0.002506,0.003702,1,acq,7680,7680,0,6,True,False,1,1200000,8381618,False,-2748363,2875395,0,0,0,0,1
15,15,0,40,1,gen,0.8147635714861234,1784287467.959095,1784287468.842643,1784287468.400869,1.2,0.185947,0.319426,-0.002487,0.00368,1,acq,7680,7680,0,6,True,False,1,1200000,8381618,False,-2675532,2776988,0,0,0,0,1
16,16,0,40,1,gen,0.8147635714861234,1784287474.708724,1784287475.5990772,1784287475.1539006,1.2,0.185639,0.319135,-0.00245,0.003687,1,acq,7680,7680,0,6,True,False,1,1200000,8381618,False,-2688405,2798498,0,0,0,0,1
17,17,0,40,1,gen,0.8147635714861234,1784287481.4765692,1784287482.36341,1784287481.9199896,1.2,0.185534,0.31912,-0.002522,0.00374,1,acq,7680,7680,0,6,True,False,1,1200000,8381618,False,-2631579,2756070,0,0,0,0,1
18,18,0,40,1,gen,0.8147635714861234,1784287488.227403,1784287489.111305,1784287488.669354,1.2,0.185113,0.318547,-0.00248,0.003727,1,acq,7680,7680,0,6,True,False,1,1200000,8381618,False,-2662914,2770806,0,0,0,0,1
19,19,0,40,1,gen,0.8147635714861234,1784287494.96863,1784287495.8587189,1784287495.4136744,1.2,0.184757,0.317672,-0.00245,0.003662,1,acq,7680,7680,0,6,True,False,1,1200000,8381618,False,-2778766,2783255,0,0,0,0,1
20,20,0,40,1,gen,0.8147635714861234,1784287501.710412,1784287502.594475,1784287502.1524434,1.2,0.185153,0.318264,-0.00252,0.003688,1,acq,7680,7680,0,6,True,False,1,1200000,8381618,False,-2700684,2689760,0,0,0,0,1
21,21,0,40,1,gen,0.8147635714861234,1784287508.436796,1784287509.326737,1784287508.8817663,1.2,0.184685,0.317495,-0.002531,0.003765,1,acq,7680,7680,0,6,True,False,1,1200000,8381618,False,-2672907,2742012,0,0,0,0,1
22,22,0,40,1,gen,0.8147635714861234,1784287515.18568,1784287516.0731032,1784287515.6293917,1.2,0.184515,0.317247,-0.0025,0.003628,1,acq,7680,7680,0,6,True,False,1,1200000,8381618,False,-2716606,2704072,0,0,0,0,1
23,23,0,40,1,gen,0.8147635714861234,1784287521.919565,1784287522.807081,1784287522.363323,1.2,0.184397,0.3172,-0.002485,0.003763,1,acq,7680,7680,0,6,True,False,1,1200000,8381618,False,-2643097,2766317,0,0,0,0,1
24,24,0,40,2,acq,0.8147635714861234,1784287535.340536,1784287536.2213702,1784287535.7809532,1.2,0.184132,0.316955,-0.002448,0.003696,1,acq,7680,7680,0,6,True,False,1,1200000,8381618,False,-2714573,2730240,0,0,0,0,1
25,25,0,40,2,acq,0.8147635714861234,1784287543.211175,1784287544.09184,1784287543.6515074,1.2,0.183665,0.316007,-0.002479,0.003724,1,acq,7680,7680,0,6,True,False,1,1200000,8381618,False,-2694163,2853207,0,0,0,0,1
26,26,0,40,2,acq,0.8147635714861234,1784287551.094466,1784287551.982851,1784287551.5386586,1.2,0.183621,0.315912,-0.002505,0.003623,1,acq,7680,7680,0,6,True,False,1,1200000,8381618,False,-2632342,2738963,0,0,0,0,1
27,27,0,40,2,acq,0.8147635714861234,1784287558.9795609,1784287559.865054,1784287559.4223075,1.2,0.183584,0.315772,-0.002507,0.003689,1,acq,7680,7680,0,6,True,False,1,1200000,8381618,False,-2701785,2708306,0,0,0,0,1
28,28,0,40,2,acq,0.8147635714861234,1784287566.851222,1784287567.7342432,1784287567.2927327,1.2,0.18351,0.315771,-0.002497,0.003758,1,acq,7680,7680,0,6,True,False,1,1200000,8381618,False,-2739810,2717114,0,0,0,0,1
29,29,0,40,2,acq,0.8147635714861234,1784287574.730421,1784287575.618484,1784287575.1744525,1.2,0.183395,0.315567,-0.002502,0.003735,1,acq,7680,7680,0,6,True,False,1,1200000,8381618,False,-2664438,2714912,0,0,0,0,1
30,30,0,40,2,acq,0.8147635714861234,1784287582.573847,1784287583.4591959,1784287583.0165215,1.2,0.183101,0.315113,-0.00254,0.003725,1,acq,7680,7680,0,6,True,False,1,1200000,8381618,False,-2708052,2650549,0,0,0,0,1
31,31,0,40,2,acq,0.8147635714861234,1784287590.4460852,1784287591.317162,1784287590.8816237,1.2,0.182906,0.314743,-0.002498,0.00378,1,acq,7680,7680,0,6,True,False,1,1200000,8381618,False,-2718892,2803749,0,0,0,0,1
32,32,0,40,2,acq,0.8147635714861234,1784287598.29274,1784287599.173771,1784287598.7332554,1.2,0.182849,0.314963,-0.002522,0.003858,1,acq,7680,7680,0,6,True,False,1,1200000,8381618,False,-2644452,2769112,0,0,0,0,1
33,33,0,40,2,acq,0.8147635714861234,1784287606.1635551,1784287607.0494149,1784287606.606485,1.2,0.182608,0.314266,-0.002558,0.003712,1,acq,7680,7680,0,6,True,False,1,1200000,8381618,False,-2674177,2755731,0,0,0,0,1
34,34,0,40,2,acq,0.8147635714861234,1784287614.042869,1784287614.925459,1784287614.484164,1.2,0.182573,0.314309,-0.002511,0.003732,1,acq,7680,7680,0,6,True,False,1,1200000,8381618,False,-2661728,2717707,0,0,0,0,1
35,35,0,40,2,acq,0.8147635714861234,1784287621.9554791,1784287622.8334038,1784287622.3944416,1.2,0.182301,0.313851,-0.002495,0.003753,1,acq,7680,7680,0,6,True,False,1,1200000,8381618,False,-2662236,2723042,0,0,0,0,1
36,36,0,40,3,both,0.8147635714861234,1784287637.5712042,1784287638.451591,1784287638.0113976,1.2,0.182046,0.313534,-0.002555,0.003748,1,acq,7680,7680,0,6,True,False,1,1200000,8381618,False,-2715674,2708306,0,0,0,0,1
37,37,0,40,3,both,0.8147635714861234,1784287647.671223,1784287648.549879,1784287648.1105509,1.2,0.182131,0.313455,-0.002542,0.00381,1,acq,7680,7680,0,6,True,False,1,1200000,8381618,False,-2670197,2645722,0,0,0,0,1
38,38,0,40,3,both,0.8147635714861234,1784287657.7427351,1784287658.6234791,1784287658.1831071,1.2,0.181814,0.312748,-0.00255,0.003751,1,acq,7680,7680,0,6,True,False,1,1200000,8381618,False,-2735491,2742266,0,0,0,0,1
39,39,0,40,3,both,0.8147635714861234,1784287667.816438,1784287668.6998148,1784287668.2581263,1.2,0.181649,0.312637,-0.002457,0.00376,1,acq,7680,7680,0,6,True,False,1,1200000,8381618,False,-2586356,2717791,0,0,0,0,1
40,40,0,40,3,both,0.8147635714861234,1784287677.892025,1784287678.775648,1784287678.3338366,1.2,0.181447,0.312553,-0.002552,0.003758,1,acq,7680,7680,0,6,True,False,1,1200000,8381618,False,-2670620,2745230,0,0,0,0,1
41,41,0,40,3,both,0.8147635714861234,1784287687.9751282,1784287688.845817,1784287688.4104726,1.2,0.181278,0.311994,-0.002485,0.003752,1,acq,7680,7680,0,6,True,False,1,1200000,8381618,False,-2653175,2752683,0,0,0,0,1
42,42,0,40,3,both,0.8147635714861234,1784287698.047509,1784287698.9311821,1784287698.4893456,1.2,0.18115,0.312058,-0.002476,0.003818,1,acq,7680,7680,0,6,True,False,1,1200000,8381618,False,-2700854,2720163,0,0,0,0,1
43,43,0,40,3,both,0.8147635714861234,1784287708.113895,1784287708.99499,1784287708.5544424,1.2,0.181111,0.31183,-0.002495,0.003715,1,acq,7680,7680,0,6,True,False,1,1200000,8381618,False,-2641234,2799684,0,0,0,0,1
44,44,0,40,3,both,0.8147635714861234,1784287718.184333,1784287719.063622,1784287718.6239777,1.2,0.180946,0.312016,-0.002558,0.003797,1,acq,7680,7680,0,6,True,False,1,1200000,8381618,False,-2640980,2688574,0,0,0,0,1
45,45,0,40,3,both,0.8147635714861234,1784287728.249789,1784287729.129063,1784287728.689426,1.2,0.180848,0.311626,-0.002513,0.00388,1,acq,7680,7680,0,6,True,False,1,1200000,8381618,False,-2643097,2725413,0,0,0,0,1
46,46,0,40,3,both,0.8147635714861234,1784287738.3092842,1784287739.182127,1784287738.7457056,1.2,0.180774,0.311347,-0.00251,0.003798,1,acq,7680,7680,0,6,True,False,1,1200000,8381618,False,-2560865,2711270,0,0,0,0,1
47,47,0,40,3,both,0.8147635714861234,1784287748.3971682,1784287749.2746391,1784287748.8359036,1.2,0.180743,0.311159,-0.002503,0.003746,1,acq,7680,7680,0,6,True,False,1,1200000,8381618,False,-2603294,2755562,0,0,0,0,1
48,48,1,0,4,gen,-4.407375476557824,1784287822.268821,1784287823.1556008,1784287822.712211,0.11115,-0.181667,-0.309763,0.004783,-0.007687,1,acq,7680,7680,0,6,True,False,1,1200000,8381618,False,-2730918,2545368,0,0,0,0,1
49,49,1,0,4,gen,-4.407375476557824,1784287829.031756,1784287829.922359,1784287829.4770575,0.115421,-0.184715,-0.315081,0.0048,-0.007687,1,acq,7680,7680,0,6,True,False,1,1200000,8381618,False,-2739387,2604903,0,0,0,0,1
50,50,1,0,4,gen,-4.407375476557824,1784287835.776889,1784287836.658664,1784287836.2177765,0.119136,-0.187388,-0.319703,0.004784,-0.007592,1,acq,7680,7680,0,6,True,False,1,1200000,8381618,False,-2809592,2623619,0,0,0,0,1
51,51,1,0,4,gen,-4.407375476557824,1784287842.512306,1784287843.3866858,1784287842.9494958,0.122559,-0.189874,-0.323996,0.004807,-0.007668,1,acq,7680,7680,0,6,True,False,1,1200000,8381618,False,-2803918,2652328,0,0,0,0,1
52,52,1,0,4,gen,-4.407375476557824,1784287849.231744,1784287850.1097548,1784287849.6707494,0.125956,-0.19228,-0.328073,0.004877,-0.007635,1,acq,7680,7680,0,6,True,False,1,1200000,8381618,False,-2838979,2701023,0,0,0,0,1
53,53,1,0,4,gen,-4.407375476557824,1784287855.9837198,1784287856.857391,1784287856.4205556,0.128898,-0.194341,-0.331673,0.004798,-0.007639,1,acq,7680,7680,0,6,True,False,1,1200000,8381618,False,-2888860,2707544,0,0,0,0,1
54,54,1,0,4,gen,-4.407375476557824,1784287862.706047,1784287863.5808551,1784287863.1434512,0.131888,-0.196386,-0.335169,0.004824,-0.007648,1,acq,7680,7680,0,6,True,False,1,1200000,8381618,False,-2900547,2755816,0,0,0,0,1
