kind,epoch,direction,index,bias,timestamp_unix,dc_dmm,dc_board,I1,Q1,I2,Q2
conditioning,-1,conditioning,0,-0.12962869048699482,1784191275.440566,1.21878739,1.17388,0.46817,0.796606,0.000322,-0.000793
conditioning,-1,conditioning,1,-0.25925738097398965,1784191277.233307,1.11555997,1.129243,0.488181,0.827664,0.00436,-0.008795
conditioning,-1,conditioning,2,-0.3888860714609845,1784191279.018813,1.0927695,1.080878,0.504534,0.853774,0.009162,-0.017604
conditioning,-1,conditioning,3,-0.5185147619479793,1784191280.807082,1.00965132,1.032088,0.520648,0.879966,0.013768,-0.025934
conditioning,-1,conditioning,4,-0.6481434524349741,1784191282.6021109,0.957367299,0.981062,0.531949,0.898417,0.017436,-0.033415
conditioning,-1,conditioning,5,-0.777772142921969,1784191284.391695,0.933236213,0.927956,0.539863,0.911968,0.021673,-0.040905
conditioning,-1,conditioning,6,-0.9074008334089638,1784191286.180244,0.871567884,0.873796,0.544679,0.918109,0.024565,-0.046362
conditioning,-1,conditioning,7,-1.0370295238959586,1784191287.974275,0.830008792,0.818771,0.547132,0.922333,0.027202,-0.051407
conditioning,-1,conditioning,8,-1.1666582143829534,1784191289.766666,0.784427853,0.763173,0.546856,0.921939,0.030862,-0.058089
conditioning,-1,conditioning,9,-1.2962869048699481,1784191291.559001,0.677178585,0.707233,0.546365,0.921295,0.03159,-0.059933
conditioning,-1,conditioning,10,-1.4259155953569431,1784191293.3502321,0.645003804,0.651071,0.54254,0.913762,0.034113,-0.063493
conditioning,-1,conditioning,11,-1.555544285843938,1784191295.135565,0.561885621,0.596304,0.5364,0.903757,0.032682,-0.061678
conditioning,-1,conditioning,12,-1.6851729763309327,1784191296.924115,0.501557907,0.541692,0.528153,0.890263,0.030014,-0.057236
conditioning,-1,conditioning,13,-1.8148016668179277,1784191298.7106402,0.477426822,0.487418,0.51793,0.87246,0.028077,-0.053337
conditioning,-1,conditioning,14,-1.9444303573049224,1784191300.492532,0.427824035,0.435007,0.506224,0.852084,0.025435,-0.048886
conditioning,-1,conditioning,15,-2.074059047791917,1784191302.2838888,0.382243096,0.384067,0.491023,0.826794,0.02407,-0.045371
conditioning,-1,conditioning,16,-2.203687738278912,1784191304.073987,0.323255998,0.335147,0.473236,0.797076,0.020393,-0.0388
conditioning,-1,conditioning,17,-2.3333164287659067,1784191305.862217,0.30984984,0.288252,0.451282,0.760493,0.016399,-0.031094
conditioning,-1,conditioning,18,-2.4629451192529017,1784191307.658313,0.238797199,0.244453,0.426931,0.719405,0.012305,-0.024087
conditioning,-1,conditioning,19,-2.5925738097398963,1784191309.4406688,0.171766407,0.20334,0.397597,0.670651,0.010057,-0.019507
conditioning,-1,conditioning,20,-2.7222025002268913,1784191311.232835,0.158360248,0.165527,0.364907,0.61553,0.00936,-0.018356
conditioning,-1,conditioning,21,-2.8518311907138862,1784191313.025305,0.0966919187,0.131239,0.328463,0.554267,0.009163,-0.017644
conditioning,-1,conditioning,22,-2.981459881200881,1784191314.808653,0.0591546747,0.10042,0.28907,0.488329,0.009428,-0.018279
conditioning,-1,conditioning,23,-3.111088571687876,1784191316.596979,0.0698796015,0.073332,0.247217,0.417274,0.009382,-0.018173
conditioning,-1,conditioning,24,-3.2407172621748708,1784191318.3852742,0.0604952905,0.050235,0.203682,0.343885,0.009513,-0.018254
conditioning,-1,conditioning,25,-3.3703459526618653,1784191320.169111,0.037704821,0.031434,0.158609,0.268048,0.010088,-0.019285
conditioning,-1,conditioning,26,-3.4999746431488603,1784191321.960751,0.0323423575,0.01686,0.113048,0.191232,0.010545,-0.01987
conditioning,-1,conditioning,27,-3.6296033336358553,1784191323.744067,0.0015083727,0.006707,0.067068,0.113562,0.01097,-0.020409
conditioning,-1,conditioning,28,-3.75923202412285,1784191325.530391,-0.00385377098,0.001029,0.02028,0.034434,0.011026,-0.020436
conditioning,-1,conditioning,29,-3.888860714609845,1784191327.323092,-0.013238082,-8.2e-05,-0.026934,-0.045489,0.011109,-0.020431
conditioning,-1,conditioning,30,-4.018489405096839,1784191329.108438,-0.00117290469,0.003376,-0.073616,-0.124503,0.011098,-0.020256
conditioning,-1,conditioning,31,-4.148118095583834,1784191330.904551,0.00418996984,0.011389,-0.119775,-0.202449,0.010942,-0.01994
conditioning,-1,conditioning,32,-4.277746786070829,1784191332.686142,0.0484297478,0.023755,-0.165135,-0.279068,0.010381,-0.018937
conditioning,-1,conditioning,33,-4.407375476557824,1784191334.460611,0.0403860527,0.04043,-0.209832,-0.354418,0.010335,-0.018423
formal,0,up,0,-4.407375476557824,1784191336.239935,0.0765826808,0.047231,-0.212758,-0.360055,0.010027,-0.018659
formal,0,up,1,-4.276822000356725,1784191338.027415,0.0350235893,0.036203,-0.173077,-0.292821,0.010206,-0.019154
formal,0,up,2,-4.1462685241556265,1784191339.815285,0.0551328271,0.021544,-0.130946,-0.221764,0.010785,-0.020128
formal,0,up,3,-4.0157150479545285,1784191341.611837,0.0135737355,0.010479,-0.088038,-0.149026,0.010872,-0.020281
formal,0,up,4,-3.8851615717534296,1784191343.4041421,-0.0078758498,0.003229,-0.044464,-0.075341,0.011053,-0.020482
formal,0,up,5,-3.7546080955523307,1784191345.19577,0.0310017417,-8.4e-05,-4.3e-05,-4.5e-05,0.01106,-0.020407
formal,0,up,6,-3.624054619351232,1784191346.9878762,0.00687065626,0.000636,0.044571,0.075464,0.011044,-0.020266
formal,0,up,7,-3.4935011431501337,1784191348.779084,0.0149143514,0.005459,0.08903,0.150738,0.010817,-0.01989
formal,0,up,8,-3.362947666949035,1784191350.573515,0.0242986624,0.014342,0.133107,0.224978,0.010565,-0.019441
formal,0,up,9,-3.232394190747936,1784191352.3592582,0.0497703637,0.027277,0.176574,0.298438,0.009952,-0.018254
formal,0,up,10,-3.1018407145468374,1784191354.159675,0.0591546747,0.044139,0.219273,0.370478,0.00976,-0.017746
formal,0,up,11,-2.971287238345739,1784191355.952252,0.0859669918,0.065039,0.261705,0.441814,0.009983,-0.017897
formal,0,up,12,-2.84073376214464,1784191357.740404,0.112779309,0.089616,0.300743,0.507282,0.009649,-0.017756
formal,0,up,13,-2.710180285943541,1784191359.513928,0.136910394,0.118201,0.339307,0.572228,0.009358,-0.016975
formal,0,up,14,-2.5796268097424426,1784191361.312584,0.178469486,0.150382,0.374198,0.631166,0.006296,-0.011729
formal,0,up,15,-2.449073333541344,1784191363.097831,0.185172565,0.185903,0.405498,0.683025,0.003027,-0.005719
formal,0,up,16,-2.3185198573402452,1784191364.887487,0.226731657,0.224873,0.433007,0.730007,-0.001527,0.002904
formal,0,up,17,-2.1879663811391463,1784191366.703663,0.281696907,0.266599,0.456967,0.769831,-0.005622,0.010626
formal,0,up,18,-2.057412904938048,1784191368.514527,0.336662157,0.3117,0.476565,0.802961,-0.009805,0.018476
formal,0,up,19,-1.9268594287369494,1784191370.329277,0.413077261,0.359249,0.492995,0.830155,-0.015697,0.028789
formal,0,up,20,-1.7963059525358505,1784191372.1607392,0.459998816,0.408536,0.506159,0.85172,-0.020823,0.038512
formal,0,up,21,-1.6657524763347515,1784191373.993349,0.472064358,0.460033,0.517149,0.871149,-0.02671,0.049189
formal,0,up,22,-1.535199000133653,1784191375.812767,0.500217291,0.512966,0.526569,0.887255,-0.030216,0.055944
formal,0,up,23,-1.4046455239325546,1784191377.631781,0.603444712,0.567916,0.534288,0.900365,-0.033682,0.062978
formal,0,up,24,-1.2740920477314557,1784191379.4598432,0.627575798,0.623697,0.53869,0.907205,-0.03517,0.065118
formal,0,up,25,-1.1435385715303568,1784191381.274902,0.709353365,0.680035,0.541993,0.913013,-0.035068,0.065211
formal,0,up,26,-1.0129850953292583,1784191383.089329,0.783087237,0.737135,0.543356,0.915937,-0.035989,0.066442
formal,0,up,27,-0.8824316191281598,1784191384.906395,0.816602634,0.7929,0.543356,0.915787,-0.034431,0.063636
formal,0,up,28,-0.7518781429270609,1784191386.7146099,0.880952195,0.850762,0.541235,0.912693,-0.034595,0.063697
formal,0,up,29,-0.621324666725962,1784191388.526931,0.954686067,0.906235,0.536537,0.905138,-0.031168,0.057471
formal,0,up,30,-0.4907711905248635,1784191390.3479831,0.989542079,0.961562,0.528108,0.891645,-0.026517,0.049716
formal,0,up,31,-0.36021771432376504,1784191392.170007,1.05523226,1.014796,0.516216,0.87179,-0.023706,0.043967
formal,0,up,32,-0.22966423812266612,1784191393.999906,1.07400088,1.066703,0.502152,0.847505,-0.020653,0.038379
formal,0,up,33,-0.0991107619215672,1784191395.821246,1.17990953,1.116252,0.485145,0.82041,-0.018004,0.033807
formal,0,up,34,0.031442714279531714,1784191397.6433852,1.20538123,1.163746,0.463803,0.784742,-0.015637,0.029076
formal,0,up,35,0.16199619048062974,1784191399.466493,1.23085293,1.198352,0.438909,0.743666,-0.013052,0.024995
formal,0,up,36,0.29254966668172866,1784191401.274841,1.29922434,1.2,0.409194,0.692736,-0.010515,0.019791
formal,0,up,37,0.4231031428828276,1784191403.099158,1.33139912,1.2,0.375806,0.636822,-0.008885,0.017087
formal,0,up,38,0.5536566190839256,1784191404.923192,1.37832068,1.2,0.339002,0.574386,-0.009378,0.017566
formal,0,up,39,0.6842100952850245,1784191406.741426,1.37698006,1.2,0.300411,0.508909,-0.009539,0.018456
formal,0,up,40,0.8147635714861234,1784191408.558573,1.41317669,1.2,0.259809,0.440261,-0.010363,0.019819
formal,0,up,41,0.9453170476872224,1784191410.351798,1.42658285,1.2,0.217181,0.368206,-0.010388,0.019664
formal,0,up,42,1.0758705238883213,1784191412.168931,1.46814194,1.2,0.172861,0.293258,-0.01013,0.019378
formal,0,up,43,1.2064240000894193,1784191413.992258,1.47484502,1.2,0.127096,0.215868,-0.010518,0.019775
formal,0,up,44,1.3369774762905182,1784191415.825509,1.50567918,1.2,0.080799,0.137409,-0.010668,0.01996
formal,0,up,45,1.4675309524916171,1784191417.634897,1.46814194,1.2,0.03458,0.058823,-0.010824,0.020226
formal,0,up,46,1.5980844286927152,1784191419.466042,1.47216379,1.2,-0.012164,-0.020801,-0.010871,0.020076
formal,0,up,47,1.728637904893814,1784191421.3032541,1.48422933,1.2,-0.059161,-0.100426,-0.010874,0.019941
formal,0,up,48,1.859191381094913,1784191423.120762,1.47886687,1.2,-0.105665,-0.179178,-0.010847,0.01994
formal,0,up,49,1.989744857296012,1784191424.9375958,1.48556995,1.2,-0.151619,-0.256971,-0.010853,0.019759
formal,0,up,50,2.120298333497111,1784191426.761655,1.3890456,1.2,-0.196109,-0.332034,-0.010126,0.018593
formal,0,up,51,2.250851809698209,1784191428.5995252,1.44132962,1.2,-0.239913,-0.406085,-0.009637,0.017829
formal,0,up,52,2.3814052858993078,1784191430.431515,1.39306745,1.2,-0.283092,-0.478907,-0.008749,0.016183
formal,0,up,53,2.5119587621004067,1784191432.257687,1.37295821,1.2,-0.324579,-0.548856,-0.008761,0.015653
formal,0,up,54,2.6425122383015047,1784191434.070824,1.30994927,1.2,-0.363257,-0.613882,-0.008336,0.015015
formal,0,up,55,2.7730657145026036,1784191435.892277,1.30056496,1.2,-0.396542,-0.669917,-0.006325,0.011298
formal,0,up,56,2.9036191907037026,1784191437.725193,1.2791151,1.2,-0.427074,-0.720605,-0.003492,0.006177
formal,0,up,57,3.0341726669048015,1784191439.562861,1.18795323,1.196382,-0.454294,-0.766762,0.001504,-0.002076
formal,0,up,58,3.1647261431059004,1784191441.379454,1.14773475,1.155527,-0.478711,-0.807316,0.004855,-0.009117
formal,0,up,59,3.2952796193069984,1784191443.199088,1.07668211,1.107533,-0.500165,-0.842542,0.008879,-0.016591
formal,0,up,60,3.4258330955080973,1784191445.02871,1.0592541,1.057595,-0.516918,-0.870753,0.012261,-0.023078
formal,0,up,61,3.5563865717091963,1784191446.84958,1.02171686,1.004051,-0.527845,-0.888977,0.016464,-0.030332
formal,0,up,62,3.6869400479102943,1784191448.6660311,0.986860847,0.950124,-0.537446,-0.904889,0.021498,-0.040307
formal,0,up,63,3.817493524111393,1784191450.480198,0.882292811,0.895342,-0.544238,-0.915927,0.026208,-0.048196
formal,0,up,64,3.948047000312492,1784191452.297426,0.848777414,0.837559,-0.546589,-0.919401,0.030984,-0.057118
formal,0,up,65,4.078600476513591,1784191454.112397,0.81124017,0.780854,-0.549049,-0.923193,0.033636,-0.06256
formal,0,up,66,4.20915395271469,1784191455.932267,0.732143835,0.721891,-0.546781,-0.919328,0.034948,-0.064933
formal,0,up,67,4.339707428915789,1784191457.7559612,0.686562896,0.664484,-0.542938,-0.913202,0.035091,-0.06497
formal,0,up,68,4.470260905116888,1784191459.579475,0.611488408,0.607326,-0.539052,-0.905742,0.033849,-0.062909
formal,0,up,69,4.600814381317985,1784191461.406389,0.557863773,0.550782,-0.530934,-0.891314,0.033868,-0.063009
formal,0,up,70,4.731367857519084,1784191463.230282,0.434527115,0.495048,-0.52157,-0.875932,0.031654,-0.058526
formal,0,up,71,4.861921333720183,1784191465.057813,0.472064358,0.440767,-0.509496,-0.855288,0.029384,-0.054887
formal,0,up,72,4.992474809921282,1784191466.89588,0.38090248,0.388042,-0.494328,-0.829571,0.02533,-0.047321
formal,0,up,73,5.123028286122381,1784191468.7125719,0.315212303,0.337707,-0.476502,-0.799687,0.020141,-0.037894
formal,0,up,74,5.2535817623234795,1784191470.532747,0.27097198,0.289849,-0.453838,-0.761372,0.017446,-0.032464
formal,0,up,75,5.384135238524578,1784191472.3409789,0.257565821,0.244915,-0.428505,-0.719526,0.014363,-0.027099
formal,0,up,76,5.514688714725676,1784191474.156082,0.179810102,0.202932,-0.39963,-0.671321,0.012382,-0.023462
formal,0,up,77,5.6452421909267745,1784191475.991592,0.146294705,0.164187,-0.366186,-0.615183,0.010462,-0.019703
formal,0,up,78,5.775795667127873,1784191477.817544,0.136910394,0.129131,-0.329113,-0.552655,0.009069,-0.017424
formal,0,up,79,5.906349143328972,1784191479.6379158,0.108757461,0.097759,-0.28672,-0.481771,0.0092,-0.017671
formal,0,up,80,6.036902619530071,1784191481.46602,0.0202768148,0.070357,-0.243089,-0.408623,0.009619,-0.018248
formal,0,down,0,6.036902619530071,1784191483.2843451,0.0698796015,0.060474,-0.239343,-0.403107,0.009829,-0.018077
formal,0,down,1,5.906349143328972,1784191485.090689,0.116801157,0.075082,-0.2769,-0.466176,0.009671,-0.017274
formal,0,down,2,5.775795667127873,1784191486.9211159,0.12216362,0.099723,-0.315155,-0.530325,0.009436,-0.016923
formal,0,down,3,5.6452421909267745,1784191488.7541802,0.144954089,0.12815,-0.350307,-0.589138,0.009577,-0.016602
formal,0,down,4,5.514688714725676,1784191490.570493,0.205281803,0.159816,-0.381933,-0.641924,0.007796,-0.013401
formal,0,down,5,5.384135238524578,1784191492.3881989,0.17712887,0.194786,-0.410457,-0.689799,0.00379,-0.006292
formal,0,down,6,5.2535817623234795,1784191494.212936,0.257565821,0.23292,-0.435989,-0.732858,-0.000183,0.001505
formal,0,down,7,5.123028286122381,1784191496.0311701,0.355430779,0.274028,-0.459046,-0.771155,-0.005808,0.011483
formal,0,down,8,4.992474809921282,1784191497.849445,0.3487277,0.317516,-0.478558,-0.803881,-0.009859,0.019283
formal,0,down,9,4.861921333720183,1784191499.663379,0.391627407,0.363885,-0.494273,-0.83005,-0.014241,0.027325
formal,0,down,10,4.731367857519084,1784191501.469016,0.426483419,0.412179,-0.507237,-0.851553,-0.018588,0.035403
formal,0,down,11,4.600814381317985,1784191503.2967901,0.514964066,0.462324,-0.518106,-0.869841,-0.022654,0.043413
formal,0,down,12,4.470260905116888,1784191505.119018,0.547138846,0.51461,-0.527717,-0.885959,-0.02739,0.051925
formal,0,down,13,4.339707428915789,1784191506.955939,0.595401017,0.567899,-0.534628,-0.897629,-0.030361,0.057765
formal,0,down,14,4.20915395271469,1784191508.774488,0.66243181,0.622281,-0.538963,-0.90569,-0.033743,0.063621
formal,0,down,15,4.078600476513591,1784191510.6004748,0.673156737,0.67734,-0.542683,-0.911701,-0.032843,0.062077
formal,0,down,16,3.948047000312492,1784191512.4092228,0.807218323,0.733642,-0.543559,-0.913171,-0.032425,0.061925
formal,0,down,17,3.817493524111393,1784191514.215772,0.815262018,0.789393,-0.54339,-0.913242,-0.031984,0.060587
formal,0,down,18,3.6869400479102943,1784191516.040816,0.852799262,0.844942,-0.540822,-0.909168,-0.030945,0.058619
formal,0,down,19,3.5563865717091963,1784191517.880894,0.925192518,0.899509,-0.536661,-0.902569,-0.029692,0.056221
formal,0,down,20,3.4258330955080973,1784191519.696539,0.958707914,0.953696,-0.52925,-0.890845,-0.02645,0.04993
formal,0,down,21,3.2952796193069984,1784191521.521666,1.07131965,1.006517,-0.518917,-0.874183,-0.022658,0.042975
formal,0,down,22,3.1647261431059004,1784191523.340759,1.1182412,1.057481,-0.505412,-0.850953,-0.018539,0.035957
formal,0,down,23,3.0341726669048015,1784191525.1576169,1.12360366,1.107314,-0.487374,-0.821045,-0.015878,0.031331
formal,0,down,24,2.9036191907037026,1784191526.979221,1.18527199,1.154424,-0.466697,-0.786946,-0.014548,0.028327
formal,0,down,25,2.7730657145026036,1784191528.789509,1.24291848,1.195395,-0.443087,-0.747225,-0.01252,0.024568
formal,0,down,26,2.6425122383015047,1784191530.616155,1.25230279,1.2,-0.416949,-0.703448,-0.010671,0.021087
formal,0,down,27,2.5119587621004067,1784191532.435797,1.29252126,1.2,-0.385145,-0.650462,-0.00879,0.017766
formal,0,down,28,2.3814052858993078,1784191534.264853,1.35821144,1.2,-0.349983,-0.591684,-0.007501,0.015442
formal,0,down,29,2.250851809698209,1784191536.090915,1.39440807,1.2,-0.311295,-0.526287,-0.008478,0.017179
formal,0,down,30,2.120298333497111,1784191537.9130728,1.3970893,1.2,-0.271237,-0.459029,-0.009115,0.017906
formal,0,down,31,1.989744857296012,1784191539.729455,1.43998901,1.2,-0.230212,-0.389657,-0.010132,0.019572
formal,0,down,32,1.859191381094913,1784191541.5577018,1.43864839,1.2,-0.187185,-0.317318,-0.010144,0.019565
formal,0,down,33,1.728637904893814,1784191543.369131,1.47216379,1.2,-0.142941,-0.242223,-0.010192,0.019481
formal,0,down,34,1.5980844286927152,1784191545.193119,1.46143886,1.2,-0.097449,-0.165332,-0.010335,0.019585
formal,0,down,35,1.4675309524916171,1784191547.020709,1.48556995,1.2,-0.051694,-0.087765,-0.010583,0.019856
formal,0,down,36,1.3369774762905182,1784191548.8323798,1.44267024,1.2,-0.005886,-0.010079,-0.010823,0.020053
formal,0,down,37,1.2064240000894193,1784191550.664663,1.48959179,1.2,0.039945,0.067994,-0.010906,0.019949
formal,0,down,38,1.0758705238883213,1784191552.501614,1.45473578,1.2,0.086028,0.146063,-0.010822,0.019767
formal,0,down,39,0.9453170476872224,1784191554.324345,1.4480327,1.2,0.131495,0.223155,-0.011052,0.019937
formal,0,down,40,0.8147635714861234,1784191556.155566,1.47752625,1.2,0.17594,0.298384,-0.01116,0.019932
formal,0,down,41,0.6842100952850245,1784191557.961214,1.42658285,1.2,0.218988,0.371149,-0.010613,0.018973
formal,0,down,42,0.5536566190839256,1784191559.787735,1.3970893,1.2,0.261368,0.442616,-0.010306,0.018149
formal,0,down,43,0.4231031428828276,1784191561.6055622,1.40111115,1.2,0.302335,0.511879,-0.009113,0.01623
formal,0,down,44,0.29254966668172866,1784191563.427686,1.32737727,1.2,0.341811,0.578296,-0.009009,0.0155
formal,0,down,45,0.16199619048062974,1784191565.240969,1.28849942,1.2,0.37856,0.640588,-0.008171,0.014043
formal,0,down,46,0.031442714279531714,1784191567.064529,1.26570895,1.2,0.409421,0.691891,-0.006208,0.010075
formal,0,down,47,-0.0991107619215672,1784191568.884774,1.23219355,1.2,0.438914,0.741992,-0.003497,0.005193
formal,0,down,48,-0.22966423812266612,1784191570.697401,1.16114091,1.180793,0.463639,0.783536,0.001222,-0.00305
formal,0,down,49,-0.36021771432376504,1784191572.512583,1.14237229,1.13475,0.485551,0.820672,0.004915,-0.010114
formal,0,down,50,-0.4907711905248635,1784191574.335814,1.08606642,1.085614,0.504185,0.852056,0.010062,-0.019173
formal,0,down,51,-0.621324666725962,1784191576.167008,1.06327595,1.033513,0.518861,0.876223,0.012974,-0.025513
formal,0,down,52,-0.7518781429270609,1784191577.984179,0.978817152,0.9808,0.529982,0.894173,0.016553,-0.031439
formal,0,down,53,-0.8824316191281598,1784191579.804659,0.914467591,0.927039,0.538401,0.908818,0.020337,-0.038981
formal,0,down,54,-1.0129850953292583,1784191581.632595,0.879611579,0.871171,0.542616,0.914711,0.025229,-0.048258
formal,0,down,55,-1.1435385715303568,1784191583.45914,0.831349408,0.814677,0.545478,0.919834,0.029708,-0.05558
formal,0,down,56,-1.2740920477314557,1784191585.281002,0.736165682,0.758157,0.545592,0.920126,0.031841,-0.060008
formal,0,down,57,-1.4046455239325546,1784191587.0942159,0.718737676,0.7005,0.54368,0.916328,0.033992,-0.063332
formal,0,down,58,-1.535199000133653,1784191588.938051,0.636960109,0.643798,0.539203,0.908036,0.032643,-0.061753
formal,0,down,59,-1.6657524763347515,1784191590.75284,0.596741633,0.587807,0.533457,0.898517,0.031285,-0.059647
formal,0,down,60,-1.7963059525358505,1784191592.574782,0.555182542,0.531508,0.525147,0.884515,0.030742,-0.057972
formal,0,down,61,-1.9268594287369494,1784191594.3941739,0.439889578,0.477117,0.514475,0.86689,0.028883,-0.054462
formal,0,down,62,-2.057412904938048,1784191596.213207,0.418439724,0.423724,0.50121,0.843989,0.027221,-0.051444
formal,0,down,63,-2.1879663811391463,1784191598.0369961,0.360793242,0.372436,0.486752,0.819569,0.022793,-0.043758
formal,0,down,64,-2.3185198573402452,1784191599.864309,0.338002773,0.323017,0.466985,0.786743,0.018303,-0.035129
formal,0,down,65,-2.449073333541344,1784191601.682621,0.264268901,0.27636,0.444415,0.748398,0.014627,-0.028661
formal,0,down,66,-2.5796268097424426,1784191603.515858,0.240137815,0.232741,0.418901,0.706273,0.011704,-0.023252
formal,0,down,67,-2.710180285943541,1784191605.334452,0.166403943,0.192171,0.388383,0.655116,0.010879,-0.020988
formal,0,down,68,-2.84073376214464,1784191607.147274,0.123504236,0.15476,0.35394,0.596929,0.00919,-0.018109
formal,0,down,69,-2.971287238345739,1784191608.964449,0.140932242,0.120743,0.316086,0.533578,0.009016,-0.01742
formal,0,down,70,-3.1018407145468374,1784191610.7793121,0.10607623,0.090611,0.274114,0.46271,0.008747,-0.017106
formal,0,down,71,-3.232394190747936,1784191612.614648,0.0591546747,0.064449,0.230644,0.389622,0.009055,-0.017574
formal,0,down,72,-3.362947666949035,1784191614.444066,0.0698796015,0.042589,0.186241,0.314628,0.010099,-0.019224
formal,0,down,73,-3.4935011431501337,1784191616.246009,0.037704821,0.025065,0.140641,0.237672,0.010428,-0.01973
formal,0,down,74,-3.624054619351232,1784191618.067599,-0.0118975603,0.012154,0.094258,0.159719,0.010883,-0.020263
formal,0,down,75,-3.7546080955523307,1784191619.906246,-0.0226221218,0.003699,0.047152,0.079927,0.010914,-0.020377
formal,0,down,76,-3.8851615717534296,1784191621.731062,0.0229580465,-3.6e-05,-0.000551,-0.000865,0.011005,-0.020275
formal,0,down,77,-4.0157150479545285,1784191623.537525,-0.0105569902,0.000887,-0.047726,-0.080696,0.011005,-0.020204
formal,0,down,78,-4.1462685241556265,1784191625.34516,0.000167665484,0.006445,-0.094925,-0.160552,0.010988,-0.020089
formal,0,down,79,-4.276822000356725,1784191627.17116,-0.00251306376,0.016707,-0.141596,-0.239163,0.01048,-0.019185
formal,0,down,80,-4.407375476557824,1784191628.997345,0.0618359064,0.031445,-0.187584,-0.316934,0.01038,-0.0188
formal,1,up,0,-4.407375476557824,1784191630.821572,0.0390454368,0.037592,-0.190812,-0.322999,0.010179,-0.018919
formal,1,up,1,-4.276822000356725,1784191632.638289,0.0604952905,0.027802,-0.150479,-0.254879,0.010403,-0.019432
formal,1,up,2,-4.1462685241556265,1784191634.459291,0.0162551928,0.015169,-0.108484,-0.18388,0.010871,-0.020231
formal,1,up,3,-4.0157150479545285,1784191636.287488,0.0336829734,0.006167,-0.065366,-0.110691,0.010852,-0.020267
formal,1,up,4,-3.8851615717534296,1784191638.1130939,-0.00921641997,0.000982,-0.021978,-0.037255,0.011031,-0.02037
formal,1,up,5,-3.7546080955523307,1784191639.933853,0.0350235893,-0.000259,0.022295,0.037786,0.011059,-0.020285
formal,1,up,6,-3.624054619351232,1784191641.754793,0.0108925038,0.002447,0.066502,0.112544,0.011025,-0.020227
formal,1,up,7,-3.4935011431501337,1784191643.566977,0.0229580465,0.009222,0.110371,0.186617,0.010758,-0.019695
formal,1,up,8,-3.362947666949035,1784191645.389293,0.00687069909,0.01995,0.153547,0.259446,0.01047,-0.01917
formal,1,up,9,-3.232394190747936,1784191647.204579,0.0350235893,0.034557,0.196063,0.331325,0.009711,-0.017852
formal,1,up,10,-3.1018407145468374,1784191649.017369,0.0430672844,0.053181,0.238429,0.402643,0.00944,-0.017302
formal,1,up,11,-2.971287238345739,1784191650.8459918,0.108757461,0.075553,0.279334,0.471592,0.009677,-0.017477
formal,1,up,12,-2.84073376214464,1784191652.6707819,0.130207315,0.101893,0.318013,0.536287,0.009544,-0.017222
formal,1,up,13,-2.710180285943541,1784191654.4991539,0.173107022,0.131821,0.354845,0.598171,0.008843,-0.015761
formal,1,up,14,-2.5796268097424426,1784191656.326515,0.224050425,0.165371,0.388312,0.654045,0.005132,-0.009764
formal,1,up,15,-2.449073333541344,1784191658.151702,0.187853797,0.202414,0.417844,0.703618,0.001215,-0.002658
formal,1,up,16,-2.3185198573402452,1784191659.962522,0.256225206,0.241973,0.442942,0.746517,-0.003264,0.006528
formal,1,up,17,-2.1879663811391463,1784191661.770313,0.258906437,0.284245,0.465043,0.782933,-0.007307,0.014047
formal,1,up,18,-2.057412904938048,1784191663.586805,0.338002773,0.330236,0.483137,0.813722,-0.012037,0.022654
formal,1,up,19,-1.9268594287369494,1784191665.4097059,0.406374182,0.378095,0.49805,0.838924,-0.01754,0.032136
formal,1,up,20,-1.7963059525358505,1784191667.216458,0.500217291,0.427672,0.509703,0.857885,-0.022551,0.041942
formal,1,up,21,-1.6657524763347515,1784191669.0384262,0.508260987,0.480665,0.520705,0.877197,-0.02824,0.05217
formal,1,up,22,-1.535199000133653,1784191670.859843,0.520326529,0.533964,0.529521,0.89162,-0.031403,0.058249
formal,1,up,23,-1.4046455239325546,1784191672.68484,0.618191487,0.589006,0.536627,0.902889,-0.034417,0.064199
formal,1,up,24,-1.2740920477314557,1784191674.510449,0.619532103,0.644929,0.540128,0.909146,-0.035547,0.065727
formal,1,up,25,-1.1435385715303568,1784191676.340967,0.706672133,0.701533,0.542594,0.913788,-0.035345,0.065265
formal,1,up,26,-1.0129850953292583,1784191678.162399,0.780406006,0.757481,0.542945,0.914921,-0.03566,0.065732
formal,1,up,27,-0.8824316191281598,1784191679.988399,0.897039585,0.813994,0.542111,0.913347,-0.034473,0.063694
formal,1,up,28,-0.7518781429270609,1784191681.806432,0.917148823,0.869229,0.539158,0.909085,-0.033051,0.061228
formal,1,up,29,-0.621324666725962,1784191683.626849,0.972114073,0.925713,0.534003,0.900487,-0.029738,0.055535
formal,1,up,30,-0.4907711905248635,1784191685.454818,1.0337824,0.9792,0.525127,0.885369,-0.024755,0.046441
formal,1,up,31,-0.36021771432376504,1784191687.2693639,1.1008132,1.032288,0.512378,0.865085,-0.021766,0.040396
formal,1,up,32,-0.22966423812266612,1784191689.096375,1.1262849,1.084146,0.496114,0.837564,-0.019533,0.036402
formal,1,up,33,-0.0991107619215672,1784191690.913565,1.14907537,1.132347,0.47772,0.807615,-0.017262,0.032236
formal,1,up,34,0.031442714279531714,1784191692.74266,1.18661261,1.178277,0.455166,0.769061,-0.014796,0.027779
formal,1,up,35,0.16199619048062974,1784191694.5556421,1.2107437,1.199833,0.429361,0.726618,-0.012206,0.023889
formal,1,up,36,0.29254966668172866,1784191696.375583,1.31531173,1.2,0.398723,0.674684,-0.010157,0.0192
formal,1,up,37,0.4231031428828276,1784191698.192339,1.34748651,1.2,0.364047,0.616395,-0.008571,0.01657
formal,1,up,38,0.5536566190839256,1784191700.019092,1.35150836,1.2,0.326866,0.553069,-0.009158,0.017753
formal,1,up,39,0.6842100952850245,1784191701.819076,1.41451731,1.2,0.287198,0.486192,-0.009751,0.018658
formal,1,up,40,0.8147635714861234,1784191703.644632,1.43730778,1.2,0.246238,0.416892,-0.010428,0.019793
formal,1,up,41,0.9453170476872224,1784191705.4720461,1.41987977,1.2,0.203012,0.344267,-0.010399,0.019864
formal,1,up,42,1.0758705238883213,1784191707.30412,1.45473578,1.2,0.158376,0.268528,-0.010239,0.019401
formal,1,up,43,1.2064240000894193,1784191709.1391182,1.49361364,1.2,0.112476,0.190932,-0.010536,0.019862
formal,1,up,44,1.3369774762905182,1784191710.962902,1.46680132,1.2,0.066369,0.112907,-0.010671,0.020013
formal,1,up,45,1.4675309524916171,1784191712.794555,1.53785396,1.2,0.020306,0.034491,-0.010819,0.020134
formal,1,up,46,1.5980844286927152,1784191714.620718,1.47484502,1.2,-0.026229,-0.044663,-0.010786,0.019941
formal,1,up,47,1.728637904893814,1784191716.436289,1.50299795,1.2,-0.072965,-0.12374,-0.010749,0.019801
formal,1,up,48,1.859191381094913,1784191718.2480378,1.43596716,1.2,-0.11906,-0.201842,-0.010827,0.0198
formal,1,up,49,1.989744857296012,1784191720.0686789,1.47618564,1.2,-0.164485,-0.27889,-0.010702,0.019516
formal,1,up,50,2.120298333497111,1784191721.896288,1.43864839,1.2,-0.208776,-0.353469,-0.009997,0.018421
formal,1,up,51,2.250851809698209,1784191723.7212212,1.40647361,1.2,-0.251939,-0.426351,-0.009647,0.017585
formal,1,up,52,2.3814052858993078,1784191725.510452,1.38770499,1.2,-0.29462,-0.498204,-0.008649,0.015877
formal,1,up,53,2.5119587621004067,1784191727.294859,1.34078343,1.2,-0.335039,-0.566351,-0.008438,0.01544
formal,1,up,54,2.6425122383015047,1784191729.093108,1.32737727,1.2,-0.372339,-0.629186,-0.008112,0.014328
formal,1,up,55,2.7730657145026036,1784191730.8833659,1.27777449,1.2,-0.405043,-0.684071,-0.005712,0.010347
formal,1,up,56,2.9036191907037026,1784191732.675265,1.21878739,1.2,-0.434599,-0.733369,-0.002805,0.00511
formal,1,up,57,3.0341726669048015,1784191734.475904,1.16382214,1.186705,-0.46078,-0.776851,0.001863,-0.003384
formal,1,up,58,3.1647261431059004,1784191736.2574432,1.2107437,1.143727,-0.48444,-0.816347,0.006134,-0.011162
formal,1,up,59,3.2952796193069984,1784191738.041464,1.10617566,1.093831,-0.504054,-0.84931,0.01013,-0.019025
formal,1,up,60,3.4258330955080973,1784191739.832511,1.05389164,1.042498,-0.519743,-0.875846,0.013811,-0.025296
formal,1,up,61,3.5563865717091963,1784191741.6175349,0.992223311,0.989537,-0.531094,-0.894412,0.017239,-0.031926
formal,1,up,62,3.6869400479102943,1784191743.402424,0.92117067,0.935467,-0.538968,-0.906877,0.022755,-0.042528
formal,1,up,63,3.817493524111393,1784191745.190733,0.878270963,0.879934,-0.544031,-0.915697,0.026948,-0.050128
formal,1,up,64,3.948047000312492,1784191746.9737222,0.852799262,0.822852,-0.547383,-0.921038,0.031204,-0.05778
formal,1,up,65,4.078600476513591,1784191748.7630038,0.752253073,0.766414,-0.548844,-0.922388,0.034044,-0.062911
formal,1,up,66,4.20915395271469,1784191750.5421,0.741528146,0.708423,-0.547531,-0.919986,0.034697,-0.064478
formal,1,up,67,4.339707428915789,1784191752.332497,0.657069347,0.651264,-0.542621,-0.911726,0.034782,-0.064458
formal,1,up,68,4.470260905116888,1784191754.120893,0.577973011,0.593355,-0.536072,-0.900697,0.033681,-0.062596
formal,1,up,69,4.600814381317985,1784191755.907506,0.545798231,0.537213,-0.528526,-0.887872,0.032901,-0.061182
formal,1,up,70,4.731367857519084,1784191757.6983218,0.449273889,0.482708,-0.518464,-0.87088,0.030727,-0.057632
formal,1,up,71,4.861921333720183,1784191759.483249,0.390286791,0.428765,-0.505976,-0.849533,0.028609,-0.053452
formal,1,up,72,4.992474809921282,1784191761.276455,0.332640309,0.37713,-0.490595,-0.823404,0.024501,-0.045814
formal,1,up,73,5.123028286122381,1784191763.069083,0.32593723,0.326889,-0.470461,-0.789622,0.019517,-0.03679
formal,1,up,74,5.2535817623234795,1784191764.855896,0.261587669,0.280296,-0.447946,-0.75228,0.016782,-0.031497
formal,1,up,75,5.384135238524578,1784191766.646654,0.242819047,0.236024,-0.422492,-0.709658,0.013553,-0.025615
formal,1,up,76,5.514688714725676,1784191768.440963,0.174447638,0.194955,-0.393119,-0.660139,0.011908,-0.022465
formal,1,up,77,5.6452421909267745,1784191770.232494,0.165063327,0.15684,-0.358821,-0.602594,0.010092,-0.019219
formal,1,up,78,5.775795667127873,1784191772.022654,0.142272858,0.12259,-0.32055,-0.538509,0.009179,-0.017725
formal,1,up,79,5.906349143328972,1784191773.816809,0.114119925,0.091871,-0.277801,-0.466919,0.009398,-0.017996
formal,1,up,80,6.036902619530071,1784191775.5991738,0.075242065,0.065371,-0.234076,-0.393218,0.009669,-0.018507
formal,1,down,0,6.036902619530071,1784191777.38431,0.0524515954,0.055873,-0.230247,-0.387819,0.009961,-0.018239
formal,1,down,1,5.906349143328972,1784191779.1684952,0.075242065,0.070024,-0.268189,-0.451383,0.009669,-0.017357
formal,1,down,2,5.775795667127873,1784191780.965996,0.114119925,0.0941,-0.30661,-0.515963,0.009385,-0.017136
formal,1,down,3,5.6452421909267745,1784191782.756028,0.182491333,0.121903,-0.342375,-0.575637,0.009605,-0.017115
formal,1,down,4,5.514688714725676,1784191784.5409951,0.135569778,0.153145,-0.375423,-0.630969,0.00839,-0.014314
formal,1,down,5,5.384135238524578,1784191786.330009,0.233434736,0.187568,-0.404586,-0.679513,0.004568,-0.007515
formal,1,down,6,5.2535817623234795,1784191788.1121721,0.256225206,0.225364,-0.431296,-0.724357,0.000683,0.000238
formal,1,down,7,5.123028286122381,1784191789.900888,0.280356291,0.265647,-0.454319,-0.763233,-0.004616,0.009594
formal,1,down,8,4.992474809921282,1784191791.688258,0.352749547,0.308806,-0.474854,-0.797245,-0.008525,0.017457
formal,1,down,9,4.861921333720183,1784191793.484746,0.38090248,0.3543,-0.49083,-0.824194,-0.012771,0.025034
formal,1,down,10,4.731367857519084,1784191795.281748,0.411736645,0.402556,-0.504584,-0.846549,-0.017575,0.034056
formal,1,down,11,4.600814381317985,1784191797.070933,0.462680048,0.452218,-0.515699,-0.865854,-0.021744,0.041454
formal,1,down,12,4.470260905116888,1784191798.848054,0.523007761,0.504004,-0.525296,-0.881719,-0.026322,0.050475
formal,1,down,13,4.339707428915789,1784191800.640935,0.581994859,0.557292,-0.532413,-0.893564,-0.030205,0.057473
formal,1,down,14,4.20915395271469,1784191802.433116,0.673156737,0.611186,-0.53865,-0.904262,-0.032287,0.061504
formal,1,down,15,4.078600476513591,1784191804.224523,0.6785192,0.666247,-0.541237,-0.90891,-0.032746,0.061994
formal,1,down,16,3.948047000312492,1784191806.005816,0.74018753,0.722417,-0.543013,-0.912422,-0.032333,0.061461
formal,1,down,17,3.817493524111393,1784191807.796098,0.828668176,0.777888,-0.543252,-0.912602,-0.03219,0.060562
formal,1,down,18,3.6869400479102943,1784191809.5917099,0.842074335,0.833254,-0.541132,-0.909101,-0.031243,0.05931
formal,1,down,19,3.5563865717091963,1784191811.3738399,0.893017737,0.888419,-0.537488,-0.903485,-0.029703,0.056515
formal,1,down,20,3.4258330955080973,1784191813.163509,0.972114073,0.942695,-0.530173,-0.892102,-0.027033,0.051417
formal,1,down,21,3.2952796193069984,1784191814.949259,1.02171686,0.995514,-0.521028,-0.877039,-0.02281,0.04349
formal,1,down,22,3.1647261431059004,1784191816.739676,1.08606642,1.046498,-0.507232,-0.853583,-0.019038,0.036793
formal,1,down,23,3.0341726669048015,1784191818.5316741,1.13566921,1.095864,-0.4897,-0.824737,-0.016145,0.031715
formal,1,down,24,2.9036191907037026,1784191820.324865,1.16248152,1.144416,-0.469809,-0.791448,-0.015213,0.029544
formal,1,down,25,2.7730657145026036,1784191822.107625,1.22549047,1.187702,-0.446961,-0.753734,-0.012201,0.024327
formal,1,down,26,2.6425122383015047,1784191823.901279,1.27375264,1.2,-0.421091,-0.71046,-0.011322,0.021806
formal,1,down,27,2.5119587621004067,1784191825.690934,1.32335543,1.2,-0.39022,-0.658442,-0.008698,0.017649
formal,1,down,28,2.3814052858993078,1784191827.481717,1.34078343,1.2,-0.355562,-0.600673,-0.007805,0.015581
formal,1,down,29,2.250851809698209,1784191829.2675562,1.35150836,1.2,-0.317754,-0.537036,-0.008591,0.017003
formal,1,down,30,2.120298333497111,1784191831.059534,1.38234253,1.2,-0.278218,-0.470271,-0.009027,0.017847
formal,1,down,31,1.989744857296012,1784191832.850711,1.44132962,1.2,-0.237015,-0.401253,-0.010041,0.019443
formal,1,down,32,1.859191381094913,1784191834.6334589,1.38234253,1.2,-0.194596,-0.329472,-0.010139,0.019579
formal,1,down,33,1.728637904893814,1784191836.4125319,1.47216379,1.2,-0.150453,-0.254883,-0.010168,0.01939
formal,1,down,34,1.5980844286927152,1784191838.195342,1.45339517,1.2,-0.105235,-0.178571,-0.010218,0.019446
formal,1,down,35,1.4675309524916171,1784191839.974876,1.47618564,1.2,-0.059727,-0.10135,-0.010486,0.019769
formal,1,down,36,1.3369774762905182,1784191841.763084,1.44669209,1.2,-0.014081,-0.023898,-0.010778,0.020124
formal,1,down,37,1.2064240000894193,1784191843.552694,1.49227303,1.2,0.031643,0.053698,-0.010854,0.020018
formal,1,down,38,1.0758705238883213,1784191845.346591,1.49227303,1.2,0.077647,0.131875,-0.010764,0.019843
formal,1,down,39,0.9453170476872224,1784191847.134037,1.46680132,1.2,0.1234,0.20917,-0.010899,0.019975
formal,1,down,40,0.8147635714861234,1784191848.924553,1.44937332,1.2,0.168098,0.28495,-0.011085,0.01998
formal,1,down,41,0.6842100952850245,1784191850.711862,1.46814194,1.2,0.211546,0.358567,-0.010595,0.01903
formal,1,down,42,0.5536566190839256,1784191852.496141,1.40915484,1.2,0.254072,0.430259,-0.010343,0.018219
formal,1,down,43,0.4231031428828276,1784191854.2868102,1.35687082,1.2,0.295134,0.499397,-0.009239,0.016267
formal,1,down,44,0.29254966668172866,1784191856.07712,1.34078343,1.2,0.335399,0.567149,-0.009018,0.015779
formal,1,down,45,0.16199619048062974,1784191857.862006,1.30726804,1.2,0.372895,0.630561,-0.008449,0.014621
formal,1,down,46,0.031442714279531714,1784191859.649944,1.32469604,1.2,0.404868,0.684417,-0.006902,0.011464
formal,1,down,47,-0.0991107619215672,1784191861.4400132,1.19331569,1.2,0.433922,0.733726,-0.003929,0.006273
formal,1,down,48,-0.22966423812266612,1784191863.228415,1.23487478,1.185102,0.458838,0.775152,0.000595,-0.002188
formal,1,down,49,-0.36021771432376504,1784191865.020569,1.14773475,1.140775,0.481379,0.813057,0.004343,-0.009268
formal,1,down,50,-0.4907711905248635,1784191866.806657,1.06461657,1.093089,0.501478,0.846604,0.009261,-0.01789
formal,1,down,51,-0.621324666725962,1784191868.595376,1.04316671,1.041379,0.516479,0.871629,0.01266,-0.023919
formal,1,down,52,-0.7518781429270609,1784191870.3843288,0.992223311,0.988646,0.527464,0.889624,0.015777,-0.030388
formal,1,down,53,-0.8824316191281598,1784191872.177946,0.938598677,0.935462,0.536711,0.905129,0.019991,-0.038124
formal,1,down,54,-1.0129850953292583,1784191873.964648,0.831349408,0.880152,0.540918,0.911591,0.024928,-0.047156
formal,1,down,55,-1.1435385715303568,1784191875.761983,0.812580786,0.824005,0.545362,0.919018,0.028618,-0.054069
formal,1,down,56,-1.2740920477314557,1784191877.552364,0.771021695,0.767071,0.54517,0.918431,0.031697,-0.059548
formal,1,down,57,-1.4046455239325546,1784191879.342647,0.718737676,0.709408,0.544202,0.916757,0.032787,-0.061871
formal,1,down,58,-1.535199000133653,1784191881.1342669,0.647685036,0.652116,0.540297,0.910295,0.03173,-0.059912
formal,1,down,59,-1.6657524763347515,1784191882.921053,0.595401017,0.595202,0.532684,0.897248,0.03115,-0.059585
formal,1,down,60,-1.7963059525358505,1784191884.7179542,0.553841926,0.539586,0.526149,0.885685,0.030723,-0.058245
formal,1,down,61,-1.9268594287369494,1784191886.503211,0.484129901,0.485134,0.516289,0.869407,0.028674,-0.054776
formal,1,down,62,-2.057412904938048,1784191888.295373,0.396989871,0.431883,0.503869,0.848647,0.026968,-0.051452
formal,1,down,63,-2.1879663811391463,1784191890.0808551,0.376880633,0.380452,0.488948,0.823367,0.023489,-0.044324
formal,1,down,64,-2.3185198573402452,1784191891.868476,0.340684005,0.331104,0.47043,0.792346,0.01858,-0.035864
formal,1,down,65,-2.449073333541344,1784191893.653725,0.257565821,0.284168,0.448121,0.754061,0.01529,-0.03002
formal,1,down,66,-2.5796268097424426,1784191895.4506931,0.238797199,0.240014,0.423297,0.713175,0.012383,-0.024317
formal,1,down,67,-2.710180285943541,1784191897.235542,0.187853797,0.198593,0.393063,0.662584,0.011228,-0.021636
formal,1,down,68,-2.84073376214464,1784191899.018858,0.163722711,0.16066,0.359987,0.606663,0.009384,-0.018469
formal,1,down,69,-2.971287238345739,1784191900.802614,0.152997785,0.126016,0.322579,0.54382,0.008883,-0.017391
formal,1,down,70,-3.1018407145468374,1784191902.591327,0.142272858,0.095274,0.280926,0.473694,0.008627,-0.017082
formal,1,down,71,-3.232394190747936,1784191904.376122,0.0604952905,0.068519,0.23769,0.401248,0.008982,-0.017572
formal,1,down,72,-3.362947666949035,1784191906.162094,0.0484297478,0.046115,0.194008,0.327605,0.009996,-0.019068
formal,1,down,73,-3.4935011431501337,1784191907.951414,0.0028488087,0.028059,0.148932,0.251686,0.010432,-0.01968
formal,1,down,74,-3.624054619351232,1784191909.739261,0.0484297478,0.014191,0.102724,0.173805,0.010792,-0.020297
formal,1,down,75,-3.7546080955523307,1784191911.524962,0.0175957173,0.005001,0.0559,0.094566,0.010894,-0.020264
formal,1,down,76,-3.8851615717534296,1784191913.3119109,0.000167576982,0.000357,0.008264,0.014055,0.010983,-0.020234
formal,1,down,77,-4.0157150479545285,1784191915.106824,0.00687097316,0.000413,-0.039033,-0.06607,0.010952,-0.020151
formal,1,down,78,-4.1462685241556265,1784191916.9008021,0.00687065626,0.005176,-0.086269,-0.145866,0.01095,-0.019962
formal,1,down,79,-4.276822000356725,1784191918.690179,0.0269798941,0.014515,-0.132903,-0.224644,0.010618,-0.01924
formal,1,down,80,-4.407375476557824,1784191920.478736,0.0618359064,0.028491,-0.17929,-0.302833,0.010439,-0.018815
formal,2,up,0,-4.407375476557824,1784191922.270449,0.000167848199,0.034346,-0.182509,-0.30892,0.010381,-0.019003
formal,2,up,1,-4.276822000356725,1784191924.056889,0.0403860527,0.025077,-0.141919,-0.240442,0.010363,-0.019527
formal,2,up,2,-4.1462685241556265,1784191925.843062,0.00821145198,0.013241,-0.100033,-0.169519,0.010868,-0.020172
formal,2,up,3,-4.0157150479545285,1784191927.629746,0.0216174307,0.00492,-0.056974,-0.096588,0.010865,-0.02021
formal,2,up,4,-3.8851615717534296,1784191929.412062,-0.0253032621,0.000551,-0.013544,-0.022967,0.011012,-0.020362
formal,2,up,5,-3.7546080955523307,1784191931.2088041,0.0135737355,3.8e-05,0.030597,0.051834,0.01105,-0.02025
formal,2,up,6,-3.624054619351232,1784191932.995105,0.0323423575,0.003489,0.074522,0.126071,0.010971,-0.020156
formal,2,up,7,-3.4935011431501337,1784191934.782913,0.0162549673,0.010916,0.118002,0.19946,0.01064,-0.019633
formal,2,up,8,-3.362947666949035,1784191936.573395,0.0551328271,0.022308,0.161041,0.272181,0.010413,-0.018991
formal,2,up,9,-3.232394190747936,1784191938.365191,0.0645171381,0.037604,0.203253,0.343499,0.009567,-0.017638
formal,2,up,10,-3.1018407145468374,1784191940.154756,0.104735614,0.057011,0.245724,0.414894,0.009332,-0.017167
formal,2,up,11,-2.971287238345739,1784191941.943778,0.114119925,0.080083,0.28661,0.483594,0.009606,-0.017308
formal,2,up,12,-2.84073376214464,1784191943.738016,0.127526083,0.107063,0.324572,0.547232,0.009355,-0.017007
formal,2,up,13,-2.710180285943541,1784191945.5316758,0.158360248,0.137412,0.360341,0.607328,0.008449,-0.015122
formal,2,up,14,-2.5796268097424426,1784191947.31699,0.203941187,0.171284,0.392784,0.661731,0.004553,-0.008675
formal,2,up,15,-2.449073333541344,1784191949.106476,0.222709809,0.208189,0.420719,0.708907,0.000877,-0.001572
formal,2,up,16,-2.3185198573402452,1784191950.888492,0.253543974,0.248687,0.446447,0.752164,-0.004047,0.007655
formal,2,up,17,-2.1879663811391463,1784191952.676894,0.319234151,0.291873,0.468016,0.788442,-0.008735,0.01624
formal,2,up,18,-2.057412904938048,1784191954.488292,0.3487277,0.337297,0.4852,0.81713,-0.01235,0.023319
formal,2,up,19,-1.9268594287369494,1784191956.274542,0.405033566,0.385759,0.499927,0.841461,-0.018301,0.033661
formal,2,up,20,-1.7963059525358505,1784191958.050129,0.457317584,0.436124,0.512303,0.862433,-0.022538,0.041717
formal,2,up,21,-1.6657524763347515,1784191959.841114,0.514964066,0.488212,0.522256,0.879391,-0.028336,0.051977
formal,2,up,22,-1.535199000133653,1784191961.6416352,0.553841926,0.541824,0.528886,0.890662,-0.032856,0.060493
formal,2,up,23,-1.4046455239325546,1784191963.42482,0.603444712,0.596799,0.537127,0.904109,-0.034582,0.064134
formal,2,up,24,-1.2740920477314557,1784191965.218983,0.683881664,0.652144,0.540298,0.909441,-0.034883,0.064845
formal,2,up,25,-1.1435385715303568,1784191967.0098612,0.716056444,0.708586,0.54239,0.913217,-0.035071,0.064915
formal,2,up,26,-1.0129850953292583,1784191968.7955992,0.812580786,0.765095,0.54234,0.913616,-0.035589,0.066014
formal,2,up,27,-0.8824316191281598,1784191970.5796149,0.851458646,0.821722,0.541248,0.91222,-0.03418,0.063311
formal,2,up,28,-0.7518781429270609,1784191972.372468,0.930554981,0.877911,0.538471,0.908328,-0.033049,0.060615
formal,2,up,29,-0.621324666725962,1784191974.160653,0.982839,0.932507,0.532849,0.898716,-0.028702,0.053616
formal,2,up,30,-0.4907711905248635,1784191975.946607,1.07131965,0.986361,0.52254,0.881289,-0.024637,0.045918
formal,2,up,31,-0.36021771432376504,1784191977.729095,1.07936334,1.038119,0.509021,0.858639,-0.021717,0.040403
formal,2,up,32,-0.22966423812266612,1784191979.525416,1.06461657,1.090556,0.49277,0.832097,-0.019156,0.035801
formal,2,up,33,-0.0991107619215672,1784191981.310635,1.15309721,1.138309,0.474369,0.801322,-0.016786,0.031576
formal,2,up,34,0.031442714279531714,1784191983.111,1.23889663,1.183348,0.450794,0.762085,-0.014536,0.027326
formal,2,up,35,0.16199619048062974,1784191984.902327,1.2362154,1.199955,0.424882,0.718807,-0.012192,0.023303
formal,2,up,36,0.29254966668172866,1784191986.697141,1.30190557,1.2,0.394158,0.66652,-0.009555,0.0187
formal,2,up,37,0.4231031428828276,1784191988.487726,1.32201481,1.2,0.359524,0.608542,-0.008414,0.016436
formal,2,up,38,0.5536566190839256,1784191990.26657,1.3890456,1.2,0.32183,0.544894,-0.009307,0.017901
formal,2,up,39,0.6842100952850245,1784191992.0385768,1.42926408,1.2,0.282142,0.477986,-0.009821,0.018798
formal,2,up,40,0.8147635714861234,1784191993.84388,1.43730778,1.2,0.240985,0.408387,-0.010567,0.020022
formal,2,up,41,0.9453170476872224,1784191995.642852,1.4306047,1.2,0.197793,0.335488,-0.01046,0.01975
formal,2,up,42,1.0758705238883213,1784191997.4338748,1.44267024,1.2,0.15298,0.259469,-0.010233,0.019563
formal,2,up,43,1.2064240000894193,1784191999.222183,1.44937332,1.2,0.107023,0.181589,-0.010475,0.019826
formal,2,up,44,1.3369774762905182,1784192000.995757,1.49227303,1.2,0.061245,0.104054,-0.010678,0.019937
formal,2,up,45,1.4675309524916171,1784192002.7780852,1.46009824,1.2,0.015271,0.02604,-0.01085,0.020021
formal,2,up,46,1.5980844286927152,1784192004.5725179,1.50299795,1.2,-0.030958,-0.052707,-0.010769,0.019838
formal,2,up,47,1.728637904893814,1784192006.369314,1.47752625,1.2,-0.077468,-0.131551,-0.010658,0.019741
formal,2,up,48,1.859191381094913,1784192008.159764,1.45741701,1.2,-0.123649,-0.209701,-0.010745,0.019673
formal,2,up,49,1.989744857296012,1784192009.954176,1.48556995,1.2,-0.168977,-0.286366,-0.0107,0.019526
formal,2,up,50,2.120298333497111,1784192011.7498481,1.43462654,1.2,-0.212968,-0.360633,-0.009979,0.018258
formal,2,up,51,2.250851809698209,1784192013.5342422,1.42390162,1.2,-0.255946,-0.433277,-0.009633,0.017309
formal,2,up,52,2.3814052858993078,1784192015.3207848,1.36759575,1.2,-0.298008,-0.504086,-0.008642,0.015676
formal,2,up,53,2.5119587621004067,1784192017.1119418,1.33676159,1.2,-0.339072,-0.572774,-0.008357,0.015236
formal,2,up,54,2.6425122383015047,1784192018.9014962,1.30458681,1.2,-0.375199,-0.633925,-0.007846,0.013788
formal,2,up,55,2.7730657145026036,1784192020.6923342,1.2536434,1.2,-0.407366,-0.687842,-0.005359,0.009934
formal,2,up,56,2.9036191907037026,1784192022.477015,1.2536434,1.2,-0.436302,-0.736828,-0.002621,0.004521
formal,2,up,57,3.0341726669048015,1784192024.268397,1.20940308,1.184508,-0.462931,-0.780935,0.002187,-0.003841
formal,2,up,58,3.1647261431059004,1784192026.059791,1.14773475,1.13911,-0.485497,-0.818499,0.006197,-0.011297
formal,2,up,59,3.2952796193069984,1784192027.8519812,1.10751627,1.089636,-0.504286,-0.850179,0.01063,-0.020071
formal,2,up,60,3.4258330955080973,1784192029.632052,1.02573871,1.039671,-0.519825,-0.875875,0.014085,-0.026662
formal,2,up,61,3.5563865717091963,1784192031.4190469,1.02037624,0.986594,-0.530741,-0.893573,0.017847,-0.033763
formal,2,up,62,3.6869400479102943,1784192033.203952,0.954686067,0.931644,-0.538234,-0.905981,0.023463,-0.043732
formal,2,up,63,3.817493524111393,1784192034.994837,0.895698969,0.876184,-0.543731,-0.914806,0.027342,-0.051007
formal,2,up,64,3.948047000312492,1784192036.787096,0.804537091,0.819156,-0.547766,-0.920913,0.03109,-0.057681
formal,2,up,65,4.078600476513591,1784192038.580145,0.780406006,0.762322,-0.548585,-0.9223,0.033613,-0.062457
formal,2,up,66,4.20915395271469,1784192040.367768,0.70130967,0.70418,-0.546001,-0.918011,0.034459,-0.06468
formal,2,up,67,4.339707428915789,1784192042.155297,0.63025703,0.646226,-0.540704,-0.908988,0.034582,-0.064085
formal,2,up,68,4.470260905116888,1784192043.9396732,0.560545005,0.589294,-0.535144,-0.898776,0.033271,-0.062108
formal,2,up,69,4.600814381317985,1784192045.734426,0.524348377,0.533287,-0.528697,-0.887449,0.032249,-0.06008
formal,2,up,70,4.731367857519084,1784192047.5207539,0.469383127,0.47853,-0.51748,-0.869067,0.03038,-0.056628
formal,2,up,71,4.861921333720183,1784192049.314593,0.402352334,0.425498,-0.504999,-0.848074,0.028168,-0.052832
formal,2,up,72,4.992474809921282,1784192051.097877,0.38760556,0.373763,-0.488373,-0.819829,0.024247,-0.045778
formal,2,up,73,5.123028286122381,1784192052.902121,0.32593723,0.324766,-0.470354,-0.789427,0.01918,-0.035987
formal,2,up,74,5.2535817623234795,1784192054.681977,0.258906437,0.278291,-0.447143,-0.750479,0.016562,-0.030844
formal,2,up,75,5.384135238524578,1784192056.46576,0.236115968,0.234176,-0.420507,-0.706096,0.013385,-0.025395
formal,2,up,76,5.514688714725676,1784192058.242613,0.201259955,0.193364,-0.391321,-0.657279,0.011692,-0.022127
formal,2,up,77,5.6452421909267745,1784192060.041885,0.16104148,0.155757,-0.35718,-0.599964,0.010094,-0.019015
formal,2,up,78,5.775795667127873,1784192061.8335419,0.0832857601,0.12148,-0.318585,-0.535198,0.009142,-0.017719
formal,2,up,79,5.906349143328972,1784192063.622206,0.116801157,0.091216,-0.276187,-0.464232,0.009417,-0.01804
formal,2,up,80,6.036902619530071,1784192065.407113,0.0430672844,0.064933,-0.232283,-0.390435,0.00966,-0.018532
formal,2,down,0,6.036902619530071,1784192067.1958568,0.0484297478,0.055509,-0.228756,-0.385263,0.009821,-0.018251
formal,2,down,1,5.906349143328972,1784192068.977383,0.0591546747,0.069647,-0.266787,-0.449297,0.009666,-0.017429
formal,2,down,2,5.775795667127873,1784192070.75905,0.114119925,0.09342,-0.305277,-0.513531,0.009479,-0.017157
formal,2,down,3,5.6452421909267745,1784192072.544919,0.144954089,0.121107,-0.341121,-0.573453,0.009766,-0.017135
formal,2,down,4,5.514688714725676,1784192074.333387,0.19991934,0.152177,-0.373856,-0.6285,0.00832,-0.014511
formal,2,down,5,5.384135238524578,1784192076.1248891,0.226731657,0.186386,-0.403593,-0.6778,0.004746,-0.007913
formal,2,down,6,5.2535817623234795,1784192077.924097,0.211984882,0.223681,-0.429698,-0.721642,0.000849,-0.000482
formal,2,down,7,5.123028286122381,1784192079.710645,0.252203358,0.264143,-0.453863,-0.762038,-0.004431,0.00896
formal,2,down,8,4.992474809921282,1784192081.512084,0.323255998,0.307208,-0.474042,-0.795896,-0.008657,0.017233
formal,2,down,9,4.861921333720183,1784192083.2809322,0.370177553,0.352824,-0.490193,-0.82312,-0.012804,0.025025
formal,2,down,10,4.731367857519084,1784192085.0744262,0.457317584,0.401088,-0.504076,-0.845926,-0.017311,0.033085
formal,2,down,11,4.600814381317985,1784192086.859246,0.4586582,0.450863,-0.515157,-0.864885,-0.021143,0.040997
formal,2,down,12,4.470260905116888,1784192088.648778,0.508260987,0.502567,-0.524407,-0.879982,-0.02685,0.050963
formal,2,down,13,4.339707428915789,1784192090.4344141,0.66243181,0.555704,-0.531931,-0.892713,-0.030067,0.05739
formal,2,down,14,4.20915395271469,1784192092.220768,0.663772426,0.609971,-0.538411,-0.904342,-0.032136,0.061077
formal,2,down,15,4.078600476513591,1784192094.005814,0.71739706,0.665638,-0.540756,-0.908575,-0.033142,0.063051
formal,2,down,16,3.948047000312492,1784192095.792594,0.722759524,0.72144,-0.542829,-0.912154,-0.032272,0.061709
formal,2,down,17,3.817493524111393,1784192097.582904,0.81124017,0.776693,-0.543193,-0.912568,-0.031831,0.060626
formal,2,down,18,3.6869400479102943,1784192099.364564,0.90508328,0.832473,-0.541296,-0.909362,-0.030901,0.058707
formal,2,down,19,3.5563865717091963,1784192101.154921,0.937258061,0.887072,-0.537556,-0.903982,-0.029416,0.055782
formal,2,down,20,3.4258330955080973,1784192102.9417999,0.952004835,0.941309,-0.529788,-0.891324,-0.027103,0.051246
formal,2,down,21,3.2952796193069984,1784192104.729961,1.04048548,0.993996,-0.521078,-0.87716,-0.02268,0.043115
formal,2,down,22,3.1647261431059004,1784192106.510825,1.07802273,1.045526,-0.506124,-0.852006,-0.01989,0.038454
formal,2,down,23,3.0341726669048015,1784192108.499321,1.13835044,1.095443,-0.489755,-0.825058,-0.016488,0.032124
formal,2,down,24,2.9036191907037026,1784192110.2806652,1.15443783,1.143116,-0.470863,-0.793101,-0.014921,0.029046
formal,2,down,25,2.7730657145026036,1784192112.070685,1.24023724,1.188969,-0.447682,-0.75517,-0.012849,0.025126
formal,2,down,26,2.6425122383015047,1784192113.8573508,1.28045572,1.2,-0.422055,-0.711763,-0.011436,0.021932
formal,2,down,27,2.5119587621004067,1784192115.639157,1.29788373,1.2,-0.391573,-0.660789,-0.00855,0.017773
formal,2,down,28,2.3814052858993078,1784192117.422744,1.28581818,1.2,-0.356522,-0.602331,-0.007668,0.015718
formal,2,down,29,2.250851809698209,1784192119.2366772,1.35687082,1.2,-0.318731,-0.538397,-0.008545,0.01693
formal,2,down,30,2.120298333497111,1784192121.026131,1.39172684,1.2,-0.278973,-0.471697,-0.009068,0.017825
formal,2,down,31,1.989744857296012,1784192122.8097348,1.43462654,1.2,-0.238031,-0.402783,-0.010083,0.019388
formal,2,down,32,1.859191381094913,1784192124.5979478,1.43864839,1.2,-0.195587,-0.331174,-0.010114,0.019453
formal,2,down,33,1.728637904893814,1784192126.382429,1.44937332,1.2,-0.151517,-0.256835,-0.010101,0.019318
formal,2,down,34,1.5980844286927152,1784192128.1734872,1.44937332,1.2,-0.106023,-0.18006,-0.010254,0.019465
formal,2,down,35,1.4675309524916171,1784192129.965056,1.48825118,1.2,-0.06077,-0.103168,-0.010479,0.019765
formal,2,down,36,1.3369774762905182,1784192131.759603,1.50299795,1.2,-0.015344,-0.026059,-0.010779,0.020114
formal,2,down,37,1.2064240000894193,1784192133.555276,1.47886687,1.2,0.030734,0.052012,-0.010827,0.019959
formal,2,down,38,1.0758705238883213,1784192135.3363998,1.49093241,1.2,0.076672,0.130116,-0.01077,0.019888
formal,2,down,39,0.9453170476872224,1784192137.122964,1.43998901,1.2,0.12236,0.207659,-0.010955,0.019947
formal,2,down,40,0.8147635714861234,1784192138.9089448,1.4480327,1.2,0.166819,0.282985,-0.011044,0.019995
formal,2,down,41,0.6842100952850245,1784192140.692899,1.46948256,1.2,0.210166,0.356172,-0.010509,0.018877
formal,2,down,42,0.5536566190839256,1784192142.4781709,1.39440807,1.2,0.25263,0.42779,-0.010276,0.018195
formal,2,down,43,0.4231031428828276,1784192144.263659,1.38234253,1.2,0.294236,0.497894,-0.009183,0.016476
formal,2,down,44,0.29254966668172866,1784192146.056013,1.35687082,1.2,0.333879,0.564959,-0.009041,0.015959
formal,2,down,45,0.16199619048062974,1784192147.839475,1.32201481,1.2,0.371012,0.627684,-0.00838,0.014784
formal,2,down,46,0.031442714279531714,1784192149.621238,1.28849942,1.2,0.40321,0.68131,-0.006755,0.01149
formal,2,down,47,-0.0991107619215672,1784192151.406865,1.24157786,1.2,0.432051,0.730356,-0.004207,0.006218
formal,2,down,48,-0.22966423812266612,1784192153.1982841,1.20538123,1.186393,0.458391,0.774553,0.000299,-0.001492
formal,2,down,49,-0.36021771432376504,1784192154.988035,1.11555997,1.142014,0.480839,0.812323,0.004361,-0.008812
formal,2,down,50,-0.4907711905248635,1784192156.78641,1.10617566,1.093308,0.50165,0.846948,0.008575,-0.016594
formal,2,down,51,-0.621324666725962,1784192158.573081,1.02573871,1.042447,0.5159,0.870286,0.012476,-0.024096
formal,2,down,52,-0.7518781429270609,1784192160.364489,0.976135921,0.990669,0.528166,0.891066,0.015449,-0.029576
formal,2,down,53,-0.8824316191281598,1784192162.1511629,0.954686067,0.937103,0.536486,0.904951,0.019999,-0.03827
formal,2,down,54,-1.0129850953292583,1784192163.943465,0.874249115,0.881505,0.541369,0.912334,0.024713,-0.047087
formal,2,down,55,-1.1435385715303568,1784192165.7319958,0.852799262,0.824982,0.545736,0.919532,0.028506,-0.054004
formal,2,down,56,-1.2740920477314557,1784192167.517916,0.788449701,0.767924,0.545807,0.919723,0.031371,-0.059105
formal,2,down,57,-1.4046455239325546,1784192169.303612,0.683881664,0.711279,0.544145,0.916784,0.033544,-0.063064
formal,2,down,58,-1.535199000133653,1784192171.095006,0.658409963,0.653441,0.540198,0.90942,0.032048,-0.060651
formal,2,down,59,-1.6657524763347515,1784192172.893537,0.608807176,0.596601,0.53281,0.897481,0.031572,-0.059943
formal,2,down,60,-1.7963059525358505,1784192174.6952739,0.516304682,0.541135,0.526292,0.886231,0.031142,-0.058669
formal,2,down,61,-1.9268594287369494,1784192176.481696,0.500217291,0.486023,0.515643,0.86825,0.029257,-0.055422
formal,2,down,62,-2.057412904938048,1784192178.2652318,0.450614505,0.433349,0.504905,0.850148,0.027094,-0.051342
formal,2,down,63,-2.1879663811391463,1784192180.053088,0.347387084,0.381593,0.490276,0.825402,0.022902,-0.044011
formal,2,down,64,-2.3185198573402452,1784192181.833282,0.303146761,0.332352,0.470435,0.792347,0.018907,-0.036506
formal,2,down,65,-2.449073333541344,1784192183.6157792,0.269631364,0.285433,0.449213,0.756473,0.015403,-0.029687
formal,2,down,66,-2.5796268097424426,1784192185.410385,0.250862742,0.240642,0.423048,0.712817,0.012518,-0.024511
formal,2,down,67,-2.710180285943541,1784192187.197076,0.169085175,0.199396,0.393944,0.663946,0.011278,-0.021721
formal,2,down,68,-2.84073376214464,1784192188.991133,0.170425791,0.161143,0.360268,0.607221,0.009325,-0.018452
formal,2,down,69,-2.971287238345739,1784192190.786816,0.111438693,0.126475,0.32341,0.545275,0.009069,-0.017356
formal,2,down,70,-3.1018407145468374,1784192192.577749,0.112779309,0.095644,0.28158,0.474864,0.008616,-0.017075
formal,2,down,71,-3.232394190747936,1784192194.363442,0.0604952905,0.06881,0.238342,0.402151,0.009026,-0.017573
formal,2,down,72,-3.362947666949035,1784192196.149122,0.0135737355,0.046252,0.194284,0.328106,0.009969,-0.01904
formal,2,down,73,-3.4935011431501337,1784192197.93613,0.0417266685,0.027947,0.148917,0.251726,0.010377,-0.019679
formal,2,down,74,-3.624054619351232,1784192199.722917,0.0457485161,0.014161,0.102936,0.174153,0.010793,-0.020327
formal,2,down,75,-3.7546080955523307,1784192201.5056798,0.0350235893,0.004909,0.056086,0.094933,0.010867,-0.020249
formal,2,down,76,-3.8851615717534296,1784192203.299341,-0.0132381305,0.000212,0.008771,0.014899,0.010926,-0.02025
formal,2,down,77,-4.0157150479545285,1784192205.084385,0.0283207355,0.000284,-0.038489,-0.065096,0.010958,-0.020129
formal,2,down,78,-4.1462685241556265,1784192206.866564,0.0162549673,0.00495,-0.085514,-0.144613,0.010985,-0.019988
formal,2,down,79,-4.276822000356725,1784192208.654132,0.00687092748,0.014238,-0.132045,-0.223149,0.010598,-0.01923
formal,2,down,80,-4.407375476557824,1784192210.439859,0.0444079002,0.027971,-0.17801,-0.30066,0.010362,-0.018829
