window_sequence_index,source_sequence_index,window_index,role,direction,grid_index,target_ordinal,pair_position,bias,t_start_unix,t_end_unix,t_mid_unix,dc_board,I1,Q1,I2,Q2,rawadc_version,rawadc_scope,rawadc_expected,rawadc_used,rawadc_read_fail,rawadc_blocks,rawadc_complete,rawadc_timeout,rawadc_gain,rawadc_fs_uv,rawadc_guard,rawadc_crc,rawadc_ch0_min,rawadc_ch0_max,rawadc_ch0_rail_lo,rawadc_ch0_rail_hi,rawadc_ch0_guard_lo,rawadc_ch0_guard_hi,rawadc_windows
0,0,0,sentinel,up,0,0,0,-4.407375476557824,1784258159.7761931,1784258160.805502,1784258160.2908475,-0.00033,0.01319,0.022431,0.005063,-0.009357,1,acq,20480,20480,0,16,True,False,1,1200000,8381618,False,-376436,237040,0,0,0,0,1
1,0,1,sentinel,up,0,0,0,-4.407375476557824,1784258160.8057752,1784258161.830206,1784258161.3179905,-0.000401,0.012569,0.021311,0.005062,-0.009352,1,acq,20480,20480,0,16,True,False,1,1200000,8381618,False,-350352,229503,0,0,0,0,1
2,0,2,sentinel,up,0,0,0,-4.407375476557824,1784258161.8304188,1784258162.845951,1784258162.3381848,-0.000411,0.011881,0.020191,0.005062,-0.009378,1,acq,20480,20480,0,16,True,False,1,1200000,8381618,False,-344170,224930,0,0,0,0,1
3,0,3,sentinel,up,0,0,0,-4.407375476557824,1784258162.8464482,1784258163.8910809,1784258163.3687644,-0.000439,0.011273,0.019186,0.005071,-0.009387,1,acq,20480,20480,0,16,True,False,1,1200000,8381618,False,-356958,219510,0,0,0,0,1
4,1,0,sentinel,down,0,0,1,-4.407375476557824,1784258172.9381728,1784258173.9654899,1784258173.4518313,-0.000681,0.006227,0.010555,0.005119,-0.009408,1,acq,20480,20480,0,16,True,False,1,1200000,8381618,False,-305044,192749,0,0,0,0,1
5,1,1,sentinel,down,0,0,1,-4.407375476557824,1784258173.965926,1784258175.0072,1784258174.486563,-0.000645,0.005752,0.009766,0.005139,-0.009395,1,acq,20480,20480,0,16,True,False,1,1200000,8381618,False,-274387,193342,0,0,0,0,1
6,1,2,sentinel,down,0,0,1,-4.407375476557824,1784258175.0074098,1784258176.029736,1784258175.5185728,-0.000677,0.005214,0.008847,0.005138,-0.009408,1,acq,20480,20480,0,16,True,False,1,1200000,8381618,False,-280739,182163,0,0,0,0,1
7,1,3,sentinel,down,0,0,1,-4.407375476557824,1784258176.029966,1784258177.057365,1784258176.5436654,-0.000698,0.004719,0.007993,0.005123,-0.009411,1,acq,20480,20480,0,16,True,False,1,1200000,8381618,False,-250421,182586,0,0,0,0,1
8,2,0,sentinel,down,80,1,0,6.036902619530071,1784258299.686632,1784258300.7054248,1784258300.1960282,0.000507,-0.02655,-0.045062,0.005189,-0.009468,1,acq,20480,20480,0,16,True,False,1,1200000,8381618,False,-563595,401165,0,0,0,0,1
9,2,1,sentinel,down,80,1,0,6.036902619530071,1784258300.705618,1784258301.740893,1784258301.2232554,0.000388,-0.02576,-0.043737,0.005199,-0.009477,1,acq,20480,20480,0,16,True,False,1,1200000,8381618,False,-551824,387953,0,0,0,0,1
10,2,2,sentinel,down,80,1,0,6.036902619530071,1784258301.741359,1784258302.765385,1784258302.253372,0.000328,-0.025012,-0.042399,0.005186,-0.009469,1,acq,20480,20480,0,16,True,False,1,1200000,8381618,False,-530228,376182,0,0,0,0,1
11,2,3,sentinel,down,80,1,0,6.036902619530071,1784258302.76559,1784258303.782567,1784258303.2740784,0.000291,-0.024254,-0.041147,0.00518,-0.009451,1,acq,20480,20480,0,16,True,False,1,1200000,8381618,False,-513968,372964,0,0,0,0,1
12,3,0,sentinel,up,80,1,1,6.036902619530071,1784258312.834764,1784258313.865869,1784258313.3503165,-0.000374,-0.017581,-0.029861,0.00518,-0.009428,1,acq,20480,20480,0,16,True,False,1,1200000,8381618,False,-438427,280316,0,0,0,0,1
13,3,1,sentinel,up,80,1,1,6.036902619530071,1784258313.8661382,1784258314.909141,1784258314.3876395,-0.000405,-0.017023,-0.028934,0.00515,-0.009438,1,acq,20480,20480,0,16,True,False,1,1200000,8381618,False,-422082,278537,0,0,0,0,1
14,3,2,sentinel,up,80,1,1,6.036902619530071,1784258314.9095302,1784258315.951047,1784258315.4302886,-0.000466,-0.01643,-0.027913,0.00515,-0.009418,1,acq,20480,20480,0,16,True,False,1,1200000,8381618,False,-452401,268290,0,0,0,0,1
15,3,3,sentinel,up,80,1,1,6.036902619530071,1784258315.951616,1784258316.982322,1784258316.466969,-0.000513,-0.015855,-0.026962,0.005155,-0.009424,1,acq,20480,20480,0,16,True,False,1,1200000,8381618,False,-409803,269052,0,0,0,0,1
16,4,0,formal,up,18,2,0,-2.057412904938048,1784258413.7567449,1784258414.777035,1784258414.26689,0.69336,0.415333,0.70298,-0.001547,0.000917,1,acq,20480,20480,0,16,True,False,1,1200000,8381618,False,-5876466,5838610,0,0,0,0,1
17,4,1,formal,up,18,2,0,-2.057412904938048,1784258414.777277,1784258415.801352,1784258415.2893145,0.692766,0.415458,0.703476,-0.001583,0.000962,1,acq,20480,20480,0,16,True,False,1,1200000,8381618,False,-5931851,5876804,0,0,0,0,1
18,4,2,formal,up,18,2,0,-2.057412904938048,1784258415.801601,1784258416.839096,1784258416.3203485,0.691748,0.415388,0.703307,-0.001551,0.000888,1,acq,20480,20480,0,16,True,False,1,1200000,8381618,False,-5838780,5851483,0,0,0,0,1
19,4,3,formal,up,18,2,0,-2.057412904938048,1784258416.8393269,1784258417.873108,1784258417.3562174,0.690286,0.415239,0.703113,-0.001602,0.000944,1,acq,20480,20480,0,16,True,False,1,1200000,8381618,False,-5855378,5832343,0,0,0,0,1
20,5,0,formal,down,18,2,1,-2.057412904938048,1784258426.878651,1784258427.910645,1784258427.394648,0.681889,0.414907,0.702875,-0.001398,0.000772,1,acq,20480,20480,0,16,True,False,1,1200000,8381618,False,-5873078,5782801,0,0,0,0,1
21,5,1,formal,down,18,2,1,-2.057412904938048,1784258427.91085,1784258428.946688,1784258428.428769,0.680696,0.414378,0.702404,-0.00143,0.000824,1,acq,20480,20480,0,16,True,False,1,1200000,8381618,False,-5887729,5811934,0,0,0,0,1
22,5,2,formal,down,18,2,1,-2.057412904938048,1784258428.946903,1784258429.972332,1784258429.4596176,0.679943,0.414598,0.702414,-0.001418,0.000762,1,acq,20480,20480,0,16,True,False,1,1200000,8381618,False,-5862238,5823790,0,0,0,0,1
23,5,3,formal,down,18,2,1,-2.057412904938048,1784258429.9725912,1784258430.996554,1784258430.4845724,0.679169,0.41447,0.702246,-0.001356,0.000732,1,acq,20480,20480,0,16,True,False,1,1200000,8381618,False,-5828448,5825399,0,0,0,0,1
24,6,0,formal,down,62,3,0,3.6869400479102943,1784258501.963576,1784258503.002225,1784258502.4829006,0.671251,-0.414508,-0.700023,0.002833,-0.003141,1,acq,20480,20480,0,16,True,False,1,1200000,8381618,False,-5763069,5889846,0,0,0,0,1
25,6,1,formal,down,62,3,0,3.6869400479102943,1784258503.00249,1784258504.039532,1784258503.5210109,0.669844,-0.414127,-0.699657,0.002904,-0.003195,1,acq,20480,20480,0,16,True,False,1,1200000,8381618,False,-5783902,5825399,0,0,0,0,1
26,6,2,formal,down,62,3,0,3.6869400479102943,1784258504.0397289,1784258505.07263,1784258504.5561795,0.668435,-0.41373,-0.699036,0.002892,-0.003172,1,acq,20480,20480,0,16,True,False,1,1200000,8381618,False,-5796605,5805074,0,0,0,0,1
27,6,3,formal,down,62,3,0,3.6869400479102943,1784258505.0728261,1784258506.100158,1784258505.586492,0.667285,-0.413592,-0.698746,0.002872,-0.003142,1,acq,20480,20480,0,16,True,False,1,1200000,8381618,False,-5753415,5802618,0,0,0,0,1
28,7,0,formal,up,62,3,1,3.6869400479102943,1784258515.146202,1784258516.164721,1784258515.6554615,0.660059,-0.413128,-0.698451,0.002957,-0.003313,1,acq,20480,20480,0,16,True,False,1,1200000,8381618,False,-5791778,5795250,0,0,0,0,1
29,7,1,formal,up,62,3,1,3.6869400479102943,1784258516.165015,1784258517.200012,1784258516.6825135,0.659275,-0.412956,-0.698118,0.002987,-0.003258,1,acq,20480,20480,0,16,True,False,1,1200000,8381618,False,-5775095,5815321,0,0,0,0,1
30,7,2,formal,up,62,3,1,3.6869400479102943,1784258517.2004118,1784258518.2336068,1784258517.7170093,0.658747,-0.412986,-0.698244,0.003034,-0.003217,1,acq,20480,20480,0,16,True,False,1,1200000,8381618,False,-5750112,5788983,0,0,0,0,1
31,7,3,formal,up,62,3,1,3.6869400479102943,1784258518.233833,1784258519.256809,1784258518.745321,0.65856,-0.413179,-0.698588,0.002999,-0.003304,1,acq,20480,20480,0,16,True,False,1,1200000,8381618,False,-5800670,5802872,0,0,0,0,1
32,8,0,formal,up,78,4,0,5.775795667127873,1784258546.976167,1784258548.008408,1784258547.4922876,0.010655,-0.072461,-0.122656,0.005281,-0.009366,1,acq,20480,20480,0,16,True,False,1,1200000,8381618,False,-1209761,1041741,0,0,0,0,1
33,8,1,formal,up,78,4,0,5.775795667127873,1784258548.008609,1784258549.040782,1784258548.5246954,0.010437,-0.071806,-0.12159,0.005296,-0.009356,1,acq,20480,20480,0,16,True,False,1,1200000,8381618,False,-1175039,1031833,0,0,0,0,1
34,8,2,formal,up,78,4,0,5.775795667127873,1784258549.0410922,1784258550.0750709,1784258549.5580816,0.011768,-0.071567,-0.121109,0.005207,-0.009432,1,acq,20480,20480,0,16,True,False,1,1200000,8381618,False,-1111185,2491930,0,0,0,0,1
35,8,3,formal,up,78,4,0,5.775795667127873,1784258550.075295,1784258551.1084428,1784258550.5918689,0.010097,-0.070669,-0.119675,0.005264,-0.009362,1,acq,20480,20480,0,16,True,False,1,1200000,8381618,False,-1161489,1011508,0,0,0,0,1
36,9,0,formal,down,78,4,1,5.775795667127873,1784258560.483513,1784258561.508533,1784258560.9960232,0.008416,-0.065158,-0.110454,0.00527,-0.009353,1,acq,20480,20480,0,16,True,False,1,1200000,8381618,False,-1079088,936305,0,0,0,0,1
37,9,1,formal,down,78,4,1,5.775795667127873,1784258561.50875,1784258562.531308,1784258562.020029,0.008277,-0.064636,-0.109616,0.005264,-0.009401,1,acq,20480,20480,0,16,True,False,1,1200000,8381618,False,-1104156,933510,0,0,0,0,1
38,9,2,formal,down,78,4,1,5.775795667127873,1784258562.531507,1784258563.550394,1784258563.0409505,0.008101,-0.064148,-0.108807,0.005255,-0.009367,1,acq,20480,20480,0,16,True,False,1,1200000,8381618,False,-1085101,922332,0,0,0,0,1
39,9,3,formal,down,78,4,1,5.775795667127873,1784258563.550617,1784258564.580939,1784258564.065778,0.008009,-0.063768,-0.108162,0.005275,-0.009404,1,acq,20480,20480,0,16,True,False,1,1200000,8381618,False,-1066131,911746,0,0,0,0,1
40,10,0,formal,down,2,5,0,-4.1462685241556265,1784258678.3292742,1784258679.34595,1784258678.8376122,0.021704,0.099781,0.16922,0.004697,-0.009134,1,acq,20480,20480,0,16,True,False,1,1200000,8381618,False,-1542075,1412079,0,0,0,0,1
41,10,1,formal,down,2,5,0,-4.1462685241556265,1784258679.3461912,1784258680.361184,1784258679.8536875,0.021283,0.098928,0.167751,0.004706,-0.009132,1,acq,20480,20480,0,16,True,False,1,1200000,8381618,False,-1536062,1393533,0,0,0,0,1
42,10,2,formal,down,2,5,0,-4.1462685241556265,1784258680.361444,1784258681.384335,1784258680.8728895,0.020843,0.097966,0.166189,0.004725,-0.009124,1,acq,20480,20480,0,16,True,False,1,1200000,8381618,False,-1535723,1384387,0,0,0,0,1
43,10,3,formal,down,2,5,0,-4.1462685241556265,1784258681.38461,1784258682.401512,1784258681.893061,0.020516,0.097197,0.164927,0.004749,-0.009106,1,acq,20480,20480,0,16,True,False,1,1200000,8381618,False,-1514721,1362791,0,0,0,0,1
44,11,0,formal,up,2,5,1,-4.1462685241556265,1784258691.310153,1784258692.330576,1784258691.8203645,0.017496,0.090181,0.15315,0.004753,-0.009165,1,acq,20480,20480,0,16,True,False,1,1200000,8381618,False,-1458065,1264977,0,0,0,0,1
45,11,1,formal,up,2,5,1,-4.1462685241556265,1784258692.330844,1784258693.342603,1784258692.8367233,0.017253,0.089518,0.152077,0.00477,-0.009134,1,acq,20480,20480,0,16,True,False,1,1200000,8381618,False,-1411148,1264384,0,0,0,0,1
46,11,2,formal,up,2,5,1,-4.1462685241556265,1784258693.342849,1784258694.36494,1784258693.8538945,0.016997,0.088926,0.15108,0.004788,-0.009159,1,acq,20480,20480,0,16,True,False,1,1200000,8381618,False,-1400054,1243551,0,0,0,0,1
47,11,3,formal,up,2,5,1,-4.1462685241556265,1784258694.3651662,1784258695.3783512,1784258694.8717587,0.016782,0.088361,0.150171,0.004782,-0.009175,1,acq,20480,20480,0,16,True,False,1,1200000,8381618,False,-1399376,1246261,0,0,0,0,1
48,12,0,formal,up,37,6,0,0.4231031428828276,1784258749.7965891,1784258750.810858,1784258750.3037236,1.2,0.108991,0.185888,-0.00557,0.009755,1,acq,20480,20480,0,16,True,False,1,1200000,8381618,False,-1606945,1733468,0,0,0,0,1
49,12,1,formal,up,37,6,0,0.4231031428828276,1784258750.811083,1784258751.831291,1784258751.321187,1.2,0.108642,0.185325,-0.00557,0.009747,1,acq,20480,20480,0,16,True,False,1,1200000,8381618,False,-1591871,1749220,0,0,0,0,1
50,12,2,formal,up,37,6,0,0.4231031428828276,1784258751.831861,1784258752.849329,1784258752.340595,1.2,0.108269,0.184829,-0.005588,0.009716,1,acq,20480,20480,0,16,True,False,1,1200000,8381618,False,-1565872,1756503,0,0,0,0,1
51,12,3,formal,up,37,6,0,0.4231031428828276,1784258752.8495302,1784258753.8623202,1784258753.355925,1.2,0.107973,0.184173,-0.005549,0.009746,1,acq,20480,20480,0,16,True,False,1,1200000,8381618,False,-1734654,1929689,0,0,0,0,1
52,13,0,formal,down,37,6,1,0.4231031428828276,1784258762.774663,1784258763.7895901,1784258763.2821264,1.2,0.105864,0.180756,-0.005589,0.009743,1,acq,20480,20480,0,16,True,False,1,1200000,8381618,False,-1614059,1644970,0,0,0,0,1
53,13,1,formal,down,37,6,1,0.4231031428828276,1784258763.789886,1784258764.8045871,1784258764.2972364,1.2,0.105652,0.180419,-0.005559,0.009723,1,acq,20480,20480,0,16,True,False,1,1200000,8381618,False,-1531489,1634384,0,0,0,0,1
54,13,2,formal,down,37,6,1,0.4231031428828276,1784258764.8048,1784258765.824669,1784258765.3147345,1.2,0.105509,0.180217,-0.005611,0.009757,1,acq,20480,20480,0,16,True,False,1,1200000,8381618,False,-1512942,1684858,0,0,0,0,1
55,13,3,formal,down,37,6,1,0.4231031428828276,1784258765.824975,1784258766.840377,1784258766.332676,1.2,0.105348,0.179927,-0.005561,0.00973,1,acq,20480,20480,0,16,True,False,1,1200000,8381618,False,-1569175,1705268,0,0,0,0,1
56,14,0,formal,down,43,7,0,1.2064240000894193,1784258782.863734,1784258783.88048,1784258783.372107,1.2,-0.086055,-0.14668,-0.004306,0.008469,1,acq,20480,20480,0,16,True,False,1,1200000,8381618,False,-1296396,1472885,0,0,0,0,1
57,14,1,formal,down,43,7,0,1.2064240000894193,1784258783.8806841,1784258784.90184,1784258784.391262,1.2,-0.086186,-0.146991,-0.004295,0.008473,1,acq,20480,20480,0,16,True,False,1,1200000,8381618,False,-1284709,1480507,0,0,0,0,1
58,14,2,formal,down,43,7,0,1.2064240000894193,1784258784.902056,1784258785.922712,1784258785.412384,1.2,-0.086459,-0.147365,-0.004336,0.0085,1,acq,20480,20480,0,16,True,False,1,1200000,8381618,False,-1245160,1473817,0,0,0,0,1
59,14,3,formal,down,43,7,0,1.2064240000894193,1784258785.9229271,1784258786.9379342,1784258786.4304307,1.2,-0.08679,-0.148007,-0.004307,0.008484,1,acq,20480,20480,0,16,True,False,1,1200000,8381618,False,-1301562,1476865,0,0,0,0,1
60,15,0,formal,up,43,7,1,1.2064240000894193,1784258795.85057,1784258796.865652,1784258796.358111,1.2,-0.088216,-0.150517,-0.004286,0.008475,1,acq,20480,20480,0,16,True,False,1,1200000,8381618,False,-1271922,1449427,0,0,0,0,1
61,15,1,formal,up,43,7,1,1.2064240000894193,1784258796.865886,1784258797.8889759,1784258797.377431,1.2,-0.088334,-0.15084,-0.004272,0.00846,1,acq,20480,20480,0,16,True,False,1,1200000,8381618,False,-1338062,1484403,0,0,0,0,1
62,15,2,formal,up,43,7,1,1.2064240000894193,1784258797.889191,1784258798.9056482,1784258798.3974195,1.2,-0.0886,-0.151096,-0.004245,0.008425,1,acq,20480,20480,0,16,True,False,1,1200000,8381618,False,-1327646,1481693,0,0,0,0,1
63,15,3,formal,up,43,7,1,1.2064240000894193,1784258798.905865,1784258799.914624,1784258799.4102445,1.2,-0.088741,-0.151422,-0.004277,0.008463,1,acq,20480,20480,0,16,True,False,1,1200000,8381618,False,-1327477,1502526,0,0,0,0,1
64,16,0,formal,up,48,8,0,1.859191381094913,1784258811.6687129,1784258812.686304,1784258812.1775084,1.2,-0.235548,-0.400003,-0.002849,0.006883,1,acq,20480,20480,0,16,True,False,1,1200000,8381618,False,-3307809,3494884,0,0,0,0,1
65,16,1,formal,up,48,8,0,1.859191381094913,1784258812.6865249,1784258813.701974,1784258813.1942494,1.2,-0.235849,-0.400464,-0.002888,0.006919,1,acq,20480,20480,0,16,True,False,1,1200000,8381618,False,-3295529,3511821,0,0,0,0,1
66,16,2,formal,up,48,8,0,1.859191381094913,1784258813.702208,1784258814.716573,1784258814.2093906,1.2,-0.235835,-0.400867,-0.002876,0.006875,1,acq,20480,20480,0,16,True,False,1,1200000,8381618,False,-3363957,3586346,0,0,0,0,1
67,16,3,formal,up,48,8,0,1.859191381094913,1784258814.716884,1784258815.730707,1784258815.2237954,1.2,-0.236177,-0.401229,-0.002865,0.00686,1,acq,20480,20480,0,16,True,False,1,1200000,8381618,False,-3342107,3521730,0,0,0,0,1
68,17,0,formal,down,48,8,1,1.859191381094913,1784258824.650054,1784258825.667239,1784258825.1586466,1.2,-0.237991,-0.404773,-0.002869,0.006821,1,acq,20480,20480,0,16,True,False,1,1200000,8381618,False,-3347951,3527658,0,0,0,0,1
69,17,1,formal,down,48,8,1,1.859191381094913,1784258825.667586,1784258826.688999,1784258826.1782925,1.2,-0.238061,-0.404839,-0.002869,0.006855,1,acq,20480,20480,0,16,True,False,1,1200000,8381618,False,-3309503,3539853,0,0,0,0,1
70,17,2,formal,down,48,8,1,1.859191381094913,1784258826.689261,1784258827.705866,1784258827.1975636,1.2,-0.238126,-0.404899,-0.002881,0.006845,1,acq,20480,20480,0,16,True,False,1,1200000,8381618,False,-3421036,3555181,0,0,0,0,1
71,17,3,formal,down,48,8,1,1.859191381094913,1784258827.706053,1784258828.71929,1784258828.2126715,1.2,-0.238296,-0.405269,-0.002871,0.006812,1,acq,20480,20480,0,16,True,False,1,1200000,8381618,False,-3389109,3562380,0,0,0,0,1
72,18,0,formal,down,32,9,0,-0.22966423812266612,1784258856.1661701,1784258857.183445,1784258856.6748075,1.2,0.237772,0.404595,-0.004497,0.007553,1,acq,20480,20480,0,16,True,False,1,1200000,8381618,False,-3373781,3520205,0,0,0,0,1
73,18,1,formal,down,32,9,0,-0.22966423812266612,1784258857.1842299,1784258858.205445,1784258857.6948376,1.2,0.238164,0.405144,-0.004465,0.007563,1,acq,20480,20480,0,16,True,False,1,1200000,8381618,False,-3385213,3517834,0,0,0,0,1
74,18,2,formal,down,32,9,0,-0.22966423812266612,1784258858.205638,1784258859.222987,1784258858.7143126,1.2,0.238503,0.405737,-0.004535,0.007503,1,acq,20480,20480,0,16,True,False,1,1200000,8381618,False,-3406893,3499203,0,0,0,0,1
75,18,3,formal,down,32,9,0,-0.22966423812266612,1784258859.223187,1784258860.2376351,1784258859.730411,1.2,0.238623,0.405982,-0.004497,0.007488,1,acq,20480,20480,0,16,True,False,1,1200000,8381618,False,-3473542,3544595,0,0,0,0,1
76,19,0,formal,up,32,9,1,-0.22966423812266612,1784258869.152577,1784258870.172042,1784258869.6623094,1.2,0.240587,0.409735,-0.004534,0.0075,1,acq,20480,20480,0,16,True,False,1,1200000,8381618,False,-3398001,3506063,0,0,0,0,1
77,19,1,formal,up,32,9,1,-0.22966423812266612,1784258870.172273,1784258871.1835258,1784258870.6778994,1.2,0.240564,0.409561,-0.004523,0.007495,1,acq,20480,20480,0,16,True,False,1,1200000,8381618,False,-3408587,3572712,0,0,0,0,1
78,19,2,formal,up,32,9,1,-0.22966423812266612,1784258871.183758,1784258872.205436,1784258871.694597,1.2,0.240663,0.409836,-0.004558,0.007452,1,acq,20480,20480,0,16,True,False,1,1200000,8381618,False,-3407825,3560517,0,0,0,0,1
79,19,3,formal,up,32,9,1,-0.22966423812266612,1784258872.205642,1784258873.226892,1784258872.716267,1.2,0.240503,0.409567,-0.004488,0.007487,1,acq,20480,20480,0,16,True,False,1,1200000,8381618,False,-3431368,3516479,0,0,0,0,1
80,20,0,formal,up,11,10,0,-2.971287238345739,1784258911.980184,1784258913.0000892,1784258912.4901366,0.281728,0.323928,0.548122,0.00253,-0.006227,1,acq,20480,20480,0,16,True,False,1,1200000,8381618,False,-4621058,4503173,0,0,0,0,1
81,20,1,formal,up,11,10,0,-2.971287238345739,1784258913.000295,1784258914.0165389,1784258913.508417,0.280695,0.323137,0.546772,0.00254,-0.006241,1,acq,20480,20480,0,16,True,False,1,1200000,8381618,False,-4606068,4513928,0,0,0,0,1
82,20,2,formal,up,11,10,0,-2.971287238345739,1784258914.0167282,1784258915.0308638,1784258914.523796,0.28015,0.323014,0.546724,0.002559,-0.006316,1,acq,20480,20480,0,16,True,False,1,1200000,8381618,False,-4624107,4522905,0,0,0,0,1
83,20,3,formal,up,11,10,0,-2.971287238345739,1784258915.0312,1784258916.050684,1784258915.540942,0.279693,0.322886,0.546542,0.002582,-0.006276,1,acq,20480,20480,0,16,True,False,1,1200000,8381618,False,-4603443,4497753,0,0,0,0,1
84,21,0,formal,down,11,10,1,-2.971287238345739,1784258924.955347,1784258925.977074,1784258925.4662104,0.273513,0.319949,0.541907,0.002672,-0.006368,1,acq,20480,20480,0,16,True,False,1,1200000,8381618,False,-4567620,4439319,0,0,0,0,1
85,21,1,formal,down,11,10,1,-2.971287238345739,1784258925.977269,1784258926.997975,1784258926.487622,0.272729,0.319464,0.540933,0.002689,-0.006444,1,acq,20480,20480,0,16,True,False,1,1200000,8381618,False,-4569399,4454732,0,0,0,0,1
86,21,2,formal,down,11,10,1,-2.971287238345739,1784258926.998185,1784258928.019089,1784258927.508637,0.272174,0.31916,0.540538,0.002691,-0.006406,1,acq,20480,20480,0,16,True,False,1,1200000,8381618,False,-4565249,4441182,0,0,0,0,1
87,21,3,formal,down,11,10,1,-2.971287238345739,1784258928.0192928,1784258929.038763,1784258928.529028,0.271733,0.319133,0.540461,0.002703,-0.006385,1,acq,20480,20480,0,16,True,False,1,1200000,8381618,False,-4571177,4438303,0,0,0,0,1
88,22,0,formal,down,69,11,0,4.600814381317985,1784259019.5631502,1784259020.593236,1784259020.0781932,0.307398,-0.334204,-0.564082,0.003467,-0.004862,1,acq,20480,20480,0,16,True,False,1,1200000,8381618,False,-4712182,4666366,0,0,0,0,1
89,22,1,formal,down,69,11,0,4.600814381317985,1784259020.593475,1784259021.625407,1784259021.109441,0.306218,-0.333657,-0.563271,0.003488,-0.004905,1,acq,20480,20480,0,16,True,False,1,1200000,8381618,False,-4708371,4679916,0,0,0,0,1
90,22,2,formal,down,69,11,0,4.600814381317985,1784259021.6256168,1784259022.657745,1784259022.1416807,0.30529,-0.333321,-0.5627,0.003435,-0.004857,1,acq,20480,20480,0,16,True,False,1,1200000,8381618,False,-4677968,4679577,0,0,0,0,1
91,22,3,formal,down,69,11,0,4.600814381317985,1784259022.657994,1784259023.678522,1784259023.1682582,0.304403,-0.332841,-0.562016,0.003523,-0.004905,1,acq,20480,20480,0,16,True,False,1,1200000,8381618,False,-4691687,4639351,0,0,0,0,1
92,23,0,formal,up,69,11,1,4.600814381317985,1784259032.714016,1784259033.757401,1784259033.2357085,0.297099,-0.329639,-0.556956,0.003584,-0.004974,1,acq,20480,20480,0,16,True,False,1,1200000,8381618,False,-4621397,4589470,0,0,0,0,1
93,23,1,formal,up,69,11,1,4.600814381317985,1784259033.75759,1784259034.7859771,1784259034.2717836,0.296387,-0.329356,-0.556512,0.003593,-0.005038,1,acq,20480,20480,0,16,True,False,1,1200000,8381618,False,-4646295,4608694,0,0,0,0,1
94,23,2,formal,up,69,11,1,4.600814381317985,1784259034.786201,1784259035.809424,1784259035.2978125,0.295836,-0.329196,-0.556308,0.00365,-0.005058,1,acq,20480,20480,0,16,True,False,1,1200000,8381618,False,-4630289,4589724,0,0,0,0,1
95,23,3,formal,up,69,11,1,4.600814381317985,1784259035.809633,1784259036.835555,1784259036.3225942,0.295301,-0.329037,-0.556004,0.003582,-0.004984,1,acq,20480,20480,0,16,True,False,1,1200000,8381618,False,-4640790,4593873,0,0,0,0,1
96,24,0,formal,up,56,12,0,2.9036191907037026,1784259063.133208,1784259064.1600819,1784259063.646645,1.006608,-0.396311,-0.670198,-0.00014,0.00204,1,acq,20480,20480,0,16,True,False,1,1200000,8381618,False,-5520185,5624605,0,0,0,0,1
97,24,1,formal,up,56,12,0,2.9036191907037026,1784259064.160301,1784259065.1912231,1784259064.6757622,1.007607,-0.396561,-0.670787,-0.000144,0.002043,1,acq,20480,20480,0,16,True,False,1,1200000,8381618,False,-5547201,5624690,0,0,0,0,1
98,24,2,formal,up,56,12,0,2.9036191907037026,1784259065.1914618,1784259066.221457,1784259065.7064595,1.007531,-0.396453,-0.670652,-0.00011,0.00195,1,acq,20480,20480,0,16,True,False,1,1200000,8381618,False,-5578620,5612749,0,0,0,0,1
99,24,3,formal,up,56,12,0,2.9036191907037026,1784259066.221728,1784259067.2467468,1784259066.7342374,1.007314,-0.396396,-0.670601,-0.000171,0.002043,1,acq,20480,20480,0,16,True,False,1,1200000,8381618,False,-5503841,5597251,0,0,0,0,1
100,25,0,formal,down,56,12,1,2.9036191907037026,1784259076.2636511,1784259077.2981398,1784259076.7808955,1.005568,-0.396136,-0.670679,-9.9e-05,0.002025,1,acq,20480,20480,0,16,True,False,1,1200000,8381618,False,-5510531,5645692,0,0,0,0,1
101,25,1,formal,down,56,12,1,2.9036191907037026,1784259077.298465,1784259078.334827,1784259077.816646,1.005301,-0.396171,-0.670663,-7.5e-05,0.002009,1,acq,20480,20480,0,16,True,False,1,1200000,8381618,False,-5506551,5642643,0,0,0,0,1
102,25,2,formal,down,56,12,1,2.9036191907037026,1784259078.335066,1784259079.368674,1784259078.85187,1.00525,-0.396199,-0.670665,-0.000193,0.001959,1,acq,20480,20480,0,16,True,False,1,1200000,8381618,False,-5512563,5611817,0,0,0,0,1
103,25,3,formal,down,56,12,1,2.9036191907037026,1784259079.3689501,1784259080.3921611,1784259079.8805556,1.005452,-0.396269,-0.671013,-0.000124,0.002019,1,acq,20480,20480,0,16,True,False,1,1200000,8381618,False,-5515697,5660597,0,0,0,0,1
104,26,0,formal,down,24,13,0,-1.2740920477314557,1784259131.18766,1784259132.206597,1784259131.6971285,1.037782,0.390219,0.661679,-0.004062,0.005542,1,acq,20480,20480,0,16,True,False,1,1200000,8381618,False,-5488597,5677535,0,0,0,0,1
105,26,1,formal,down,24,13,0,-1.2740920477314557,1784259132.206858,1784259133.228825,1784259132.7178416,1.036893,0.390488,0.662099,-0.004118,0.005511,1,acq,20480,20480,0,16,True,False,1,1200000,8381618,False,-5495711,5626299,0,0,0,0,1
106,26,2,formal,down,24,13,0,-1.2740920477314557,1784259133.2290719,1784259134.262441,1784259133.7457564,1.035446,0.39054,0.662306,-0.004079,0.005534,1,acq,20480,20480,0,16,True,False,1,1200000,8381618,False,-5485548,5579382,0,0,0,0,1
107,26,3,formal,down,24,13,0,-1.2740920477314557,1784259134.26266,1784259135.303712,1784259134.783186,1.034298,0.390641,0.662493,-0.004133,0.005504,1,acq,20480,20480,0,16,True,False,1,1200000,8381618,False,-5463529,5609785,0,0,0,0,1
108,27,0,formal,up,24,13,1,-1.2740920477314557,1784259144.3253279,1784259145.362326,1784259144.8438268,1.027217,0.392295,0.665883,-0.004131,0.005476,1,acq,20480,20480,0,16,True,False,1,1200000,8381618,False,-5531703,5630957,0,0,0,0,1
109,27,1,formal,up,24,13,1,-1.2740920477314557,1784259145.3625422,1784259146.391774,1784259145.8771582,1.027158,0.392666,0.666481,-0.004109,0.005432,1,acq,20480,20480,0,16,True,False,1,1200000,8381618,False,-5527384,5597251,0,0,0,0,1
110,27,2,formal,up,24,13,1,-1.2740920477314557,1784259146.39203,1784259147.434881,1784259146.9134555,1.026261,0.392582,0.666528,-0.004089,0.005426,1,acq,20480,20480,0,16,True,False,1,1200000,8381618,False,-5556177,5621133,0,0,0,0,1
111,27,3,formal,up,24,13,1,-1.2740920477314557,1784259147.435175,1784259148.466721,1784259147.950948,1.025748,0.392778,0.666798,-0.004129,0.005401,1,acq,20480,20480,0,16,True,False,1,1200000,8381618,False,-5545083,5633497,0,0,0,0,1
112,28,0,formal,up,25,14,0,-1.1435385715303568,1784259156.070802,1784259157.104084,1784259156.5874429,1.076263,0.382426,0.649467,-0.004356,0.006024,1,acq,20480,20480,0,16,True,False,1,1200000,8381618,False,-5349117,5458533,0,0,0,0,1
113,28,1,formal,up,25,14,0,-1.1435385715303568,1784259157.104327,1784259158.1346781,1784259157.6195025,1.075383,0.382351,0.649283,-0.004341,0.00603,1,acq,20480,20480,0,16,True,False,1,1200000,8381618,False,-5368171,5456500,0,0,0,0,1
114,28,2,formal,up,25,14,0,-1.1435385715303568,1784259158.134877,1784259159.1649091,1784259158.649893,1.074714,0.382295,0.649333,-0.004282,0.005987,1,acq,20480,20480,0,16,True,False,1,1200000,8381618,False,-5369950,5482923,0,0,0,0,1
115,28,3,formal,up,25,14,0,-1.1435385715303568,1784259159.1651258,1784259160.1874518,1784259159.6762888,1.074119,0.382418,0.64962,-0.004304,0.005905,1,acq,20480,20480,0,16,True,False,1,1200000,8381618,False,-5395356,5481060,0,0,0,0,1
116,29,0,formal,down,25,14,1,-1.1435385715303568,1784259169.2127519,1784259170.243685,1784259169.7282186,1.069785,0.38316,0.651201,-0.004206,0.005892,1,acq,20480,20480,0,16,True,False,1,1200000,8381618,False,-5393069,5514342,0,0,0,0,1
117,29,1,formal,down,25,14,1,-1.1435385715303568,1784259170.243902,1784259171.2805948,1784259170.7622485,1.069694,0.383372,0.651526,-0.004227,0.005863,1,acq,20480,20480,0,16,True,False,1,1200000,8381618,False,-5398151,5483177,0,0,0,0,1
118,29,2,formal,down,25,14,1,-1.1435385715303568,1784259171.280803,1784259172.305703,1784259171.793253,1.069412,0.383355,0.651629,-0.004208,0.005908,1,acq,20480,20480,0,16,True,False,1,1200000,8381618,False,-5383330,5448286,0,0,0,0,1
119,29,3,formal,down,25,14,1,-1.1435385715303568,1784259172.3059258,1784259173.346682,1784259172.826304,1.06938,0.383635,0.652002,-0.004155,0.005895,1,acq,20480,20480,0,16,True,False,1,1200000,8381618,False,-5397388,5495287,0,0,0,0,1
120,30,0,formal,down,55,15,0,2.7730657145026036,1784259224.103169,1784259225.144866,1784259224.6240175,1.092474,-0.378027,-0.640489,0.000481,0.001503,1,acq,20480,20480,0,16,True,False,1,1200000,8381618,False,-5276201,5413225,0,0,0,0,1
121,30,1,formal,down,55,15,0,2.7730657145026036,1784259225.1450691,1784259226.1719859,1784259225.6585274,1.090648,-0.377857,-0.640136,0.000464,0.001457,1,acq,20480,20480,0,16,True,False,1,1200000,8381618,False,-5288057,5395102,0,0,0,0,1
122,30,2,formal,down,55,15,0,2.7730657145026036,1784259226.172278,1784259227.202195,1784259226.6872363,1.090957,-0.378332,-0.641183,0.00046,0.001478,1,acq,20480,20480,0,16,True,False,1,1200000,8381618,False,-5326674,5409414,0,0,0,0,1
123,30,3,formal,down,55,15,0,2.7730657145026036,1784259227.2024598,1784259228.244731,1784259227.7235954,1.090205,-0.37844,-0.641337,0.000519,0.001429,1,acq,20480,20480,0,16,True,False,1,1200000,8381618,False,-5282129,5450911,0,0,0,0,1
124,31,0,formal,up,55,15,1,2.7730657145026036,1784259237.273443,1784259238.30081,1784259237.7871265,1.086279,-0.379802,-0.64412,0.000629,0.00136,1,acq,20480,20480,0,16,True,False,1,1200000,8381618,False,-5328537,5467002,0,0,0,0,1
125,31,1,formal,up,55,15,1,2.7730657145026036,1784259238.301035,1784259239.329945,1784259238.81549,1.085102,-0.379701,-0.643956,0.000586,0.001378,1,acq,20480,20480,0,16,True,False,1,1200000,8381618,False,-5298643,5440918,0,0,0,0,1
126,31,2,formal,up,55,15,1,2.7730657145026036,1784259239.3302479,1784259240.3628988,1784259239.8465734,1.084672,-0.379889,-0.644159,0.000628,0.001421,1,acq,20480,20480,0,16,True,False,1,1200000,8381618,False,-5350302,5456331,0,0,0,0,1
127,31,3,formal,up,55,15,1,2.7730657145026036,1784259240.36312,1784259241.384306,1784259240.873713,1.083841,-0.379873,-0.64419,0.000656,0.001324,1,acq,20480,20480,0,16,True,False,1,1200000,8381618,False,-5408482,5441426,0,0,0,0,1
128,32,0,formal,up,64,16,0,3.948047000312492,1784259259.075566,1784259260.110059,1784259259.5928125,0.557867,-0.402682,-0.680046,0.000968,0.000255,1,acq,20480,20480,0,16,True,False,1,1200000,8381618,False,-5584971,5713866,0,0,0,0,1
129,32,1,formal,up,64,16,0,3.948047000312492,1784259260.1102889,1784259261.1427782,1784259260.6265335,0.556795,-0.402567,-0.679562,0.000892,0.000228,1,acq,20480,20480,0,16,True,False,1,1200000,8381618,False,-5598013,5701417,0,0,0,0,1
130,32,2,formal,up,64,16,0,3.948047000312492,1784259261.143018,1784259262.174929,1784259261.6589735,0.555982,-0.402319,-0.679461,0.000952,0.000218,1,acq,20480,20480,0,16,True,False,1,1200000,8381618,False,-5607667,5707175,0,0,0,0,1
131,32,3,formal,up,64,16,0,3.948047000312492,1784259262.1751711,1784259263.209492,1784259262.6923316,0.55533,-0.402267,-0.679416,0.000939,0.000226,1,acq,20480,20480,0,16,True,False,1,1200000,8381618,False,-5615882,5721996,0,0,0,0,1
132,33,0,formal,down,64,16,1,3.948047000312492,1784259272.256875,1784259273.285552,1784259272.7712135,0.548458,-0.400725,-0.6773,0.000985,0.00015,1,acq,20480,20480,0,16,True,False,1,1200000,8381618,False,-5596235,5674147,0,0,0,0,1
133,33,1,formal,down,64,16,1,3.948047000312492,1784259273.2857668,1784259274.3083909,1784259273.7970788,0.548416,-0.40093,-0.677765,0.000998,0.000114,1,acq,20480,20480,0,16,True,False,1,1200000,8381618,False,-5590391,5682108,0,0,0,0,1
134,33,2,formal,down,64,16,1,3.948047000312492,1784259274.308609,1784259275.325289,1784259274.816949,0.547426,-0.400505,-0.677083,0.000988,0.000105,1,acq,20480,20480,0,16,True,False,1,1200000,8381618,False,-5591323,5669489,0,0,0,0,1
135,33,3,formal,down,64,16,1,3.948047000312492,1784259275.325564,1784259276.3685372,1784259275.8470507,0.546719,-0.400323,-0.676883,0.000974,0.000137,1,acq,20480,20480,0,16,True,False,1,1200000,8381618,False,-5577349,5663053,0,0,0,0,1
136,34,0,formal,down,16,17,0,-2.3185198573402452,1784259349.998424,1784259351.0284019,1784259350.513413,0.564245,0.40286,0.681792,0.001804,-0.004925,1,acq,20480,20480,0,16,True,False,1,1200000,8381618,False,-5688544,5607244,0,0,0,0,1
137,34,1,formal,down,16,17,0,-2.3185198573402452,1784259351.0286322,1784259352.052777,1784259351.5407047,0.563405,0.402936,0.68191,0.001779,-0.004934,1,acq,20480,20480,0,16,True,False,1,1200000,8381618,False,-5692016,5633413,0,0,0,0,1
138,34,2,formal,down,16,17,0,-2.3185198573402452,1784259352.0530381,1784259353.088659,1784259352.5708485,0.562285,0.40283,0.68174,0.001849,-0.00493,1,acq,20480,20480,0,16,True,False,1,1200000,8381618,False,-5703449,5619778,0,0,0,0,1
139,34,3,formal,down,16,17,0,-2.3185198573402452,1784259353.0889258,1784259354.110399,1784259353.5996623,0.561316,0.402694,0.68162,0.001826,-0.00496,1,acq,20480,20480,0,16,True,False,1,1200000,8381618,False,-5683886,5625621,0,0,0,0,1
140,35,0,formal,up,16,17,1,-2.3185198573402452,1784259363.120188,1784259364.161539,1784259363.6408634,0.551903,0.400986,0.679174,0.001851,-0.00506,1,acq,20480,20480,0,16,True,False,1,1200000,8381618,False,-5683971,5573962,0,0,0,0,1
141,35,1,formal,up,16,17,1,-2.3185198573402452,1784259364.161739,1784259365.1860118,1784259364.6738753,0.550851,0.400561,0.678582,0.001923,-0.004992,1,acq,20480,20480,0,16,True,False,1,1200000,8381618,False,-5664916,5580652,0,0,0,0,1
142,35,2,formal,up,16,17,1,-2.3185198573402452,1784259365.186222,1784259366.213569,1784259365.6998954,0.550049,0.400516,0.678403,0.001905,-0.005075,1,acq,20480,20480,0,16,True,False,1,1200000,8381618,False,-5655855,5617915,0,0,0,0,1
143,35,3,formal,up,16,17,1,-2.3185198573402452,1784259366.213773,1784259367.238258,1784259366.7260156,0.549003,0.400211,0.678088,0.001827,-0.005045,1,acq,20480,20480,0,16,True,False,1,1200000,8381618,False,-5666695,5586834,0,0,0,0,1
144,36,0,formal,up,35,18,0,0.16199619048062974,1784259399.3211572,1784259400.363046,1784259399.8421016,1.2,0.170061,0.289807,-0.004915,0.008172,1,acq,20480,20480,0,16,True,False,1,1200000,8381618,False,-2450687,2598467,0,0,0,0,1
145,36,1,formal,up,35,18,0,0.16199619048062974,1784259400.363289,1784259401.396748,1784259400.8800187,1.2,0.169821,0.289432,-0.004863,0.00818,1,acq,20480,20480,0,16,True,False,1,1200000,8381618,False,-2462035,2669435,0,0,0,0,1
146,36,2,formal,up,35,18,0,0.16199619048062974,1784259401.397043,1784259402.420575,1784259401.908809,1.2,0.169698,0.289261,-0.004902,0.008168,1,acq,20480,20480,0,16,True,False,1,1200000,8381618,False,-2447045,2581444,0,0,0,0,1
147,36,3,formal,up,35,18,0,0.16199619048062974,1784259402.4207869,1784259403.4450161,1784259402.9329014,1.2,0.169547,0.288987,-0.00489,0.008178,1,acq,20480,20480,0,16,True,False,1,1200000,8381618,False,-2412154,2520808,0,0,0,0,1
148,37,0,formal,down,35,18,1,0.16199619048062974,1784259412.486124,1784259413.502767,1784259412.9944456,1.2,0.168606,0.287764,-0.004871,0.008189,1,acq,20480,20480,0,16,True,False,1,1200000,8381618,False,-2430531,2516066,0,0,0,0,1
149,37,1,formal,down,35,18,1,0.16199619048062974,1784259413.502995,1784259414.5369222,1784259414.0199585,1.2,0.16847,0.28754,-0.004885,0.008194,1,acq,20480,20480,0,16,True,False,1,1200000,8381618,False,-2462543,2566031,0,0,0,0,1
150,37,2,formal,down,35,18,1,0.16199619048062974,1784259414.537129,1784259415.563317,1784259415.0502229,1.2,0.168531,0.287594,-0.004865,0.008253,1,acq,20480,20480,0,16,True,False,1,1200000,8381618,False,-2430277,2540456,0,0,0,0,1
151,37,3,formal,down,35,18,1,0.16199619048062974,1784259415.563613,1784259416.6057742,1784259416.0846934,1.2,0.168389,0.287293,-0.004878,0.00821,1,acq,20480,20480,0,16,True,False,1,1200000,8381618,False,-2439169,2656562,0,0,0,0,1
152,38,0,formal,down,45,19,0,1.4675309524916171,1784259439.941132,1784259440.975709,1784259440.4584205,1.2,-0.143817,-0.244943,-0.004698,0.009409,1,acq,20480,20480,0,16,True,False,1,1200000,8381618,False,-2082804,2258954,0,0,0,0,1
153,38,1,formal,down,45,19,0,1.4675309524916171,1784259440.9759529,1784259442.0103612,1784259441.493157,1.2,-0.143939,-0.245316,-0.004703,0.009335,1,acq,20480,20480,0,16,True,False,1,1200000,8381618,False,-2089071,2323910,0,0,0,0,1
154,38,2,formal,down,45,19,0,1.4675309524916171,1784259442.010729,1784259443.044705,1784259442.527717,1.2,-0.144283,-0.245969,-0.004727,0.009342,1,acq,20480,20480,0,16,True,False,1,1200000,8381618,False,-2080348,2250655,0,0,0,0,1
155,38,3,formal,down,45,19,0,1.4675309524916171,1784259443.044964,1784259444.0716522,1784259443.5583081,1.2,-0.144468,-0.246188,-0.004735,0.009349,1,acq,20480,20480,0,16,True,False,1,1200000,8381618,False,-2104908,2281058,0,0,0,0,1
156,39,0,formal,up,45,19,1,1.4675309524916171,1784259453.092097,1784259454.1216068,1784259453.606852,1.2,-0.146212,-0.249203,-0.004681,0.009349,1,acq,20480,20480,0,16,True,False,1,1200000,8381618,False,-2084583,2291220,0,0,0,0,1
157,39,1,formal,up,45,19,1,1.4675309524916171,1784259454.121869,1784259455.154755,1784259454.638312,1.2,-0.146207,-0.249299,-0.004689,0.009361,1,acq,20480,20480,0,16,True,False,1,1200000,8381618,False,-2065782,2255821,0,0,0,0,1
158,39,2,formal,up,45,19,1,1.4675309524916171,1784259455.1550322,1784259456.1812868,1784259455.6681595,1.2,-0.146448,-0.249636,-0.004674,0.009334,1,acq,20480,20480,0,16,True,False,1,1200000,8381618,False,-2118288,2322555,0,0,0,0,1
159,39,3,formal,up,45,19,1,1.4675309524916171,1784259456.181557,1784259457.210161,1784259456.695859,1.2,-0.146556,-0.249956,-0.004687,0.009339,1,acq,20480,20480,0,16,True,False,1,1200000,8381618,False,-2101944,2253196,0,0,0,0,1
160,40,0,formal,up,58,20,0,3.1647261431059004,1784259480.636035,1784259481.672767,1784259481.1544008,0.924306,-0.40884,-0.691366,-0.00191,0.005446,1,acq,20480,20480,0,16,True,False,1,1200000,8381618,False,-5733937,5854278,0,0,0,0,1
161,40,1,formal,up,58,20,0,3.1647261431059004,1784259481.673541,1784259482.708389,1784259482.1909652,0.923644,-0.408972,-0.691715,-0.001892,0.005463,1,acq,20480,20480,0,16,True,False,1,1200000,8381618,False,-5693879,5864186,0,0,0,0,1
162,40,2,formal,up,58,20,0,3.1647261431059004,1784259482.708689,1784259483.73164,1784259483.2201645,0.923433,-0.409313,-0.69239,-0.001919,0.00548,1,acq,20480,20480,0,16,True,False,1,1200000,8381618,False,-5666187,5828363,0,0,0,0,1
163,40,3,formal,up,58,20,0,3.1647261431059004,1784259483.7319932,1784259484.7608461,1784259484.2464197,0.921999,-0.409123,-0.692057,-0.001892,0.005454,1,acq,20480,20480,0,16,True,False,1,1200000,8381618,False,-5695573,5837933,0,0,0,0,1
164,41,0,formal,down,58,20,1,3.1647261431059004,1784259493.759982,1784259494.790803,1784259494.2753925,0.915015,-0.409494,-0.693089,-0.001929,0.005384,1,acq,20480,20480,0,16,True,False,1,1200000,8381618,False,-5719116,5875280,0,0,0,0,1
165,41,1,formal,down,58,20,1,3.1647261431059004,1784259494.7910771,1784259495.80915,1784259495.3001137,0.914757,-0.409763,-0.693456,-0.001937,0.005463,1,acq,20480,20480,0,16,True,False,1,1200000,8381618,False,-5711579,5860968,0,0,0,0,1
166,41,2,formal,down,58,20,1,3.1647261431059004,1784259495.8093681,1784259496.83473,1784259496.3220491,0.914827,-0.409911,-0.694029,-0.001932,0.00545,1,acq,20480,20480,0,16,True,False,1,1200000,8381618,False,-5709716,5924060,0,0,0,0,1
167,41,3,formal,down,58,20,1,3.1647261431059004,1784259496.8349068,1784259497.84918,1784259497.3420434,0.913559,-0.409582,-0.693536,-0.001847,0.005409,1,acq,20480,20480,0,16,True,False,1,1200000,8381618,False,-5677619,5847672,0,0,0,0,1
168,42,0,formal,down,22,21,0,-1.535199000133653,1784259555.903193,1784259556.935483,1784259556.419338,0.909411,0.409726,0.693773,-0.000493,-0.001001,1,acq,20480,20480,0,16,True,False,1,1200000,8381618,False,-5786527,5769336,0,0,0,0,1
169,42,1,formal,down,22,21,0,-1.535199000133653,1784259556.9357069,1784259557.9662988,1784259557.4510028,0.908751,0.409787,0.694052,-0.000426,-0.00103,1,acq,20480,20480,0,16,True,False,1,1200000,8381618,False,-5766202,5752822,0,0,0,0,1
170,42,2,formal,down,22,21,0,-1.535199000133653,1784259557.9666188,1784259558.982852,1784259558.4747353,0.907722,0.409708,0.694297,-0.000372,-0.001072,1,acq,20480,20480,0,16,True,False,1,1200000,8381618,False,-5755362,5755532,0,0,0,0,1
171,42,3,formal,down,22,21,0,-1.535199000133653,1784259558.983125,1784259560.010806,1784259559.4969654,0.907223,0.409937,0.69463,-0.000494,-0.001022,1,acq,20480,20480,0,16,True,False,1,1200000,8381618,False,-5815067,5766203,0,0,0,0,1
172,43,0,formal,up,22,21,1,-1.535199000133653,1784259569.06158,1784259570.094492,1784259569.5780358,0.898704,0.410393,0.695772,-0.000387,-0.001144,1,acq,20480,20480,0,16,True,False,1,1200000,8381618,False,-5823536,5771114,0,0,0,0,1
173,43,1,formal,up,22,21,1,-1.535199000133653,1784259570.0947268,1784259571.1267562,1784259570.6107416,0.898101,0.410463,0.695983,-0.000456,-0.001159,1,acq,20480,20480,0,16,True,False,1,1200000,8381618,False,-5818201,5769675,0,0,0,0,1
174,43,2,formal,up,22,21,1,-1.535199000133653,1784259571.126997,1784259572.165869,1784259571.6464329,0.897175,0.410493,0.69593,-0.000361,-0.001207,1,acq,20480,20480,0,16,True,False,1,1200000,8381618,False,-5828871,5763323,0,0,0,0,1
175,43,3,formal,up,22,21,1,-1.535199000133653,1784259572.166244,1784259573.19919,1784259572.6827168,0.896605,0.41051,0.69605,-0.000335,-0.001171,1,acq,20480,20480,0,16,True,False,1,1200000,8381618,False,-5823536,5759343,0,0,0,0,1
176,44,0,formal,up,39,22,0,0.6842100952850245,1784259602.379414,1784259603.4075992,1784259602.8935065,1.2,0.046404,0.079252,-0.004956,0.008938,1,acq,20480,20480,0,16,True,False,1,1200000,8381618,False,-706463,855344,0,0,0,0,1
177,44,1,formal,up,39,22,0,0.6842100952850245,1784259603.407836,1784259604.443542,1784259603.925689,1.2,0.046199,0.0789,-0.004964,0.008958,1,acq,20480,20480,0,16,True,False,1,1200000,8381618,False,-714508,894300,0,0,0,0,1
178,44,2,formal,up,39,22,0,0.6842100952850245,1784259604.443765,1784259605.477831,1784259604.9607978,1.2,0.046021,0.078686,-0.004929,0.00897,1,acq,20480,20480,0,16,True,False,1,1200000,8381618,False,-729837,863813,0,0,0,0,1
179,44,3,formal,up,39,22,0,0.6842100952850245,1784259605.478059,1784259606.491065,1784259605.984562,1.2,0.045971,0.078522,-0.004976,0.008947,1,acq,20480,20480,0,16,True,False,1,1200000,8381618,False,-696724,900059,0,0,0,0,1
180,45,0,formal,down,39,22,1,0.6842100952850245,1784259615.5269918,1784259616.553201,1784259616.0400963,1.2,0.044518,0.076233,-0.004988,0.008942,1,acq,20480,20480,0,16,True,False,1,1200000,8381618,False,-712222,914794,0,0,0,0,1
181,45,1,formal,down,39,22,1,0.6842100952850245,1784259616.553489,1784259617.577763,1784259617.0656261,1.2,0.044478,0.07605,-0.004951,0.008976,1,acq,20480,20480,0,16,True,False,1,1200000,8381618,False,-764559,880073,0,0,0,0,1
182,45,2,formal,down,39,22,1,0.6842100952850245,1784259617.5779772,1784259618.5985432,1784259618.0882602,1.2,0.044362,0.075886,-0.00496,0.008967,1,acq,20480,20480,0,16,True,False,1,1200000,8381618,False,-718573,841116,0,0,0,0,1
183,45,3,formal,down,39,22,1,0.6842100952850245,1784259618.598772,1784259619.632558,1784259619.115665,1.2,0.044306,0.075694,-0.004973,0.008955,1,acq,20480,20480,0,16,True,False,1,1200000,8381618,False,-739322,870164,0,0,0,0,1
184,46,0,formal,down,41,23,0,0.9453170476872224,1784259631.5428321,1784259632.572313,1784259632.0575726,1.2,-0.0203,-0.034551,-0.005132,0.009544,1,acq,20480,20480,0,16,True,False,1,1200000,8381618,False,-338581,540814,0,0,0,0,1
185,46,1,formal,down,41,23,0,0.9453170476872224,1784259632.572526,1784259633.603167,1784259633.0878465,1.2,-0.020383,-0.034791,-0.00512,0.009473,1,acq,20480,20480,0,16,True,False,1,1200000,8381618,False,-341799,580448,0,0,0,0,1
186,46,2,formal,down,41,23,0,0.9453170476872224,1784259633.60339,1784259634.646299,1784259634.1248446,1.2,-0.020436,-0.034832,-0.005123,0.0095,1,acq,20480,20480,0,16,True,False,1,1200000,8381618,False,-318510,634987,0,0,0,0,1
187,46,3,formal,down,41,23,0,0.9453170476872224,1784259634.6466591,1784259635.6745,1784259635.1605797,1.2,-0.020508,-0.035027,-0.005117,0.009532,1,acq,20480,20480,0,16,True,False,1,1200000,8381618,False,-337226,561902,0,0,0,0,1
188,47,0,formal,up,41,23,1,0.9453170476872224,1784259644.695133,1784259645.725444,1784259645.2102885,1.2,-0.020911,-0.035616,-0.005112,0.00951,1,acq,20480,20480,0,16,True,False,1,1200000,8381618,False,-377283,556228,0,0,0,0,1
189,47,1,formal,up,41,23,1,0.9453170476872224,1784259645.7256598,1784259646.749036,1784259646.237348,1.2,-0.020994,-0.035812,-0.005133,0.009458,1,acq,20480,20480,0,16,True,False,1,1200000,8381618,False,-352131,565374,0,0,0,0,1
190,47,2,formal,up,41,23,1,0.9453170476872224,1784259646.7493382,1784259647.766329,1784259647.2578335,1.2,-0.021023,-0.035853,-0.005117,0.009513,1,acq,20480,20480,0,16,True,False,1,1200000,8381618,False,-388207,562494,0,0,0,0,1
191,47,3,formal,up,41,23,1,0.9453170476872224,1784259647.7665422,1784259648.798958,1784259648.2827501,1.2,-0.021126,-0.036101,-0.005106,0.009507,1,acq,20480,20480,0,16,True,False,1,1200000,8381618,False,-361277,575452,0,0,0,0,1
192,48,0,formal,up,79,24,0,5.906349143328972,1784259708.1118999,1784259709.14721,1784259708.6295547,0.005992,-0.055753,-0.094392,0.005442,-0.009742,1,acq,20480,20480,0,16,True,False,1,1200000,8381618,False,-947145,806648,0,0,0,0,1
193,48,1,formal,up,79,24,0,5.906349143328972,1784259709.1474829,1784259710.1714492,1784259709.659466,0.005794,-0.05496,-0.093048,0.005439,-0.009717,1,acq,20480,20480,0,16,True,False,1,1200000,8381618,False,-977463,790812,0,0,0,0,1
194,48,2,formal,up,79,24,0,5.906349143328972,1784259710.171678,1784259711.202921,1784259710.6872995,0.005607,-0.054257,-0.091874,0.005435,-0.009727,1,acq,20480,20480,0,16,True,False,1,1200000,8381618,False,-956969,773197,0,0,0,0,1
195,48,3,formal,up,79,24,0,5.906349143328972,1784259711.203122,1784259712.2390988,1784259711.7211103,0.005457,-0.053617,-0.090806,0.005423,-0.009714,1,acq,20480,20480,0,16,True,False,1,1200000,8381618,False,-926735,770656,0,0,0,0,1
196,49,0,formal,down,79,24,1,5.906349143328972,1784259721.258837,1784259722.2787561,1784259721.7687964,0.003991,-0.047321,-0.080251,0.0054,-0.009694,1,acq,20480,20480,0,16,True,False,1,1200000,8381618,False,-861695,678178,0,0,0,0,1
197,49,1,formal,down,79,24,1,5.906349143328972,1784259722.2789571,1784259723.310637,1784259722.794797,0.003882,-0.046752,-0.0793,0.005407,-0.009697,1,acq,20480,20480,0,16,True,False,1,1200000,8381618,False,-863304,689526,0,0,0,0,1
198,49,2,formal,down,79,24,1,5.906349143328972,1784259723.310931,1784259724.345675,1784259723.8283029,0.003796,-0.046223,-0.078409,0.005401,-0.009704,1,acq,20480,20480,0,16,True,False,1,1200000,8381618,False,-827143,663442,0,0,0,0,1
199,49,3,formal,down,79,24,1,5.906349143328972,1784259724.345917,1784259725.373638,1784259724.8597775,0.003694,-0.04577,-0.077583,0.005414,-0.009692,1,acq,20480,20480,0,16,True,False,1,1200000,8381618,False,-827227,660139,0,0,0,0,1
200,50,0,formal,down,1,25,0,-4.276822000356725,1784259842.157593,1784259843.175627,1784259842.66661,0.005947,0.054824,0.093075,0.004785,-0.00906,1,acq,20480,20480,0,16,True,False,1,1200000,8381618,False,-948585,785392,0,0,0,0,1
201,50,1,formal,down,1,25,0,-4.276822000356725,1784259843.175848,1784259844.209562,1784259843.6927052,0.005756,0.053948,0.091542,0.004788,-0.009052,1,acq,20480,20480,0,16,True,False,1,1200000,8381618,False,-942064,772943,0,0,0,0,1
202,50,2,formal,down,1,25,0,-4.276822000356725,1784259844.2098932,1784259845.233922,1784259844.7219076,0.005506,0.053039,0.090089,0.004794,-0.009094,1,acq,20480,20480,0,16,True,False,1,1200000,8381618,False,-911576,754904,0,0,0,0,1
203,50,3,formal,down,1,25,0,-4.276822000356725,1784259845.23413,1784259846.2791061,1784259845.756618,0.005318,0.052229,0.088643,0.004811,-0.009059,1,acq,20480,20480,0,16,True,False,1,1200000,8381618,False,-894554,748722,0,0,0,0,1
204,51,0,formal,up,1,25,1,-4.276822000356725,1784259855.327754,1784259856.350662,1784259855.8392081,0.003839,0.045358,0.077049,0.004837,-0.009116,1,acq,20480,20480,0,16,True,False,1,1200000,8381618,False,-802160,656328,0,0,0,0,1
205,51,1,formal,up,1,25,1,-4.276822000356725,1784259856.35092,1784259857.377263,1784259856.8640914,0.003652,0.044756,0.076051,0.004865,-0.009123,1,acq,20480,20480,0,16,True,False,1,1200000,8381618,False,-829514,644811,0,0,0,0,1
206,51,2,formal,up,1,25,1,-4.276822000356725,1784259857.377512,1784259858.39468,1784259857.886096,0.003578,0.044091,0.074986,0.00486,-0.009139,1,acq,20480,20480,0,16,True,False,1,1200000,8381618,False,-808766,640322,0,0,0,0,1
207,51,3,formal,up,1,25,1,-4.276822000356725,1784259858.3948941,1784259859.437579,1784259858.9162364,0.003433,0.043526,0.074003,0.00488,-0.009136,1,acq,20480,20480,0,16,True,False,1,1200000,8381618,False,-794623,622623,0,0,0,0,1
208,52,0,sentinel,up,20,26,0,-1.7963059525358505,1784259891.4505339,1784259892.480318,1784259891.965426,0.740578,0.41654,0.704429,-0.000534,-0.000881,1,acq,20480,20480,0,16,True,False,1,1200000,8381618,False,-5893657,5797452,0,0,0,0,1
209,52,1,sentinel,up,20,26,0,-1.7963059525358505,1784259892.480533,1784259893.510622,1784259892.9955773,0.740949,0.416333,0.704443,-0.000461,-0.000846,1,acq,20480,20480,0,16,True,False,1,1200000,8381618,False,-5837425,5816253,0,0,0,0,1
210,52,2,sentinel,up,20,26,0,-1.7963059525358505,1784259893.5108511,1784259894.53398,1784259894.0224156,0.74083,0.416392,0.704401,-0.000392,-0.000869,1,acq,20480,20480,0,16,True,False,1,1200000,8381618,False,-5865626,5789153,0,0,0,0,1
211,52,3,sentinel,up,20,26,0,-1.7963059525358505,1784259894.534245,1784259895.563523,1784259895.048884,0.740971,0.416307,0.704523,-0.00044,-0.000806,1,acq,20480,20480,0,16,True,False,1,1200000,8381618,False,-5851059,5838864,0,0,0,0,1
212,53,0,sentinel,down,20,26,1,-1.7963059525358505,1784259904.587552,1784259905.61672,1784259905.1021361,0.741037,0.41605,0.704558,-0.00035,-0.000931,1,acq,20480,20480,0,16,True,False,1,1200000,8381618,False,-5849535,5817862,0,0,0,0,1
213,53,1,sentinel,down,20,26,1,-1.7963059525358505,1784259905.616928,1784259906.653733,1784259906.1353307,0.740995,0.416043,0.70463,-0.000367,-0.000825,1,acq,20480,20480,0,16,True,False,1,1200000,8381618,False,-5856056,5811087,0,0,0,0,1
214,53,2,sentinel,down,20,26,1,-1.7963059525358505,1784259906.653943,1784259907.6920729,1784259907.173008,0.739899,0.415695,0.703844,-0.000384,-0.000882,1,acq,20480,20480,0,16,True,False,1,1200000,8381618,False,-5880531,5842929,0,0,0,0,1
215,53,3,sentinel,down,20,26,1,-1.7963059525358505,1784259907.692325,1784259908.733933,1784259908.213129,0.740433,0.415983,0.70452,-0.000374,-0.000857,1,acq,20480,20480,0,16,True,False,1,1200000,8381618,False,-5831666,5786189,0,0,0,0,1
216,54,0,sentinel,down,60,27,0,3.4258330955080973,1784259973.798395,1784259974.822728,1784259974.3105614,0.830181,-0.415877,-0.703144,0.001603,-0.000356,1,acq,20480,20480,0,16,True,False,1,1200000,8381618,False,-5845978,5928464,0,0,0,0,1
217,54,1,sentinel,down,60,27,0,3.4258330955080973,1784259974.822943,1784259975.854069,1784259975.338506,0.829365,-0.416002,-0.703399,0.001651,-0.000423,1,acq,20480,20480,0,16,True,False,1,1200000,8381618,False,-5831581,5877990,0,0,0,0,1
218,54,2,sentinel,down,60,27,0,3.4258330955080973,1784259975.8544362,1784259976.8890061,1784259976.3717213,0.828215,-0.41593,-0.703333,0.001619,-0.000401,1,acq,20480,20480,0,16,True,False,1,1200000,8381618,False,-5819302,5897129,0,0,0,0,1
219,54,3,sentinel,down,60,27,0,3.4258330955080973,1784259976.889235,1784259977.919793,1784259977.4045138,0.827478,-0.416016,-0.70349,0.001649,-0.000443,1,acq,20480,20480,0,16,True,False,1,1200000,8381618,False,-5837679,5935408,0,0,0,0,1
220,55,0,sentinel,up,60,27,1,3.4258330955080973,1784259986.9485838,1784259987.962891,1784259987.4557376,0.819296,-0.416105,-0.704184,0.00173,-0.0005,1,acq,20480,20480,0,16,True,False,1,1200000,8381618,False,-5881123,5908647,0,0,0,0,1
221,55,1,sentinel,up,60,27,1,3.4258330955080973,1784259987.963132,1784259988.991273,1784259988.4772024,0.81872,-0.416292,-0.704526,0.001766,-0.000518,1,acq,20480,20480,0,16,True,False,1,1200000,8381618,False,-5876804,5900009,0,0,0,0,1
222,55,2,sentinel,up,60,27,1,3.4258330955080973,1784259988.991463,1784259990.0110998,1784259989.5012813,0.818179,-0.416338,-0.704599,0.001786,-0.0005,1,acq,20480,20480,0,16,True,False,1,1200000,8381618,False,-5870368,5952854,0,0,0,0,1
223,55,3,sentinel,up,60,27,1,3.4258330955080973,1784259990.01129,1784259991.045303,1784259990.5282965,0.817483,-0.416356,-0.704717,0.001805,-0.000562,1,acq,20480,20480,0,16,True,False,1,1200000,8381618,False,-5852668,5901279,0,0,0,0,1
224,56,0,formal,up,73,28,0,5.123028286122381,1784260014.496727,1784260015.5217988,1784260015.009263,0.140156,-0.241653,-0.40793,0.005501,-0.008778,1,acq,20480,20480,0,16,True,False,1,1200000,8381618,False,-3519274,3387923,0,0,0,0,1
225,56,1,formal,up,73,28,0,5.123028286122381,1784260015.522023,1784260016.546232,1784260016.0341275,0.139426,-0.241048,-0.407121,0.005504,-0.008798,1,acq,20480,20480,0,16,True,False,1,1200000,8381618,False,-3503437,3376745,0,0,0,0,1
226,56,2,formal,up,73,28,0,5.123028286122381,1784260016.546436,1784260017.585283,1784260017.0658596,0.138754,-0.240522,-0.406116,0.005483,-0.008761,1,acq,20480,20480,0,16,True,False,1,1200000,8381618,False,-3447713,3371748,0,0,0,0,1
227,56,3,formal,up,73,28,0,5.123028286122381,1784260017.5854871,1784260018.6246889,1784260018.105088,0.138139,-0.239991,-0.405399,0.005453,-0.008769,1,acq,20480,20480,0,16,True,False,1,1200000,8381618,False,-3508180,3371071,0,0,0,0,1
228,57,0,formal,down,73,28,1,5.123028286122381,1784260027.671537,1784260028.704424,1784260028.1879804,0.132418,-0.235505,-0.398097,0.005459,-0.00882,1,acq,20480,20480,0,16,True,False,1,1200000,8381618,False,-3449576,3284943,0,0,0,0,1
229,57,1,formal,down,73,28,1,5.123028286122381,1784260028.70465,1784260029.731594,1784260029.218122,0.132027,-0.235218,-0.397617,0.005467,-0.008845,1,acq,20480,20480,0,16,True,False,1,1200000,8381618,False,-3419935,3274273,0,0,0,0,1
230,57,2,formal,down,73,28,1,5.123028286122381,1784260029.731816,1784260030.7709131,1784260030.2513647,0.131612,-0.234836,-0.396905,0.005466,-0.008853,1,acq,20480,20480,0,16,True,False,1,1200000,8381618,False,-3416971,3282911,0,0,0,0,1
231,57,3,formal,down,73,28,1,5.123028286122381,1784260030.771126,1784260031.8081,1784260031.289613,0.131111,-0.23442,-0.396286,0.005475,-0.008843,1,acq,20480,20480,0,16,True,False,1,1200000,8381618,False,-3421290,3273934,0,0,0,0,1
232,58,0,formal,down,7,29,0,-3.4935011431501337,1784260131.393489,1784260132.4236531,1784260131.908571,0.12731,0.230635,0.390515,0.002828,-0.006385,1,acq,20480,20480,0,16,True,False,1,1200000,8381618,False,-3324154,3200679,0,0,0,0,1
233,58,1,formal,down,7,29,0,-3.4935011431501337,1784260132.423859,1784260133.445236,1784260132.9345474,0.126615,0.230133,0.389757,0.002819,-0.006402,1,acq,20480,20480,0,16,True,False,1,1200000,8381618,False,-3303405,3194751,0,0,0,0,1
234,58,2,formal,down,7,29,0,-3.4935011431501337,1784260133.445465,1784260134.4735758,1784260133.9595203,0.12585,0.229482,0.388712,0.002848,-0.006409,1,acq,20480,20480,0,16,True,False,1,1200000,8381618,False,-3308487,3196022,0,0,0,0,1
235,58,3,formal,down,7,29,0,-3.4935011431501337,1784260134.473783,1784260135.4934468,1784260134.983615,0.125061,0.228852,0.387627,0.002827,-0.006429,1,acq,20480,20480,0,16,True,False,1,1200000,8381618,False,-3295021,3183996,0,0,0,0,1
236,59,0,formal,up,7,29,1,-3.4935011431501337,1784260144.525147,1784260145.551405,1784260145.038276,0.118871,0.223535,0.37894,0.002875,-0.006501,1,acq,20480,20480,0,16,True,False,1,1200000,8381618,False,-3241329,3093126,0,0,0,0,1
237,59,1,formal,up,7,29,1,-3.4935011431501337,1784260145.551619,1784260146.5785651,1784260146.065092,0.118352,0.223156,0.378304,0.002944,-0.006517,1,acq,20480,20480,0,16,True,False,1,1200000,8381618,False,-3221936,3096853,0,0,0,0,1
238,59,2,formal,up,7,29,1,-3.4935011431501337,1784260146.578775,1784260147.6115808,1784260147.095178,0.117759,0.222563,0.37733,0.00294,-0.006565,1,acq,20480,20480,0,16,True,False,1,1200000,8381618,False,-3219395,3107608,0,0,0,0,1
239,59,3,formal,up,7,29,1,-3.4935011431501337,1784260147.611799,1784260148.635112,1784260148.1234555,0.11712,0.221952,0.376325,0.002947,-0.00655,1,acq,20480,20480,0,16,True,False,1,1200000,8381618,False,-3198054,3073818,0,0,0,0,1
240,60,0,formal,up,34,30,0,0.031442714279531714,1784260193.678893,1784260194.712405,1784260194.1956491,1.2,0.21105,0.359094,-0.004055,0.006601,1,acq,20480,20480,0,16,True,False,1,1200000,8381618,False,-3043584,3101510,0,0,0,0,1
241,60,1,formal,up,34,30,0,0.031442714279531714,1784260194.712607,1784260195.736427,1784260195.2245169,1.2,0.210744,0.358542,-0.004091,0.006565,1,acq,20480,20480,0,16,True,False,1,1200000,8381618,False,-3008015,3126832,0,0,0,0,1
242,60,2,formal,up,34,30,0,0.031442714279531714,1784260195.73668,1784260196.767051,1784260196.2518654,1.2,0.21059,0.358433,-0.004053,0.006566,1,acq,20480,20480,0,16,True,False,1,1200000,8381618,False,-3028679,3118363,0,0,0,0,1
243,60,3,formal,up,34,30,0,0.031442714279531714,1784260196.767241,1784260197.78212,1784260197.2746806,1.2,0.210514,0.358318,-0.0041,0.006635,1,acq,20480,20480,0,16,True,False,1,1200000,8381618,False,-3046040,3186791,0,0,0,0,1
244,61,0,formal,down,34,30,1,0.031442714279531714,1784260206.790744,1784260207.807363,1784260207.2990537,1.2,0.208785,0.35569,-0.00407,0.00665,1,acq,20480,20480,0,16,True,False,1,1200000,8381618,False,-3117262,3089400,0,0,0,0,1
245,61,1,formal,down,34,30,1,0.031442714279531714,1784260207.8075619,1784260208.82789,1784260208.317726,1.2,0.208732,0.355535,-0.004004,0.006595,1,acq,20480,20480,0,16,True,False,1,1200000,8381618,False,-2969991,3096090,0,0,0,0,1
246,61,2,formal,down,34,30,1,0.031442714279531714,1784260208.8282502,1784260209.856949,1784260209.3425996,1.2,0.208575,0.355268,-0.004065,0.006586,1,acq,20480,20480,0,16,True,False,1,1200000,8381618,False,-3040281,3139704,0,0,0,0,1
247,61,3,formal,down,34,30,1,0.031442714279531714,1784260209.857215,1784260210.881098,1784260210.3691564,1.2,0.208365,0.354984,-0.004033,0.006577,1,acq,20480,20480,0,16,True,False,1,1200000,8381618,False,-2987352,3144023,0,0,0,0,1
248,62,0,formal,down,46,31,0,1.5980844286927152,1784260235.770478,1784260236.805272,1784260236.2878752,1.2,-0.162682,-0.276895,-0.005009,0.009966,1,acq,20480,20480,0,16,True,False,1,1200000,8381618,False,-2352788,2542573,0,0,0,0,1
249,62,1,formal,down,46,31,0,1.5980844286927152,1784260236.8056178,1784260237.822658,1784260237.314138,1.2,-0.163054,-0.277531,-0.00499,0.009964,1,acq,20480,20480,0,16,True,False,1,1200000,8381618,False,-2348469,2572383,0,0,0,0,1
250,62,2,formal,down,46,31,0,1.5980844286927152,1784260237.822904,1784260238.852203,1784260238.3375535,1.2,-0.163397,-0.278194,-0.005009,0.009959,1,acq,20480,20480,0,16,True,False,1,1200000,8381618,False,-2307480,2492607,0,0,0,0,1
251,62,3,formal,down,46,31,0,1.5980844286927152,1784260238.8523939,1784260239.881773,1784260239.3670835,1.2,-0.163685,-0.278701,-0.004949,0.009948,1,acq,20480,20480,0,16,True,False,1,1200000,8381618,False,-2304262,2566201,0,0,0,0,1
252,63,0,formal,up,46,31,1,1.5980844286927152,1784260248.91268,1784260249.95071,1784260249.431695,1.2,-0.165714,-0.282371,-0.004958,0.009914,1,acq,20480,20480,0,16,True,False,1,1200000,8381618,False,-2409613,2613202,0,0,0,0,1
253,63,1,formal,up,46,31,1,1.5980844286927152,1784260249.950933,1784260250.98421,1784260250.4675715,1.2,-0.165958,-0.282822,-0.004974,0.00995,1,acq,20480,20480,0,16,True,False,1,1200000,8381618,False,-2335766,2562983,0,0,0,0,1
254,63,2,formal,up,46,31,1,1.5980844286927152,1784260250.9844139,1784260252.02625,1784260251.505332,1.2,-0.166022,-0.282892,-0.004937,0.009981,1,acq,20480,20480,0,16,True,False,1,1200000,8381618,False,-2396826,2608290,0,0,0,0,1
255,63,3,formal,up,46,31,1,1.5980844286927152,1784260252.026452,1784260253.055079,1784260252.5407655,1.2,-0.166132,-0.283116,-0.004958,0.009945,1,acq,20480,20480,0,16,True,False,1,1200000,8381618,False,-2423248,2666809,0,0,0,0,1
256,64,0,formal,up,77,32,0,5.6452421909267745,1784260302.231445,1784260303.266782,1784260302.7491136,0.036329,-0.128225,-0.216811,0.004862,-0.008288,1,acq,20480,20480,0,16,True,False,1,1200000,8381618,False,-1934347,1812651,0,0,0,0,1
257,64,1,formal,up,77,32,0,5.6452421909267745,1784260303.267245,1784260304.286131,1784260303.776688,0.035901,-0.127543,-0.215706,0.004836,-0.008322,1,acq,20480,20480,0,16,True,False,1,1200000,8381618,False,-1920458,1804860,0,0,0,0,1
258,64,2,formal,up,77,32,0,5.6452421909267745,1784260304.286344,1784260305.3094442,1784260304.797894,0.035464,-0.126705,-0.214289,0.004875,-0.008317,1,acq,20480,20480,0,16,True,False,1,1200000,8381618,False,-1905892,1793343,0,0,0,0,1
259,64,3,formal,up,77,32,0,5.6452421909267745,1784260305.3096662,1784260306.345532,1784260305.827599,0.035126,-0.126069,-0.213259,0.004845,-0.008322,1,acq,20480,20480,0,16,True,False,1,1200000,8381618,False,-1890648,1794782,0,0,0,0,1
260,65,0,formal,down,77,32,1,5.6452421909267745,1784260315.36392,1784260316.3737228,1784260315.8688214,0.031943,-0.120573,-0.204248,0.004902,-0.008409,1,acq,20480,20480,0,16,True,False,1,1200000,8381618,False,-1847288,1705268,0,0,0,0,1
261,65,1,formal,down,77,32,1,5.6452421909267745,1784260316.373939,1784260317.396302,1784260316.8851204,0.031659,-0.120041,-0.203322,0.004877,-0.008429,1,acq,20480,20480,0,16,True,False,1,1200000,8381618,False,-1822136,1698831,0,0,0,0,1
262,65,2,formal,down,77,32,1,5.6452421909267745,1784260317.3964841,1784260318.4245481,1784260317.9105163,0.029498,-0.119239,-0.201797,0.004968,-0.008358,1,acq,20480,20480,0,16,True,False,1,1200000,8381618,False,-3644696,1669614,0,0,0,0,1
263,65,3,formal,down,77,32,1,5.6452421909267745,1784260318.424814,1784260319.4675899,1784260318.9462018,0.031097,-0.119,-0.201589,0.004896,-0.008424,1,acq,20480,20480,0,16,True,False,1,1200000,8381618,False,-1827387,1691633,0,0,0,0,1
264,66,0,formal,down,3,33,0,-4.0157150479545285,1784260429.348781,1784260430.363161,1784260429.855971,0.025017,0.107158,0.181805,0.005289,-0.010082,1,acq,20480,20480,0,16,True,False,1,1200000,8381618,False,-1656487,1504982,0,0,0,0,1
265,66,1,formal,down,3,33,0,-4.0157150479545285,1784260430.3633778,1784260431.3820438,1784260430.8727107,0.024564,0.106278,0.180376,0.005279,-0.010082,1,acq,20480,20480,0,16,True,False,1,1200000,8381618,False,-1657927,1494480,0,0,0,0,1
266,66,2,formal,down,3,33,0,-4.0157150479545285,1784260431.3822532,1784260432.3973892,1784260431.889821,0.024126,0.105316,0.17878,0.005296,-0.010068,1,acq,20480,20480,0,16,True,False,1,1200000,8381618,False,-1650305,1481777,0,0,0,0,1
267,66,3,formal,down,3,33,0,-4.0157150479545285,1784260432.3976362,1784260433.4153228,1784260432.9064794,0.023747,0.104578,0.177564,0.005272,-0.010062,1,acq,20480,20480,0,16,True,False,1,1200000,8381618,False,-1643276,1471869,0,0,0,0,1
268,67,0,formal,up,3,33,1,-4.0157150479545285,1784260442.312577,1784260443.326441,1784260442.819509,0.020397,0.097314,0.165397,0.005303,-0.01003,1,acq,20480,20480,0,16,True,False,1,1200000,8381618,False,-1543853,1373293,0,0,0,0,1
269,67,1,formal,up,3,33,1,-4.0157150479545285,1784260443.326699,1784260444.3501902,1784260443.8384447,0.020091,0.096631,0.164226,0.005281,-0.010032,1,acq,20480,20480,0,16,True,False,1,1200000,8381618,False,-1553931,1347971,0,0,0,0,1
270,67,2,formal,up,3,33,1,-4.0157150479545285,1784260444.3504078,1784260445.36707,1784260444.858739,0.019792,0.095971,0.163038,0.005271,-0.010038,1,acq,20480,20480,0,16,True,False,1,1200000,8381618,False,-1505913,1338825,0,0,0,0,1
271,67,3,formal,up,3,33,1,-4.0157150479545285,1784260445.367293,1784260446.383641,1784260445.8754668,0.019551,0.095434,0.162212,0.005287,-0.010029,1,acq,20480,20480,0,16,True,False,1,1200000,8381618,False,-1549697,1345346,0,0,0,0,1
272,68,0,formal,up,17,34,0,-2.1879663811391463,1784260472.34889,1784260473.3634949,1784260472.8561926,0.545579,0.400146,0.677228,0.000394,-0.00302,1,acq,20480,20480,0,16,True,False,1,1200000,8381618,False,-5695234,5593355,0,0,0,0,1
273,68,1,formal,up,17,34,0,-2.1879663811391463,1784260473.363706,1784260474.380175,1784260473.8719406,0.545352,0.399919,0.677107,0.000417,-0.003012,1,acq,20480,20480,0,16,True,False,1,1200000,8381618,False,-5660512,5605127,0,0,0,0,1
274,68,2,formal,up,17,34,0,-2.1879663811391463,1784260474.380395,1784260475.398645,1784260474.88952,0.54519,0.399954,0.677096,0.000504,-0.003013,1,acq,20480,20480,0,16,True,False,1,1200000,8381618,False,-5683209,5577349,0,0,0,0,1
275,68,3,formal,up,17,34,0,-2.1879663811391463,1784260475.398859,1784260476.416615,1784260475.907737,0.545429,0.40013,0.677577,0.000456,-0.003041,1,acq,20480,20480,0,16,True,False,1,1200000,8381618,False,-5706752,5580737,0,0,0,0,1
276,69,0,formal,down,17,34,1,-2.1879663811391463,1784260485.325261,1784260486.340229,1784260485.832745,0.543709,0.399861,0.677575,0.00066,-0.003035,1,acq,20480,20480,0,16,True,False,1,1200000,8381618,False,-5656617,5606567,0,0,0,0,1
277,69,1,formal,down,17,34,1,-2.1879663811391463,1784260486.340449,1784260487.356661,1784260486.848555,0.542914,0.399338,0.676891,0.000588,-0.003029,1,acq,20480,20480,0,16,True,False,1,1200000,8381618,False,-5646285,5565239,0,0,0,0,1
278,69,2,formal,down,17,34,1,-2.1879663811391463,1784260487.356929,1784260488.38241,1784260487.8696694,0.542778,0.399484,0.677207,0.000599,-0.003068,1,acq,20480,20480,0,16,True,False,1,1200000,8381618,False,-5654415,5637478,0,0,0,0,1
279,69,3,formal,down,17,34,1,-2.1879663811391463,1784260488.3826182,1784260489.4014652,1784260488.8920417,0.542347,0.399377,0.67697,0.000622,-0.003104,1,acq,20480,20480,0,16,True,False,1,1200000,8381618,False,-5648402,5592424,0,0,0,0,1
280,70,0,formal,down,63,35,0,3.817493524111393,1784260562.282112,1784260563.298452,1784260562.7902818,0.684475,-0.416005,-0.703604,0.00049,0.000587,1,acq,20480,20480,0,16,True,False,1,1200000,8381618,False,-5829803,5864355,0,0,0,0,1
281,70,1,formal,down,63,35,0,3.817493524111393,1784260563.299008,1784260564.315488,1784260563.807248,0.683574,-0.416027,-0.703859,0.000519,0.00054,1,acq,20480,20480,0,16,True,False,1,1200000,8381618,False,-5792540,5865710,0,0,0,0,1
282,70,2,formal,down,63,35,0,3.817493524111393,1784260564.315728,1784260565.33499,1784260564.8253589,0.682792,-0.416008,-0.704084,0.000512,0.000565,1,acq,20480,20480,0,16,True,False,1,1200000,8381618,False,-5791270,5901533,0,0,0,0,1
283,70,3,formal,down,63,35,0,3.817493524111393,1784260565.335194,1784260566.3488262,1784260565.84201,0.681993,-0.416082,-0.704133,0.000546,0.000514,1,acq,20480,20480,0,16,True,False,1,1200000,8381618,False,-5770691,5846402,0,0,0,0,1
284,71,0,formal,up,63,35,1,3.817493524111393,1784260575.2371469,1784260576.249721,1784260575.743434,0.673484,-0.415219,-0.703397,0.000749,0.000442,1,acq,20480,20480,0,16,True,False,1,1200000,8381618,False,-5798130,5833444,0,0,0,0,1
285,71,1,formal,up,63,35,1,3.817493524111393,1784260576.2499368,1784260577.273504,1784260576.7617204,0.672713,-0.415179,-0.703248,0.000692,0.000401,1,acq,20480,20480,0,16,True,False,1,1200000,8381618,False,-5777466,5844962,0,0,0,0,1
286,71,2,formal,up,63,35,1,3.817493524111393,1784260577.2737322,1784260578.2875478,1784260577.7806401,0.672039,-0.415082,-0.703233,0.000755,0.000393,1,acq,20480,20480,0,16,True,False,1,1200000,8381618,False,-5763916,5835900,0,0,0,0,1
287,71,3,formal,up,63,35,1,3.817493524111393,1784260578.287773,1784260579.307128,1784260578.7974505,0.671023,-0.41493,-0.702908,0.000713,0.000365,1,acq,20480,20480,0,16,True,False,1,1200000,8381618,False,-5783817,5833021,0,0,0,0,1
288,72,0,formal,up,52,36,0,2.3814052858993078,1784260602.462377,1784260603.4792268,1784260602.9708018,1.2,-0.321572,-0.546096,-0.003746,0.008257,1,acq,20480,20480,0,16,True,False,1,1200000,8381618,False,-4522482,4727680,0,0,0,0,1
289,72,1,formal,up,52,36,0,2.3814052858993078,1784260603.4794161,1784260604.5013509,1784260603.9903836,1.2,-0.321496,-0.546322,-0.003717,0.008251,1,acq,20480,20480,0,16,True,False,1,1200000,8381618,False,-4578291,4697362,0,0,0,0,1
290,72,2,formal,up,52,36,0,2.3814052858993078,1784260604.501558,1784260605.520405,1784260605.0109816,1.2,-0.32145,-0.546119,-0.003748,0.008326,1,acq,20480,20480,0,16,True,False,1,1200000,8381618,False,-4476412,4687368,0,0,0,0,1
291,72,3,formal,up,52,36,0,2.3814052858993078,1784260605.52061,1784260606.5403972,1784260606.0305037,1.2,-0.32122,-0.545871,-0.003686,0.008295,1,acq,20480,20480,0,16,True,False,1,1200000,8381618,False,-4538064,4689909,0,0,0,0,1
292,73,0,formal,down,52,36,1,2.3814052858993078,1784260615.445766,1784260616.46431,1784260615.955038,1.2,-0.321373,-0.546575,-0.003756,0.00827,1,acq,20480,20480,0,16,True,False,1,1200000,8381618,False,-4561269,4707016,0,0,0,0,1
293,73,1,formal,down,52,36,1,2.3814052858993078,1784260616.4645262,1784260617.4787169,1784260616.9716215,1.2,-0.321352,-0.546594,-0.003729,0.008295,1,acq,20480,20480,0,16,True,False,1,1200000,8381618,False,-4508593,4725732,0,0,0,0,1
294,73,2,formal,down,52,36,1,2.3814052858993078,1784260617.478912,1784260618.4962308,1784260617.9875715,1.2,-0.321337,-0.546506,-0.003749,0.008304,1,acq,20480,20480,0,16,True,False,1,1200000,8381618,False,-4515537,4653917,0,0,0,0,1
295,73,3,formal,down,52,36,1,2.3814052858993078,1784260618.496423,1784260619.51711,1784260619.0067666,1.2,-0.321513,-0.54696,-0.003737,0.008297,1,acq,20480,20480,0,16,True,False,1,1200000,8381618,False,-4498346,4651800,0,0,0,0,1
296,74,0,formal,down,28,37,0,-0.7518781429270609,1784260658.623979,1784260659.649238,1784260659.1366086,1.2,0.347339,0.590892,-0.002652,0.003619,1,acq,20480,20480,0,16,True,False,1,1200000,8381618,False,-4959046,4955066,0,0,0,0,1
297,74,1,formal,down,28,37,0,-0.7518781429270609,1784260659.649499,1784260660.673886,1784260660.1616926,1.2,0.347443,0.591238,-0.002681,0.003603,1,acq,20480,20480,0,16,True,False,1,1200000,8381618,False,-4909334,4981149,0,0,0,0,1
298,74,2,formal,down,28,37,0,-0.7518781429270609,1784260660.6741319,1784260661.692477,1784260661.1833043,1.2,0.347734,0.591679,-0.0026,0.003674,1,acq,20480,20480,0,16,True,False,1,1200000,8381618,False,-4944903,4993175,0,0,0,0,1
299,74,3,formal,down,28,37,0,-0.7518781429270609,1784260661.692681,1784260662.725952,1784260662.2093165,1.2,0.348085,0.592413,-0.002635,0.003583,1,acq,20480,20480,0,16,True,False,1,1200000,8381618,False,-5005624,4983182,0,0,0,0,1
300,75,0,formal,up,28,37,1,-0.7518781429270609,1784260671.769633,1784260672.801455,1784260672.285544,1.19706,0.350451,0.596759,-0.00269,0.003537,1,acq,20480,20480,0,16,True,False,1,1200000,8381618,False,-4982674,5023663,0,0,0,0,1
301,75,1,formal,up,28,37,1,-0.7518781429270609,1784260672.801713,1784260673.8218381,1784260673.3117757,1.19658,0.350621,0.597041,-0.002718,0.003557,1,acq,20480,20480,0,16,True,False,1,1200000,8381618,False,-5024171,5024933,0,0,0,0,1
302,75,2,formal,up,28,37,1,-0.7518781429270609,1784260673.8220422,1784260674.8516831,1784260674.3368626,1.196637,0.350921,0.597604,-0.002727,0.003482,1,acq,20480,20480,0,16,True,False,1,1200000,8381618,False,-5006047,4975645,0,0,0,0,1
303,75,3,formal,up,28,37,1,-0.7518781429270609,1784260674.8518982,1784260675.877923,1784260675.3649106,1.195166,0.350725,0.597363,-0.002649,0.003452,1,acq,20480,20480,0,16,True,False,1,1200000,8381618,False,-4978439,5024425,0,0,0,0,1
304,76,0,sentinel,up,10,38,0,-3.1018407145468374,1784260709.3304162,1784260710.3724842,1784260709.8514502,0.199614,0.281949,0.478182,0.004002,-0.00846,1,acq,20480,20480,0,16,True,False,1,1200000,8381618,False,-4041880,3909853,0,0,0,0,1
305,76,1,sentinel,up,10,38,0,-3.1018407145468374,1784260710.3726861,1784260711.4079518,1784260710.8903189,0.198844,0.281481,0.477468,0.003986,-0.008502,1,acq,20480,20480,0,16,True,False,1,1200000,8381618,False,-4053144,3920523,0,0,0,0,1
306,76,2,sentinel,up,10,38,0,-3.1018407145468374,1784260711.408158,1784260712.445816,1784260711.9269872,0.197811,0.280677,0.476059,0.004022,-0.008493,1,acq,20480,20480,0,16,True,False,1,1200000,8381618,False,-4070335,3898928,0,0,0,0,1
307,76,3,sentinel,up,10,38,0,-3.1018407145468374,1784260712.446112,1784260713.47905,1784260712.962581,0.197153,0.280345,0.4756,0.003963,-0.008514,1,acq,20480,20480,0,16,True,False,1,1200000,8381618,False,-4031972,3883007,0,0,0,0,1
308,77,0,sentinel,down,10,38,1,-3.1018407145468374,1784260722.5527081,1784260723.59011,1784260723.0714092,0.190984,0.276449,0.469328,0.004126,-0.008522,1,acq,20480,20480,0,16,True,False,1,1200000,8381618,False,-3986410,3840239,0,0,0,0,1
309,77,1,sentinel,down,10,38,1,-3.1018407145468374,1784260723.5903301,1784260724.627074,1784260724.1087022,0.190542,0.276259,0.468978,0.004028,-0.008543,1,acq,20480,20480,0,16,True,False,1,1200000,8381618,False,-3979127,3847607,0,0,0,0,1
310,77,2,sentinel,down,10,38,1,-3.1018407145468374,1784260724.627284,1784260725.663496,1784260725.14539,0.189888,0.275826,0.468235,0.00405,-0.008563,1,acq,20480,20480,0,16,True,False,1,1200000,8381618,False,-3999282,3836259,0,0,0,0,1
311,77,3,sentinel,down,10,38,1,-3.1018407145468374,1784260725.66373,1784260726.698807,1784260726.1812685,0.189348,0.275535,0.46774,0.004086,-0.008587,1,acq,20480,20480,0,16,True,False,1,1200000,8381618,False,-3995217,3824657,0,0,0,0,1
312,78,0,sentinel,down,70,39,0,4.731367857519084,1784260820.5938702,1784260821.610166,1784260821.102018,0.311475,-0.337815,-0.571101,0.002256,-0.002582,1,acq,20480,20480,0,16,True,False,1,1200000,8381618,False,-4743940,4763079,0,0,0,0,1
313,78,1,sentinel,down,70,39,0,4.731367857519084,1784260821.610377,1784260822.632786,1784260822.1215816,0.310228,-0.337213,-0.570191,0.002174,-0.002608,1,acq,20480,20480,0,16,True,False,1,1200000,8381618,False,-4721413,4767144,0,0,0,0,1
314,78,2,sentinel,down,70,39,0,4.731367857519084,1784260822.6331341,1784260823.663473,1784260823.1483035,0.309151,-0.336725,-0.569483,0.002249,-0.002647,1,acq,20480,20480,0,16,True,False,1,1200000,8381618,False,-4722683,4758506,0,0,0,0,1
315,78,3,sentinel,down,70,39,0,4.731367857519084,1784260823.66368,1784260824.6920571,1784260824.1778686,0.308147,-0.336326,-0.568807,0.002213,-0.002674,1,acq,20480,20480,0,16,True,False,1,1200000,8381618,False,-4710742,4748343,0,0,0,0,1
316,79,0,sentinel,up,70,39,1,4.731367857519084,1784260833.745593,1784260834.780854,1784260834.2632236,0.300072,-0.332978,-0.56367,0.002358,-0.0028,1,acq,20480,20480,0,16,True,False,1,1200000,8381618,False,-4681440,4691179,0,0,0,0,1
317,79,1,sentinel,up,70,39,1,4.731367857519084,1784260834.781048,1784260835.8019042,1784260835.2914762,0.299133,-0.332524,-0.562994,0.002367,-0.002784,1,acq,20480,20480,0,16,True,False,1,1200000,8381618,False,-4687199,4677968,0,0,0,0,1
318,79,2,sentinel,up,70,39,1,4.731367857519084,1784260835.8021,1784260836.842564,1784260836.322332,0.298337,-0.332132,-0.562237,0.002354,-0.002814,1,acq,20480,20480,0,16,True,False,1,1200000,8381618,False,-4693381,4695075,0,0,0,0,1
319,79,3,sentinel,up,70,39,1,4.731367857519084,1784260836.842828,1784260837.875848,1784260837.359338,0.297654,-0.331834,-0.561755,0.002338,-0.002803,1,acq,20480,20480,0,16,True,False,1,1200000,8381618,False,-4672125,4686352,0,0,0,0,1
320,80,0,formal,up,75,40,0,5.384135238524578,1784260851.213643,1784260852.2259169,1784260851.71978,0.098211,-0.205897,-0.348399,0.004589,-0.007594,1,acq,20480,20480,0,16,True,False,1,1200000,8381618,False,-2976257,2881916,0,0,0,0,1
321,80,1,formal,up,75,40,0,5.384135238524578,1784260852.226136,1784260853.252735,1784260852.7394354,0.097624,-0.205251,-0.347398,0.004601,-0.0076,1,acq,20480,20480,0,16,True,False,1,1200000,8381618,False,-2973209,2881408,0,0,0,0,1
322,80,2,formal,up,75,40,0,5.384135238524578,1784260853.252952,1784260854.277766,1784260853.765359,0.097034,-0.204614,-0.346378,0.004563,-0.007603,1,acq,20480,20480,0,16,True,False,1,1200000,8381618,False,-2972108,2871076,0,0,0,0,1
323,80,3,formal,up,75,40,0,5.384135238524578,1784260854.2780192,1784260855.30918,1784260854.7935996,0.096521,-0.204019,-0.345475,0.0046,-0.007593,1,acq,20480,20480,0,16,True,False,1,1200000,8381618,False,-2957203,2853715,0,0,0,0,1
324,81,0,formal,down,75,40,1,5.384135238524578,1784260864.31499,1784260865.3495,1784260864.8322449,0.092278,-0.199805,-0.338571,0.004606,-0.007657,1,acq,20480,20480,0,16,True,False,1,1200000,8381618,False,-2919093,2789098,0,0,0,0,1
325,81,1,formal,down,75,40,1,5.384135238524578,1784260865.349879,1784260866.3692968,1784260865.859588,0.091923,-0.199497,-0.338005,0.00459,-0.007694,1,acq,20480,20480,0,16,True,False,1,1200000,8381618,False,-2900208,2793163,0,0,0,0,1
326,81,2,formal,down,75,40,1,5.384135238524578,1784260866.3695738,1784260867.401435,1784260866.8855042,0.091523,-0.198994,-0.337239,0.004625,-0.007683,1,acq,20480,20480,0,16,True,False,1,1200000,8381618,False,-2902749,2783932,0,0,0,0,1
327,81,3,formal,down,75,40,1,5.384135238524578,1784260867.401663,1784260868.4338639,1784260867.9177635,0.091228,-0.198747,-0.336801,0.004602,-0.007691,1,acq,20480,20480,0,16,True,False,1,1200000,8381618,False,-2898176,2775802,0,0,0,0,1
328,82,0,formal,down,5,41,0,-3.7546080955523307,1784260973.88316,1784260974.922401,1784260974.4027805,0.050443,0.150372,0.25511,0.004372,-0.008728,1,acq,20480,20480,0,16,True,False,1,1200000,8381618,False,-2253365,2108888,0,0,0,0,1
329,82,1,formal,down,5,41,0,-3.7546080955523307,1784260974.9226298,1784260975.953086,1784260975.4378579,0.049862,0.149495,0.25383,0.00438,-0.008706,1,acq,20480,20480,0,16,True,False,1,1200000,8381618,False,-2225842,2100504,0,0,0,0,1
330,82,2,formal,down,5,41,0,-3.7546080955523307,1784260975.953283,1784260976.972437,1784260976.46286,0.049265,0.148566,0.252333,0.00435,-0.008742,1,acq,20480,20480,0,16,True,False,1,1200000,8381618,False,-2217119,2087462,0,0,0,0,1
331,82,3,formal,down,5,41,0,-3.7546080955523307,1784260976.972726,1784260978.005753,1784260977.4892397,0.048727,0.14785,0.251082,0.004369,-0.008713,1,acq,20480,20480,0,16,True,False,1,1200000,8381618,False,-2234226,2070271,0,0,0,0,1
332,83,0,formal,up,5,41,1,-3.7546080955523307,1784260987.015114,1784260988.039211,1784260987.5271626,0.044208,0.141146,0.239926,0.004429,-0.008841,1,acq,20480,20480,0,16,True,False,1,1200000,8381618,False,-2142424,1982788,0,0,0,0,1
333,83,1,formal,up,5,41,1,-3.7546080955523307,1784260988.0394251,1784260989.068734,1784260988.5540795,0.043822,0.140554,0.238926,0.00443,-0.008795,1,acq,20480,20480,0,16,True,False,1,1200000,8381618,False,-2145897,1969831,0,0,0,0,1
334,83,2,formal,up,5,41,1,-3.7546080955523307,1784260989.068942,1784260990.10206,1784260989.5855012,0.04346,0.14002,0.23802,0.004468,-0.008797,1,acq,20480,20480,0,16,True,False,1,1200000,8381618,False,-2114139,1963395,0,0,0,0,1
335,83,3,formal,up,5,41,1,-3.7546080955523307,1784260990.102262,1784260991.1302028,1784260990.6162324,0.0431,0.139508,0.237101,0.004459,-0.00881,1,acq,20480,20480,0,16,True,False,1,1200000,8381618,False,-2097032,1952470,0,0,0,0,1
336,84,0,formal,up,21,42,0,-1.6657524763347515,1784261018.8672588,1784261019.904994,1784261019.3861265,0.751933,0.420474,0.713433,0.00073,-0.002895,1,acq,20480,20480,0,16,True,False,1,1200000,8381618,False,-5969961,5868082,0,0,0,0,1
337,84,1,formal,up,21,42,0,-1.6657524763347515,1784261019.905237,1784261020.919942,1784261020.4125896,0.751728,0.420155,0.713069,0.000812,-0.002916,1,acq,20480,20480,0,16,True,False,1,1200000,8381618,False,-5945994,5882817,0,0,0,0,1
338,84,2,formal,up,21,42,0,-1.6657524763347515,1784261020.920154,1784261021.94278,1784261021.431467,0.751693,0.420165,0.71303,0.000692,-0.002927,1,acq,20480,20480,0,16,True,False,1,1200000,8381618,False,-5965896,5865202,0,0,0,0,1
339,84,3,formal,up,21,42,0,-1.6657524763347515,1784261021.942987,1784261022.97249,1784261022.4577384,0.752154,0.420388,0.713454,0.000783,-0.002958,1,acq,20480,20480,0,16,True,False,1,1200000,8381618,False,-5972247,5903566,0,0,0,0,1
340,85,0,formal,down,21,42,1,-1.6657524763347515,1784261031.983037,1784261033.012266,1784261032.4976516,0.751973,0.420209,0.713781,0.000879,-0.002936,1,acq,20480,20480,0,16,True,False,1,1200000,8381618,False,-5939388,5896791,0,0,0,0,1
341,85,1,formal,down,21,42,1,-1.6657524763347515,1784261033.012467,1784261034.042169,1784261033.527318,0.751638,0.420182,0.713662,0.000916,-0.002955,1,acq,20480,20480,0,16,True,False,1,1200000,8381618,False,-5922451,5865795,0,0,0,0,1
342,85,2,formal,down,21,42,1,-1.6657524763347515,1784261034.0423949,1784261035.072636,1784261034.5575154,0.75129,0.420053,0.713677,0.000841,-0.002988,1,acq,20480,20480,0,16,True,False,1,1200000,8381618,False,-5940489,5855802,0,0,0,0,1
343,85,3,formal,down,21,42,1,-1.6657524763347515,1784261035.0729039,1784261036.1141682,1784261035.593536,0.751472,0.420238,0.713873,0.00092,-0.002976,1,acq,20480,20480,0,16,True,False,1,1200000,8381618,False,-5947095,5889423,0,0,0,0,1
344,86,0,formal,down,59,43,0,3.2952796193069984,1784261098.279233,1784261099.3124402,1784261098.7958364,0.953163,-0.410222,-0.695324,-0.001205,0.003876,1,acq,20480,20480,0,16,True,False,1,1200000,8381618,False,-5735969,5840050,0,0,0,0,1
345,86,1,formal,down,59,43,0,3.2952796193069984,1784261099.312732,1784261100.352254,1784261099.8324928,0.952634,-0.410374,-0.695896,-0.00112,0.003854,1,acq,20480,20480,0,16,True,False,1,1200000,8381618,False,-5701586,5885104,0,0,0,0,1
346,86,2,formal,down,59,43,0,3.2952796193069984,1784261100.352452,1784261101.3909812,1784261100.8717165,0.951431,-0.410441,-0.695955,-0.001146,0.003885,1,acq,20480,20480,0,16,True,False,1,1200000,8381618,False,-5696251,5877651,0,0,0,0,1
347,86,3,formal,down,59,43,0,3.2952796193069984,1784261101.391192,1784261102.427306,1784261101.9092488,0.950411,-0.410506,-0.696328,-0.001135,0.003856,1,acq,20480,20480,0,16,True,False,1,1200000,8381618,False,-5795674,5849789,0,0,0,0,1
348,87,0,formal,up,59,43,1,3.2952796193069984,1784261111.443879,1784261112.460567,1784261111.9522228,0.943108,-0.411244,-0.697713,-0.000936,0.003764,1,acq,20480,20480,0,16,True,False,1,1200000,8381618,False,-5755617,5971570,0,0,0,0,1
349,87,1,formal,up,59,43,1,3.2952796193069984,1784261112.460765,1784261113.485387,1784261112.9730759,0.943042,-0.411763,-0.698732,-0.000919,0.003774,1,acq,20480,20480,0,16,True,False,1,1200000,8381618,False,-5761799,5931936,0,0,0,0,1
350,87,2,formal,up,59,43,1,3.2952796193069984,1784261113.485603,1784261114.515092,1784261114.0003476,0.942132,-0.411732,-0.698782,-0.000947,0.003787,1,acq,20480,20480,0,16,True,False,1,1200000,8381618,False,-5758411,5895859,0,0,0,0,1
351,87,3,formal,up,59,43,1,3.2952796193069984,1784261114.515316,1784261115.5458822,1784261115.030599,0.940794,-0.411643,-0.698436,-0.00089,0.003687,1,acq,20480,20480,0,16,True,False,1,1200000,8381618,False,-5759851,5896621,0,0,0,0,1
352,88,0,formal,up,47,44,0,1.728637904893814,1784261141.837961,1784261142.872378,1784261142.3551695,1.2,-0.183168,-0.312144,-0.004398,0.009026,1,acq,20480,20480,0,16,True,False,1,1200000,8381618,False,-2592454,2853545,0,0,0,0,1
353,88,1,formal,up,47,44,0,1.728637904893814,1784261142.872572,1784261143.899818,1784261143.386195,1.2,-0.183036,-0.312095,-0.004382,0.008978,1,acq,20480,20480,0,16,True,False,1,1200000,8381618,False,-2566963,2785457,0,0,0,0,1
354,88,2,formal,up,47,44,0,1.728637904893814,1784261143.90003,1784261144.9242089,1784261144.4121194,1.2,-0.183009,-0.312067,-0.004407,0.009013,1,acq,20480,20480,0,16,True,False,1,1200000,8381618,False,-2606342,2757933,0,0,0,0,1
355,88,3,formal,up,47,44,0,1.728637904893814,1784261144.924413,1784261145.9452229,1784261145.4348178,1.2,-0.182947,-0.311974,-0.004398,0.008994,1,acq,20480,20480,0,16,True,False,1,1200000,8381618,False,-2633527,2797906,0,0,0,0,1
356,89,0,formal,down,47,44,1,1.728637904893814,1784261154.959852,1784261155.9938161,1784261155.476834,1.2,-0.18306,-0.312467,-0.004431,0.009004,1,acq,20480,20480,0,16,True,False,1,1200000,8381618,False,-2587542,2776903,0,0,0,0,1
357,89,1,formal,down,47,44,1,1.728637904893814,1784261155.994058,1784261157.021539,1784261156.5077984,1.2,-0.183114,-0.312461,-0.004458,0.008982,1,acq,20480,20480,0,16,True,False,1,1200000,8381618,False,-2630648,2802055,0,0,0,0,1
358,89,2,formal,down,47,44,1,1.728637904893814,1784261157.0217412,1784261158.056548,1784261157.5391445,1.2,-0.183084,-0.312476,-0.004454,0.009006,1,acq,20480,20480,0,16,True,False,1,1200000,8381618,False,-2625821,2819501,0,0,0,0,1
359,89,3,formal,down,47,44,1,1.728637904893814,1784261158.056771,1784261159.089225,1784261158.572998,1.2,-0.182984,-0.312422,-0.004417,0.008967,1,acq,20480,20480,0,16,True,False,1,1200000,8381618,False,-2608883,2822042,0,0,0,0,1
360,90,0,formal,down,33,45,0,-0.0991107619215672,1784261183.9190688,1784261184.96036,1784261184.4397144,1.2,0.244857,0.417508,-0.00393,0.00644,1,acq,20480,20480,0,16,True,False,1,1200000,8381618,False,-3514362,3702876,0,0,0,0,1
361,90,1,formal,down,33,45,0,-0.0991107619215672,1784261184.96057,1784261185.985507,1784261185.4730387,1.2,0.244973,0.417902,-0.003941,0.006491,1,acq,20480,20480,0,16,True,False,1,1200000,8381618,False,-3511313,3618697,0,0,0,0,1
362,90,2,formal,down,33,45,0,-0.0991107619215672,1784261185.985719,1784261187.030486,1784261186.5081024,1.2,0.245301,0.41845,-0.003954,0.00644,1,acq,20480,20480,0,16,True,False,1,1200000,8381618,False,-3490565,3648168,0,0,0,0,1
363,90,3,formal,down,33,45,0,-0.0991107619215672,1784261187.030695,1784261188.050359,1784261187.5405269,1.2,0.245771,0.419304,-0.003912,0.006419,1,acq,20480,20480,0,16,True,False,1,1200000,8381618,False,-3496916,3615987,0,0,0,0,1
364,91,0,formal,up,33,45,1,-0.0991107619215672,1784261197.093895,1784261198.121002,1784261197.6074486,1.2,0.24825,0.423989,-0.004028,0.006411,1,acq,20480,20480,0,16,True,False,1,1200000,8381618,False,-3580757,3611922,0,0,0,0,1
365,91,1,formal,up,33,45,1,-0.0991107619215672,1784261198.121224,1784261199.1515038,1784261198.636364,1.2,0.248455,0.42425,-0.003956,0.006376,1,acq,20480,20480,0,16,True,False,1,1200000,8381618,False,-3495222,3640970,0,0,0,0,1
366,91,2,formal,up,33,45,1,-0.0991107619215672,1784261199.151807,1784261200.188993,1784261199.6704001,1.2,0.248505,0.424513,-0.003997,0.006385,1,acq,20480,20480,0,16,True,False,1,1200000,8381618,False,-3608365,3706857,0,0,0,0,1
367,91,3,formal,up,33,45,1,-0.0991107619215672,1784261200.1892228,1784261201.226976,1784261200.7080994,1.2,0.248562,0.424559,-0.003983,0.006341,1,acq,20480,20480,0,16,True,False,1,1200000,8381618,False,-3514616,3659855,0,0,0,0,1
368,92,0,sentinel,up,30,46,0,-0.4907711905248635,1784261214.5852811,1784261215.6103349,1784261215.097808,1.2,0.321572,0.547965,-0.004663,0.007032,1,acq,20480,20480,0,16,True,False,1,1200000,8381618,False,-4549667,4674157,0,0,0,0,1
369,92,1,sentinel,up,30,46,0,-0.4907711905248635,1784261215.610569,1784261216.645725,1784261216.1281471,1.2,0.321578,0.548105,-0.004716,0.006988,1,acq,20480,20480,0,16,True,False,1,1200000,8381618,False,-4548904,4643585,0,0,0,0,1
370,92,2,sentinel,up,30,46,0,-0.4907711905248635,1784261216.6459289,1784261217.6609752,1784261217.153452,1.2,0.321723,0.54833,-0.00464,0.006971,1,acq,20480,20480,0,16,True,False,1,1200000,8381618,False,-4551530,4703967,0,0,0,0,1
371,92,3,sentinel,up,30,46,0,-0.4907711905248635,1784261217.6612039,1784261218.690389,1784261218.1757965,1.2,0.32171,0.548398,-0.004657,0.007033,1,acq,20480,20480,0,16,True,False,1,1200000,8381618,False,-4658829,4717433,0,0,0,0,1
372,93,0,sentinel,down,30,46,1,-0.4907711905248635,1784261227.70016,1784261228.731668,1784261228.215914,1.2,0.32282,0.550566,-0.004525,0.007021,1,acq,20480,20480,0,16,True,False,1,1200000,8381618,False,-4599717,4722853,0,0,0,0,1
373,93,1,sentinel,down,30,46,1,-0.4907711905248635,1784261228.731885,1784261229.7564852,1784261229.244185,1.2,0.32296,0.550848,-0.004574,0.006955,1,acq,20480,20480,0,16,True,False,1,1200000,8381618,False,-4602596,4716670,0,0,0,0,1
374,93,2,sentinel,down,30,46,1,-0.4907711905248635,1784261229.756705,1784261230.7994869,1784261230.278096,1.2,0.323116,0.551118,-0.004608,0.00692,1,acq,20480,20480,0,16,True,False,1,1200000,8381618,False,-4649682,4718110,0,0,0,0,1
375,93,3,sentinel,down,30,46,1,-0.4907711905248635,1784261230.799714,1784261231.835573,1784261231.3176436,1.2,0.323031,0.550961,-0.004632,0.007013,1,acq,20480,20480,0,16,True,False,1,1200000,8381618,False,-4587776,4721243,0,0,0,0,1
376,94,0,sentinel,down,50,47,0,2.120298333497111,1784261269.680896,1784261270.6987,1784261270.1897979,1.2,-0.256596,-0.436694,-0.003066,0.006828,1,acq,20480,20480,0,16,True,False,1,1200000,8381618,False,-3608958,3828722,0,0,0,0,1
377,94,1,sentinel,down,50,47,0,2.120298333497111,1784261270.6989079,1784261271.7190242,1784261271.208966,1.2,-0.256559,-0.436968,-0.00304,0.006776,1,acq,20480,20480,0,16,True,False,1,1200000,8381618,False,-3658077,3848031,0,0,0,0,1
378,94,2,sentinel,down,50,47,0,2.120298333497111,1784261271.719264,1784261272.744368,1784261272.231816,1.2,-0.256928,-0.437458,-0.002991,0.006843,1,acq,20480,20480,0,16,True,False,1,1200000,8381618,False,-3620137,3787056,0,0,0,0,1
379,94,3,sentinel,down,50,47,0,2.120298333497111,1784261272.744565,1784261273.760454,1784261273.2525096,1.2,-0.256978,-0.437608,-0.003021,0.00678,1,acq,20480,20480,0,16,True,False,1,1200000,8381618,False,-3638090,3782906,0,0,0,0,1
380,95,0,sentinel,up,50,47,1,2.120298333497111,1784261282.67219,1784261283.6939259,1784261283.1830578,1.2,-0.258906,-0.441268,-0.002938,0.006756,1,acq,20480,20480,0,16,True,False,1,1200000,8381618,False,-3629113,3878942,0,0,0,0,1
381,95,1,sentinel,up,50,47,1,2.120298333497111,1784261283.6941388,1784261284.714069,1784261284.204104,1.2,-0.259163,-0.441705,-0.002931,0.00677,1,acq,20480,20480,0,16,True,False,1,1200000,8381618,False,-4221841,4284341,0,0,0,0,1
382,95,2,sentinel,up,50,47,1,2.120298333497111,1784261284.714283,1784261285.7362409,1784261285.225262,1.2,-0.257084,-0.438122,-0.0029,0.006713,1,acq,20480,20480,0,16,True,False,1,1200000,8381618,False,-3895879,4073045,0,0,0,0,1
383,95,3,sentinel,up,50,47,1,2.120298333497111,1784261285.73645,1784261286.752692,1784261286.244571,1.2,-0.248286,-0.422688,-0.006372,0.012876,1,acq,20480,20480,0,16,True,False,1,1200000,8381618,False,-8388608,4747158,756,0,759,0,1
