transition_discard_index,role,direction,grid_index,target_ordinal,pair_position,source_sequence_index,bias,approach_bias,t_target_set_unix,t_start_unix,t_end_unix,t_mid_unix,dc_board,I1,Q1,I2,Q2,rawadc_version,rawadc_scope,rawadc_expected,rawadc_used,rawadc_read_fail,rawadc_blocks,rawadc_complete,rawadc_timeout,rawadc_gain,rawadc_fs_uv,rawadc_guard,rawadc_crc,rawadc_ch0_min,rawadc_ch0_max,rawadc_ch0_rail_lo,rawadc_ch0_rail_hi,rawadc_ch0_guard_lo,rawadc_ch0_guard_hi,rawadc_windows
0,sentinel,up,0,0,0,0,-4.407375476557824,-4.537928952758923,1784258154.529257,1784258158.688046,1784258159.565802,1784258159.126924,-0.000338,0.014019,0.023754,0.005078,-0.009378,1,acq,7680,7680,0,6,True,False,1,1200000,8381618,False,-363733,237379,0,0,0,0,1
1,sentinel,down,0,0,1,1,-4.407375476557824,-4.276822000356725,1784258167.714184,1784258171.854081,1784258172.7319539,1784258172.2930174,-0.000713,0.006841,0.011663,0.005084,-0.009385,1,acq,7680,7680,0,6,True,False,1,1200000,8381618,False,-276251,184619,0,0,0,0,1
2,sentinel,down,80,1,0,2,6.036902619530071,6.16745609573117,1784258294.475487,1784258298.6076102,1784258299.485683,1784258299.0466466,0.000534,-0.027566,-0.046722,0.005206,-0.009502,1,acq,7680,7680,0,6,True,False,1,1200000,8381618,False,-585614,408533,0,0,0,0,1
3,sentinel,up,80,1,1,3,6.036902619530071,5.906349143328972,1784258307.582709,1784258311.743766,1784258312.624394,1784258312.1840801,-0.000426,-0.018285,-0.031115,0.005196,-0.009417,1,acq,7680,7680,0,6,True,False,1,1200000,8381618,False,-435717,284127,0,0,0,0,1
4,formal,up,18,2,0,4,-2.057412904938048,-2.1879663811391468,1784258408.537546,1784258412.673256,1784258413.5464141,1784258413.1098351,0.694706,0.414965,0.702611,-0.0018,0.000976,1,acq,7680,7680,0,6,True,False,1,1200000,8381618,False,-5828024,5890016,0,0,0,0,1
5,formal,down,18,2,1,5,-2.057412904938048,-1.926859428736949,1784258421.686072,1784258425.787411,1784258426.6708941,1784258426.2291527,0.682333,0.414415,0.702241,-0.00163,0.000762,1,acq,7680,7680,0,6,True,False,1,1200000,8381618,False,-5872655,5891709,0,0,0,0,1
6,formal,down,62,3,0,6,3.6869400479102943,3.817493524111393,1784258496.772479,1784258500.880401,1784258501.754084,1784258501.3172426,0.672218,-0.414359,-0.700132,0.002959,-0.003213,1,acq,7680,7680,0,6,True,False,1,1200000,8381618,False,-5771114,5768235,0,0,0,0,1
7,formal,up,62,3,1,7,3.6869400479102943,3.5563865717091954,1784258509.9094841,1784258514.065027,1784258514.9361799,1784258514.5006034,0.660218,-0.412818,-0.698149,0.00318,-0.003353,1,acq,7680,7680,0,6,True,False,1,1200000,8381618,False,-5816253,5801856,0,0,0,0,1
8,formal,up,78,4,0,8,5.775795667127873,5.6452421909267745,1784258541.756362,1784258545.88557,1784258546.766913,1784258546.3262415,0.010868,-0.07336,-0.124104,0.005287,-0.009353,1,acq,7680,7680,0,6,True,False,1,1200000,8381618,False,-1184355,1040217,0,0,0,0,1
9,formal,down,78,4,1,9,5.775795667127873,5.906349143328972,1784258554.929903,1784258559.392444,1784258560.2782059,1784258559.8353248,0.008456,-0.065748,-0.111451,0.00531,-0.009382,1,acq,7680,7680,0,6,True,False,1,1200000,8381618,False,-1130070,910137,0,0,0,0,1
10,formal,down,2,5,0,10,-4.1462685241556265,-4.015715047954528,1784258673.168254,1784258677.258838,1784258678.1278222,1784258677.69333,0.022121,0.100743,0.17102,0.004674,-0.009099,1,acq,7680,7680,0,6,True,False,1,1200000,8381618,False,-1556895,1406744,0,0,0,0,1
11,formal,up,2,5,1,11,-4.1462685241556265,-4.276822000356725,1784258686.1680808,1784258690.240952,1784258691.1048079,1784258690.67288,0.017735,0.090899,0.154456,0.004703,-0.00913,1,acq,7680,7680,0,6,True,False,1,1200000,8381618,False,-1438248,1261844,0,0,0,0,1
12,formal,up,37,6,0,12,0.4231031428828276,0.29254966668172866,1784258744.6415339,1784258748.723545,1784258749.59121,1784258749.1573775,1.2,0.109383,0.18669,-0.005581,0.009753,1,acq,7680,7680,0,6,True,False,1,1200000,8381618,False,-1618802,1860923,0,0,0,0,1
13,formal,down,37,6,1,13,0.4231031428828276,0.5536566190839265,1784258757.615008,1784258761.698842,1784258762.569201,1784258762.1340215,1.2,0.105902,0.180993,-0.005586,0.009772,1,acq,7680,7680,0,6,True,False,1,1200000,8381618,False,-1516584,1624984,0,0,0,0,1
14,formal,down,43,7,0,14,1.2064240000894193,1.3369774762905182,1784258777.7208042,1784258781.796701,1784258782.658782,1784258782.2277415,1.2,-0.085701,-0.145993,-0.004268,0.008482,1,acq,7680,7680,0,6,True,False,1,1200000,8381618,False,-1298005,1451290,0,0,0,0,1
15,formal,up,43,7,1,15,1.2064240000894193,1.0758705238883204,1784258790.699223,1784258794.789682,1784258795.649858,1784258795.21977,1.2,-0.087981,-0.150038,-0.004235,0.008431,1,acq,7680,7680,0,6,True,False,1,1200000,8381618,False,-1237200,1456710,0,0,0,0,1
16,formal,up,48,8,0,16,1.859191381094913,1.728637904893814,1784258806.522541,1784258810.597614,1784258811.463373,1784258811.0304935,1.2,-0.235159,-0.399326,-0.00277,0.006874,1,acq,7680,7680,0,6,True,False,1,1200000,8381618,False,-3325424,3411805,0,0,0,0,1
17,formal,down,48,8,1,17,1.859191381094913,1.989744857296012,1784258819.501345,1784258823.57621,1784258824.444525,1784258824.0103674,1.2,-0.237671,-0.404291,-0.002836,0.006682,1,acq,7680,7680,0,6,True,False,1,1200000,8381618,False,-3331013,3502929,0,0,0,0,1
18,formal,down,32,9,0,18,-0.22966423812266612,-0.0991107619215672,1784258851.015264,1784258855.095521,1784258855.9617522,1784258855.5286365,1.2,0.237423,0.40387,-0.004488,0.007522,1,acq,7680,7680,0,6,True,False,1,1200000,8381618,False,-3288416,3436788,0,0,0,0,1
19,formal,up,32,9,1,19,-0.22966423812266612,-0.36021771432376504,1784258864.0087821,1784258868.083207,1784258868.947231,1784258868.515219,1.2,0.240044,0.408836,-0.004624,0.007392,1,acq,7680,7680,0,6,True,False,1,1200000,8381618,False,-3455419,3507079,0,0,0,0,1
20,formal,up,11,10,0,20,-2.971287238345739,-3.101840714546838,1784258906.838409,1784258910.910922,1784258911.775003,1784258911.3429625,0.282656,0.324162,0.548688,0.002361,-0.006198,1,acq,7680,7680,0,6,True,False,1,1200000,8381618,False,-4630628,4504020,0,0,0,0,1
21,formal,down,11,10,1,21,-2.971287238345739,-2.84073376214464,1784258919.814239,1784258923.890906,1784258924.752012,1784258924.321459,0.274311,0.320075,0.542394,0.002606,-0.006304,1,acq,7680,7680,0,6,True,False,1,1200000,8381618,False,-4558389,4451598,0,0,0,0,1
22,formal,down,69,11,0,22,4.600814381317985,4.731367857519084,1784259014.3471549,1784259018.48294,1784259019.355693,1784259018.9193165,0.308548,-0.334546,-0.564826,0.003515,-0.004952,1,acq,7680,7680,0,6,True,False,1,1200000,8381618,False,-4715146,4667806,0,0,0,0,1
23,formal,up,69,11,1,23,4.600814381317985,4.470260905116886,1784259027.498782,1784259031.622464,1784259032.509224,1784259032.065844,0.298049,-0.330126,-0.558054,0.003691,-0.005086,1,acq,7680,7680,0,6,True,False,1,1200000,8381618,False,-4681864,4563725,0,0,0,0,1
24,formal,up,56,12,0,24,2.9036191907037026,2.7730657145026036,1784259057.916258,1784259062.0503628,1784259062.926625,1784259062.488494,1.006173,-0.396057,-0.670106,9e-06,0.001984,1,acq,7680,7680,0,6,True,False,1,1200000,8381618,False,-5527214,5563461,0,0,0,0,1
25,formal,down,56,12,1,25,2.9036191907037026,3.0341726669048015,1784259071.058265,1784259075.176478,1784259076.05329,1784259075.614884,1.006405,-0.396314,-0.671272,-4e-06,0.001874,1,acq,7680,7680,0,6,True,False,1,1200000,8381618,False,-5519423,5606228,0,0,0,0,1
26,formal,down,24,13,0,26,-1.2740920477314557,-1.1435385715303568,1784259125.9691038,1784259130.1114519,1784259130.977234,1784259130.544343,1.039102,0.389813,0.661224,-0.004221,0.005602,1,acq,7680,7680,0,6,True,False,1,1200000,8381618,False,-5471151,5553383,0,0,0,0,1
27,formal,up,24,13,1,27,-1.2740920477314557,-1.4046455239325546,1784259139.1174579,1784259143.245617,1784259144.114799,1784259143.680208,1.028865,0.392072,0.666028,-0.00429,0.005452,1,acq,7680,7680,0,6,True,False,1,1200000,8381618,False,-5496812,5632735,0,0,0,0,1
28,formal,up,25,14,0,28,-1.1435385715303568,-1.2740920477314557,1784259150.8522592,1784259154.99423,1784259155.860451,1784259155.4273405,1.076518,0.382069,0.649121,-0.004467,0.006063,1,acq,7680,7680,0,6,True,False,1,1200000,8381618,False,-5340648,5460819,0,0,0,0,1
29,formal,down,25,14,1,29,-1.1435385715303568,-1.0129850953292578,1784259164.004,1784259168.1410718,1784259169.002239,1784259168.5716553,1.070076,0.382666,0.650763,-0.004291,0.006074,1,acq,7680,7680,0,6,True,False,1,1200000,8381618,False,-5412717,5456924,0,0,0,0,1
30,formal,down,55,15,0,30,2.7730657145026036,2.9036191907037026,1784259218.886532,1784259223.019187,1784259223.89277,1784259223.4559784,1.093429,-0.377685,-0.640182,0.00055,0.001363,1,acq,7680,7680,0,6,True,False,1,1200000,8381618,False,-5290852,5371898,0,0,0,0,1
31,formal,up,55,15,1,31,2.7730657145026036,2.6425122383015047,1784259232.052036,1784259236.1894,1784259237.062977,1784259236.6261885,1.087044,-0.381138,-0.641801,0.001652,0.00361,1,acq,7680,7680,0,6,True,False,1,1200000,8381618,False,-8388608,6198532,5,0,5,0,1
32,formal,up,64,16,0,32,3.948047000312492,3.817493524111393,1784259253.848027,1784259257.9901068,1784259258.8649259,1784259258.4275165,0.55817,-0.402057,-0.679073,0.00117,0.000195,1,acq,7680,7680,0,6,True,False,1,1200000,8381618,False,-5595049,5685919,0,0,0,0,1
33,formal,down,64,16,1,33,3.948047000312492,4.078600476513591,1784259267.036289,1784259271.174331,1784259272.0464709,1784259271.610401,0.549301,-0.400888,-0.677644,0.000961,0.000181,1,acq,7680,7680,0,6,True,False,1,1200000,8381618,False,-5597082,5655770,0,0,0,0,1
34,formal,down,16,17,0,34,-2.3185198573402452,-2.1879663811391463,1784259344.793128,1784259348.9175072,1784259349.793793,1784259349.35565,0.566369,0.403305,0.682719,0.001709,-0.004728,1,acq,7680,7680,0,6,True,False,1,1200000,8381618,False,-5703788,5610039,0,0,0,0,1
35,formal,up,16,17,1,35,-2.3185198573402452,-2.449073333541344,1784259357.921822,1784259362.045558,1784259362.909822,1784259362.47769,0.55314,0.401071,0.679378,0.0017,-0.00493,1,acq,7680,7680,0,6,True,False,1,1200000,8381618,False,-5669235,5552197,0,0,0,0,1
36,formal,up,35,18,0,36,0.16199619048062974,0.031442714279530826,1784259394.078382,1784259398.227853,1784259399.110692,1784259398.6692724,1.2,0.170509,0.290473,-0.004947,0.008211,1,acq,7680,7680,0,6,True,False,1,1200000,8381618,False,-2437984,2575601,0,0,0,0,1
37,formal,down,35,18,1,37,0.16199619048062974,0.29254966668172866,1784259407.264931,1784259411.398815,1784259412.281321,1784259411.8400679,1.2,0.168616,0.28775,-0.004964,0.008156,1,acq,7680,7680,0,6,True,False,1,1200000,8381618,False,-2440948,2535967,0,0,0,0,1
38,formal,down,45,19,0,38,1.4675309524916171,1.598084428692716,1784259434.728359,1784259438.861208,1784259439.734241,1784259439.2977245,1.2,-0.14364,-0.244749,-0.004714,0.009348,1,acq,7680,7680,0,6,True,False,1,1200000,8381618,False,-2013361,2150808,0,0,0,0,1
39,formal,up,45,19,1,39,1.4675309524916171,1.3369774762905182,1784259447.8704078,1784259452.0123231,1784259452.8863559,1784259452.4493394,1.2,-0.146009,-0.249201,-0.004687,0.009299,1,acq,7680,7680,0,6,True,False,1,1200000,8381618,False,-2021237,2246590,0,0,0,0,1
40,formal,up,58,20,0,40,3.1647261431059004,3.0341726669048015,1784259475.417405,1784259479.540582,1784259480.425654,1784259479.983118,0.926102,-0.408732,-0.691448,-0.001677,0.00536,1,acq,7680,7680,0,6,True,False,1,1200000,8381618,False,-5667457,5841744,0,0,0,0,1
41,formal,down,58,20,1,41,3.1647261431059004,3.2952796193069993,1784259488.575982,1784259492.674892,1784259493.550632,1784259493.112762,0.916426,-0.409432,-0.693311,-0.001832,0.005309,1,acq,7680,7680,0,6,True,False,1,1200000,8381618,False,-5670506,5870538,0,0,0,0,1
42,formal,down,22,21,0,42,-1.535199000133653,-1.4046455239325542,1784259550.658376,1784259554.8122041,1784259555.692689,1784259555.2524467,0.910961,0.409339,0.693464,-0.000561,-0.000959,1,acq,7680,7680,0,6,True,False,1,1200000,8381618,False,-5747910,5819894,0,0,0,0,1
43,formal,up,22,21,1,43,-1.535199000133653,-1.665752476334752,1784259563.81665,1784259567.967398,1784259568.851209,1784259568.4093034,0.900224,0.410363,0.69594,-0.000523,-0.001105,1,acq,7680,7680,0,6,True,False,1,1200000,8381618,False,-5793811,5766965,0,0,0,0,1
44,formal,up,39,22,0,44,0.6842100952850245,0.5536566190839256,1784259597.157847,1784259601.3034172,1784259602.168958,1784259601.7361875,1.2,0.046722,0.079768,-0.004956,0.008938,1,acq,7680,7680,0,6,True,False,1,1200000,8381618,False,-681480,837898,0,0,0,0,1
45,formal,down,39,22,1,45,0.6842100952850245,0.8147635714861234,1784259610.299795,1784259614.43385,1784259615.316604,1784259614.875227,1.2,0.04461,0.076338,-0.005007,0.008896,1,acq,7680,7680,0,6,True,False,1,1200000,8381618,False,-743810,916065,0,0,0,0,1
46,formal,down,41,23,0,46,0.9453170476872224,1.0758705238883213,1784259626.305729,1784259630.456567,1784259631.332427,1784259630.894497,1.2,-0.020199,-0.034455,-0.005114,0.009519,1,acq,7680,7680,0,6,True,False,1,1200000,8381618,False,-362801,481872,0,0,0,0,1
47,formal,up,41,23,1,47,0.9453170476872224,0.8147635714861234,1784259639.4909508,1784259643.6206641,1784259644.4847832,1784259644.0527236,1.2,-0.020794,-0.035499,-0.005117,0.009471,1,acq,7680,7680,0,6,True,False,1,1200000,8381618,False,-350352,494152,0,0,0,0,1
48,formal,up,79,24,0,48,5.906349143328972,5.775795667127873,1784259702.9184818,1784259707.037787,1784259707.909796,1784259707.4737916,0.006115,-0.056514,-0.095732,0.005501,-0.009735,1,acq,7680,7680,0,6,True,False,1,1200000,8381618,False,-963490,799873,0,0,0,0,1
49,formal,down,79,24,1,49,5.906349143328972,6.036902619530071,1784259716.05373,1784259720.176106,1784259721.05168,1784259720.613893,0.004039,-0.047965,-0.08141,0.005429,-0.009729,1,acq,7680,7680,0,6,True,False,1,1200000,8381618,False,-843742,675213,0,0,0,0,1
50,formal,down,1,25,0,50,-4.276822000356725,-4.1462685241556265,1784259836.9753149,1784259841.097155,1784259841.9513988,1784259841.524277,0.006177,0.056009,0.095069,0.004765,-0.009075,1,acq,7680,7680,0,6,True,False,1,1200000,8381618,False,-961288,787424,0,0,0,0,1
51,formal,up,1,25,1,51,-4.276822000356725,-4.407375476557824,1784259850.100909,1784259854.2329211,1784259855.117405,1784259854.675163,0.003883,0.046114,0.078412,0.004845,-0.009082,1,acq,7680,7680,0,6,True,False,1,1200000,8381618,False,-856106,653449,0,0,0,0,1
52,sentinel,up,20,26,0,52,-1.7963059525358505,-1.9268594287369494,1784259886.241045,1784259890.375388,1784259891.24836,1784259890.811874,0.740181,0.416298,0.704302,-0.0006,-0.000807,1,acq,7680,7680,0,6,True,False,1,1200000,8381618,False,-5836578,5757395,0,0,0,0,1
53,sentinel,down,20,26,1,53,-1.7963059525358505,-1.6657524763347515,1784259899.370827,1784259903.490656,1784259904.3772008,1784259903.9339285,0.7414,0.415972,0.704449,-0.000529,-0.00082,1,acq,7680,7680,0,6,True,False,1,1200000,8381618,False,-5824806,5803973,0,0,0,0,1
54,sentinel,down,60,27,0,54,3.4258330955080973,3.5563865717091963,1784259968.5921211,1784259972.724159,1784259973.5879931,1784259973.156076,0.831211,-0.415678,-0.703023,0.001721,-0.000351,1,acq,7680,7680,0,6,True,False,1,1200000,8381618,False,-5812527,5894504,0,0,0,0,1
55,sentinel,up,60,27,1,55,3.4258330955080973,3.2952796193069984,1784259981.719265,1784259985.8657799,1784259986.73822,1784259986.302,0.820757,-0.416009,-0.704283,0.001821,-0.000547,1,acq,7680,7680,0,6,True,False,1,1200000,8381618,False,-5857496,5927193,0,0,0,0,1
56,formal,up,73,28,0,56,5.123028286122381,4.992474809921282,1784260009.263762,1784260013.4163818,1784260014.288575,1784260013.8524785,0.14075,-0.242044,-0.408652,0.005582,-0.008756,1,acq,7680,7680,0,6,True,False,1,1200000,8381618,False,-3522746,3400034,0,0,0,0,1
57,formal,down,73,28,1,57,5.123028286122381,5.2535817623234795,1784260022.434583,1784260026.590982,1784260027.4680152,1784260027.0294986,0.132855,-0.23596,-0.398911,0.005526,-0.008893,1,acq,7680,7680,0,6,True,False,1,1200000,8381618,False,-3463719,3279185,0,0,0,0,1
58,formal,down,7,29,0,58,-3.4935011431501337,-3.362947666949035,1784260126.185437,1784260130.313063,1784260131.189653,1784260130.751358,0.128403,0.231506,0.392117,0.002787,-0.006329,1,acq,7680,7680,0,6,True,False,1,1200000,8381618,False,-3324831,3208217,0,0,0,0,1
59,formal,up,7,29,1,59,-3.4935011431501337,-3.6240546193512326,1784260139.302552,1784260143.43655,1784260144.314719,1784260143.8756344,0.119488,0.223891,0.379719,0.002828,-0.006491,1,acq,7680,7680,0,6,True,False,1,1200000,8381618,False,-3230320,3087960,0,0,0,0,1
60,formal,up,34,30,0,60,0.031442714279531714,-0.0991107619215672,1784260188.463341,1784260192.617853,1784260193.478394,1784260193.0481234,1.2,0.211242,0.359469,-0.004196,0.006582,1,acq,7680,7680,0,6,True,False,1,1200000,8381618,False,-3074834,3154355,0,0,0,0,1
61,formal,down,34,30,1,61,0.031442714279531714,0.16199619048063063,1784260201.582384,1784260205.707274,1784260206.5803032,1784260206.1437886,1.2,0.20877,0.355708,-0.004107,0.006601,1,acq,7680,7680,0,6,True,False,1,1200000,8381618,False,-2932559,3137926,0,0,0,0,1
62,formal,down,46,31,0,62,1.5980844286927152,1.728637904893814,1784260230.563927,1784260234.6841831,1784260235.560131,1784260235.122157,1.2,-0.162247,-0.276268,-0.004871,0.009909,1,acq,7680,7680,0,6,True,False,1,1200000,8381618,False,-2264459,2504633,0,0,0,0,1
63,formal,up,46,31,1,63,1.5980844286927152,1.4675309524916162,1784260243.698464,1784260247.8342679,1784260248.709593,1784260248.2719305,1.2,-0.165476,-0.28212,-0.004978,0.009933,1,acq,7680,7680,0,6,True,False,1,1200000,8381618,False,-2372690,2537830,0,0,0,0,1
64,formal,up,77,32,0,64,5.6452421909267745,5.514688714725676,1784260297.01191,1784260301.149606,1784260302.025138,1784260301.5873718,0.03684,-0.129095,-0.218273,0.004877,-0.008306,1,acq,7680,7680,0,6,True,False,1,1200000,8381618,False,-1950438,1819850,0,0,0,0,1
65,formal,down,77,32,1,65,5.6452421909267745,5.775795667127873,1784260310.140075,1784260314.282669,1784260315.1534579,1784260314.7180634,0.032145,-0.121124,-0.205111,0.004881,-0.0084,1,acq,7680,7680,0,6,True,False,1,1200000,8381618,False,-1858721,1694258,0,0,0,0,1
66,formal,down,3,33,0,66,-4.0157150479545285,-3.8851615717534296,1784260424.2019799,1784260428.2782238,1784260429.143389,1784260428.7108064,0.025567,0.108457,0.18419,0.005261,-0.010075,1,acq,7680,7680,0,6,True,False,1,1200000,8381618,False,-1674441,1514043,0,0,0,0,1
67,formal,up,3,33,1,67,-4.0157150479545285,-4.146268524155627,1784260437.160245,1784260441.238365,1784260442.107195,1784260441.67278,0.020688,0.098155,0.166898,0.005223,-0.010037,1,acq,7680,7680,0,6,True,False,1,1200000,8381618,False,-1544446,1360505,0,0,0,0,1
68,formal,up,17,34,0,68,-2.1879663811391463,-2.3185198573402452,1784260467.197382,1784260471.280104,1784260472.143193,1784260471.7116485,0.545717,0.400017,0.677225,0.000329,-0.002863,1,acq,7680,7680,0,6,True,False,1,1200000,8381618,False,-5648910,5580822,0,0,0,0,1
69,formal,down,17,34,1,69,-2.1879663811391463,-2.0574129049380474,1784260480.1721249,1784260484.252652,1784260485.119914,1784260484.686283,0.552093,0.398633,0.67599,0.000515,-0.00395,1,acq,7680,7680,0,6,True,False,1,1200000,8381618,False,-5457008,8388607,0,73,0,74,1
70,formal,down,63,35,0,70,3.817493524111393,3.948047000312492,1784260557.1374521,1784260561.216585,1784260562.0775301,1784260561.6470575,0.670239,-0.397154,-0.671269,-0.009529,0.020836,1,acq,7680,7680,0,6,True,False,1,1200000,8381618,False,-8388608,5571760,593,0,596,0,1
71,formal,up,63,35,1,71,3.817493524111393,3.6869400479102943,1784260570.107371,1784260574.167053,1784260575.033731,1784260574.6003919,0.674112,-0.414862,-0.703271,0.000873,0.000351,1,acq,7680,7680,0,6,True,False,1,1200000,8381618,False,-5767473,5821673,0,0,0,0,1
72,formal,up,52,36,0,72,2.3814052858993078,2.250851809698209,1784260597.303992,1784260601.3932512,1784260602.257036,1784260601.8251436,1.2,-0.321668,-0.54665,-0.003632,0.008251,1,acq,7680,7680,0,6,True,False,1,1200000,8381618,False,-4433729,4662640,0,0,0,0,1
73,formal,down,52,36,1,73,2.3814052858993078,2.5119587621004067,1784260610.2955992,1784260614.3797,1784260615.240335,1784260614.8100176,1.2,-0.321183,-0.546559,-0.003717,0.008266,1,acq,7680,7680,0,6,True,False,1,1200000,8381618,False,-4512573,4642653,0,0,0,0,1
74,formal,down,28,37,0,74,-0.7518781429270609,-0.621324666725962,1784260653.368264,1784260657.523934,1784260658.413611,1784260657.9687724,1.2,0.346882,0.590032,-0.002715,0.003681,1,acq,7680,7680,0,6,True,False,1,1200000,8381618,False,-4826171,4972257,0,0,0,0,1
75,formal,up,28,37,1,75,-0.7518781429270609,-0.8824316191281598,1784260666.54369,1784260670.677645,1784260671.559157,1784260671.118401,1.191229,0.350299,0.596737,-0.00257,0.003968,1,acq,7680,7680,0,6,True,False,1,1200000,8381618,False,-7984253,4821259,0,0,0,0,1
76,sentinel,up,10,38,0,76,-3.1018407145468374,-3.2323941907479363,1784260704.117462,1784260708.2384079,1784260709.119968,1784260708.6791878,0.200442,0.28228,0.478825,0.003895,-0.008451,1,acq,7680,7680,0,6,True,False,1,1200000,8381618,False,-4069150,3921793,0,0,0,0,1
77,sentinel,down,10,38,1,77,-3.1018407145468374,-2.9712872383457385,1784260717.304768,1784260721.457684,1784260722.342317,1784260721.9000006,0.191877,0.277125,0.470464,0.003967,-0.008585,1,acq,7680,7680,0,6,True,False,1,1200000,8381618,False,-4011562,3834650,0,0,0,0,1
78,sentinel,down,70,39,0,78,4.731367857519084,4.861921333720183,1784260815.373871,1784260819.504436,1784260820.383946,1784260819.944191,0.312617,-0.338134,-0.571938,0.002292,-0.002615,1,acq,7680,7680,0,6,True,False,1,1200000,8381618,False,-4741230,4752154,0,0,0,0,1
79,sentinel,up,70,39,1,79,4.731367857519084,4.600814381317985,1784260828.501364,1784260832.6613271,1784260833.535957,1784260833.098642,0.30083,-0.333202,-0.56435,0.002485,-0.002835,1,acq,7680,7680,0,6,True,False,1,1200000,8381618,False,-4685929,4689147,0,0,0,0,1
80,formal,up,75,40,0,80,5.384135238524578,5.2535817623234795,1784260846.029541,1784260850.135803,1784260851.0079901,1784260850.5718966,0.098724,-0.206473,-0.349383,0.004644,-0.00765,1,acq,7680,7680,0,6,True,False,1,1200000,8381618,False,-3019279,2857610,0,0,0,0,1
81,formal,down,75,40,1,81,5.384135238524578,5.514688714725677,1784260859.1243432,1784260863.235445,1784260864.104504,1784260863.6699746,0.092512,-0.200114,-0.339208,0.004642,-0.007637,1,acq,7680,7680,0,6,True,False,1,1200000,8381618,False,-2912234,2784779,0,0,0,0,1
82,formal,down,5,41,0,82,-3.7546080955523307,-3.6240546193512317,1784260968.656969,1784260972.7900999,1784260973.672726,1784260973.231413,0.051189,0.151389,0.25716,0.004285,-0.008643,1,acq,7680,7680,0,6,True,False,1,1200000,8381618,False,-2291051,2114223,0,0,0,0,1
83,formal,up,5,41,1,83,-3.7546080955523307,-3.8851615717534296,1784260981.812868,1784260985.931704,1784260986.804765,1784260986.3682346,0.044649,0.141885,0.241251,0.004338,-0.008838,1,acq,7680,7680,0,6,True,False,1,1200000,8381618,False,-2135480,1977114,0,0,0,0,1
84,formal,up,21,42,0,84,-1.6657524763347515,-1.7963059525358505,1784261013.6360152,1784261017.775664,1784261018.656825,1784261018.2162447,0.751501,0.420329,0.713197,0.000605,-0.00284,1,acq,7680,7680,0,6,True,False,1,1200000,8381618,False,-5927363,5835223,0,0,0,0,1
85,formal,down,21,42,1,85,-1.6657524763347515,-1.5351990001336526,1784261026.797041,1784261030.906862,1784261031.772514,1784261031.339688,0.760014,0.418259,0.710253,0.001581,-0.005178,1,acq,7680,7680,0,6,True,False,1,1200000,8381618,False,-5684310,8388607,0,124,0,125,1
86,formal,down,59,43,0,86,3.2952796193069984,3.4258330955080973,1784261093.0847712,1784261097.200738,1784261098.068884,1784261097.634811,0.94011,-0.393634,-0.666932,-0.009777,0.021282,1,acq,7680,7680,0,6,True,False,1,1200000,8381618,False,-8388608,5742659,522,0,525,0,1
87,formal,up,59,43,1,87,3.2952796193069984,3.1647261431058995,1784261106.23198,1784261110.368055,1784261111.242214,1784261110.8051345,0.95787,-0.39729,-0.673451,0.008071,-0.01436,1,acq,7680,7680,0,6,True,False,1,1200000,8381618,False,-5510616,8388607,0,524,0,526,1
88,formal,up,47,44,0,88,1.728637904893814,1.5980844286927152,1784261136.616736,1784261140.744373,1784261141.629339,1784261141.186856,1.2,-0.18319,-0.312459,-0.004372,0.008989,1,acq,7680,7680,0,6,True,False,1,1200000,8381618,False,-2578734,2820687,0,0,0,0,1
89,formal,down,47,44,1,89,1.728637904893814,1.859191381094913,1784261149.743995,1784261153.877543,1784261154.7544682,1784261154.3160057,1.2,-0.182775,-0.312074,-0.004222,0.009003,1,acq,7680,7680,0,6,True,False,1,1200000,8381618,False,-4182885,2675871,0,0,0,0,1
90,formal,down,33,45,0,90,-0.0991107619215672,0.031442714279531714,1784261178.7107358,1784261182.846581,1784261183.715934,1784261183.2812576,1.2,0.244101,0.416311,-0.003945,0.006456,1,acq,7680,7680,0,6,True,False,1,1200000,8381618,False,-3503098,3598287,0,0,0,0,1
91,formal,up,33,45,1,91,-0.0991107619215672,-0.22966423812266612,1784261191.877376,1784261196.011476,1784261196.883082,1784261196.447279,1.2,0.248646,0.424537,-0.003966,0.00666,1,acq,7680,7680,0,6,True,False,1,1200000,8381618,False,-5579382,3580926,0,0,0,0,1
92,sentinel,up,30,46,0,92,-0.4907711905248635,-0.6213246667259624,1784261209.363492,1784261213.504246,1784261214.378646,1784261213.9414458,1.2,0.321521,0.547704,-0.004594,0.007204,1,acq,7680,7680,0,6,True,False,1,1200000,8381618,False,-5483854,4580154,0,0,0,0,1
93,sentinel,down,30,46,1,93,-0.4907711905248635,-0.3602177143237646,1784261222.492269,1784261226.614343,1784261227.490597,1784261227.05247,1.2,0.322728,0.550718,-0.004701,0.007082,1,acq,7680,7680,0,6,True,False,1,1200000,8381618,False,-4507153,4659083,0,0,0,0,1
94,sentinel,down,50,47,0,94,2.120298333497111,2.2508518096982097,1784261264.540271,1784261268.62173,1784261269.479836,1784261269.0507832,1.2,-0.255373,-0.434883,-0.002377,0.007191,1,acq,7680,7680,0,6,True,False,1,1200000,8381618,False,-8360519,3687548,0,0,0,0,1
95,sentinel,up,50,47,1,95,2.120298333497111,1.989744857296012,1784261277.5296,1784261281.600194,1784261282.466843,1784261282.0335183,1.2,-0.259054,-0.441715,-0.003078,0.006452,1,acq,7680,7680,0,6,True,False,1,1200000,8381618,False,-3555266,5987322,0,0,0,0,1
